site,name,url
gearvn,"Giảm 16 % Laptop ASUS ExpertBook B1 BM1403CDA-S61611W (Ryzen 5-150/ 16GB/ 512GB/ 14"" FHD/ Win 11) Ryzen 5 150 16GB DDR55600 512GB AMD Radeon™ Graphics 14 inch 22.490.000đ - 16 % 18.800.000đ Mua kèm giá ưu đãi: [Laptop] Giảm 1% tối đa 500k cho HSSV khi mua laptop",https://gearvn.com/products/laptop-asus-expertbook-b1-bm1403cda-s61611w
gearvn,"Laptop gaming ASUS V16 V3607VJ-TK189W (Core 5-210H/ RTX 3050 6GB/ 16GB/ 512GB/ 16"" WUXGA 144Hz/ Win 11) 16 GB 512 GB 16 inch WUXGA (1920x1200) 144 Hz 28.990.000đ - 9 % 26.490.000đ Mua kèm giá ưu đãi: [Laptop] Giảm 1% tối đa 500k cho HSSV khi mua laptop",https://gearvn.com/products/laptop-gaming-asus-v16-v3607vj-tk189w-core-5-210h-rtx-3050-6gb-16gb-512gb-16-wuxga-144hz-win-11
gearvn,"Laptop gaming Lenovo LOQ Essential 15ARP10E 83S0000DVN (Ryzen 5 7535HS/ RTX 3050 6GB/ 16GB/ 512GB/ 15.6"" FHD/ Win 11) Ryzen 5 7535HS 16GB DDR54800 512GB NVMe RTX 3050 6GB 15.6 inch 27.690.000đ - 4 % 26.490.000đ Mua kèm giá ưu đãi: [Laptop] Giảm 1% tối đa 500k cho HSSV khi mua laptop",https://gearvn.com/products/laptop-gaming-lenovo-loq-essential-15arp10e-83s0000dvn
gearvn,"Giảm 16 % Laptop Asus ExpertBook P1403CVA-C5H16-50W (Core 5-210H/ 16GB/ 512GB/ 14"" FHD/ Win 11) Core 5 210H 16GB DDR5 512GB Intel® UHD Graphics 14 inch 27.990.000đ - 16 % 23.390.000đ Mua kèm giá ưu đãi: [Laptop] Giảm 1% tối đa 500k cho HSSV khi mua laptop",https://gearvn.com/products/laptop-asus-expertbook-p1403cva-c5h16-50w
gearvn,"Giảm 13 % Laptop Asus ExpertBook P3 P3406CCAP-U516W (Ultra 5-225H/ 16GB/ 512GB/ 14"" IPS/ Win 11) 30.490.000đ - 13 % 26.390.000đ Mua kèm giá ưu đãi: [Laptop] Giảm 1% tối đa 500k cho HSSV khi mua laptop",https://gearvn.com/products/laptop-asus-expertbook-p3-p3406ccap-u516w-14-ips-60hz-intel-core-ultra-5-225h-16gb-512gb-windows-11
gearvn,"Laptop Dell 15 Pro Essential PV15250 VKVKD (I5-1334U/ 8GB/ 512GB/ 15.6"" FHD/DOS) - Nhập Khẩu Chính Hãng 17.490.000đ - 6 % 16.490.000đ Mua kèm giá ưu đãi: [Laptop] Giảm 1% tối đa 500k cho HSSV khi mua laptop",https://gearvn.com/products/laptop-dell-15-pro-essential-pv15250-vkvkd-i5-1334u-8gb-512gb-15-6-fhd
gearvn,"Laptop gaming Lenovo LOQ 15ARP10E 83S0006RVN (Ryzen 7-7735HS/ RTX 3050 6GB/ 16GB/ 1TB/ 15.6"" FHD/ Win 11) 31.990.000đ - 3 % 30.990.000đ Mua kèm giá ưu đãi: [Laptop] Giảm 1% tối đa 500k cho HSSV khi mua laptop",https://gearvn.com/products/laptop-gaming-lenovo-loq-15arp10e-83s0006rvn-ryzen-7-7735hs-rtx-3050-6gb-16gb-1tb-15-6-fhd-win-11
gearvn,"Giảm 12 % Laptop gaming ASUS ROG Strix G16 G614PM-TS147W (Ryzen 9-8940HX/ RTX 5060 8GB/ 16GB/ 512GB/ 16"" WQXGA 300Hz/ Win 11) Ryzen 9 8940HX 16GB DDR5-5200 512GB NVMe RTX 5060 8GB 16 inch 65.290.000đ - 12 % 57.690.000đ Mua kèm giá ưu đãi: [Laptop] Giảm 1% tối đa 500k cho HSSV khi mua laptop",https://gearvn.com/products/laptop-gaming-asus-rog-strix-g16-g614pm-ts147w
gearvn,"Laptop gaming GIGABYTE A16 CVHI3MY893SH (I7-13620H/ RTX 5060 8GB/ 16GB/ 512GB/ 16"" FHD+ 165Hz/ Win 11) Core i7 13620H 16GB DDR55600 1TB NVMe RTX 5060 8GB 16 inch 38.990.000đ - 5 % 36.990.000đ Mua kèm giá ưu đãi: [Laptop] Giảm 1% tối đa 500k cho HSSV khi mua laptop",https://gearvn.com/products/laptop-gaming-gigabyte-a16-cvhi3my893sh
gearvn,Legion Go,https://gearvn.com/products/may-choi-game-cam-tay-lenovo-legion-go
gearvn,"Laptop gaming Gigabyte A16 CTHH3VN893SH (I5-13420H/ RTX 5050 8GB/ 16GB/ 512GB/ 16"" FHD+/ Win 11) Core i5-13420H 16GB DDR55200 512GB SSD M.2 NVMe RTX 5050 8GB 16 inch 36.990.000đ - 9 % 33.490.000đ Mua kèm giá ưu đãi: [Laptop] Giảm 1% tối đa 500k cho HSSV khi mua laptop",https://gearvn.com/products/laptop-gaming-gigabyte-gaming-a16-cthh3vn893sh
gearvn,"Laptop gaming Lenovo LOQ 15IRX10 83JE01AGVN (I7-13645HX/ RTX 5050 8GB/ 16GB/ 512GB/ 15.6"" FHD/ Win 11) 16GB DDR55600 512GB NVMe 15.6 inch Full HD (1920x1080) 144 Hz 40.990.000đ - 5 % 38.990.000đ Mua kèm giá ưu đãi: [Laptop] Giảm 1% tối đa 500k cho HSSV khi mua laptop",https://gearvn.com/products/laptop-gaming-lenovo-loq-15irx10-83je01agvn
gearvn,"Laptop gaming ASUS TUF Gaming FA401EA-RG041W (Ryzen AI Max+ 392/ 32GB/ 512GB/ 14"" 2.5K/ Win 11) 32 GB 512 GB 14 inch 2K+ (2560x1600) 165 Hz 59.990.000đ Mua kèm giá ưu đãi: [Laptop] Giảm 1% tối đa 500k cho HSSV khi mua laptop",https://gearvn.com/products/laptop-gaming-asus-tuf-gaming-fa401ea-rg041w-ryzen-ai-max-392-32gb-512gb-14-2-5k-win-11
gearvn,"Laptop gaming ASUS TUF Gaming FA401UH-RG001W (Ryzen 7 260/ RTX 5050/ 16GB/ 512GB/ 14"" QHD/ Win 11) 16 GB 512 GB 14 inch 2K+ (2560x1600) 165 Hz 49.990.000đ Mua kèm giá ưu đãi: [Laptop] Giảm 1% tối đa 500k cho HSSV khi mua laptop",https://gearvn.com/products/laptop-gaming-asus-tuf-gaming-fa401uh-rg001w-ryzen-7-260-rtx-5050-16gb-512gb-14-qhd-win-11
gearvn,"Laptop gaming ASUS TUF Gaming FA608UMI-TU162W (Ryzen 7 260/ RTX 5060/ 16GB/ 512GB/ 16"" FHD 144Hz/ Win 11) 16 GB 512 GB 16 inch WUXGA (1920x1200) 144 Hz 51.990.000đ Mua kèm giá ưu đãi: [Laptop] Giảm 1% tối đa 500k cho HSSV khi mua laptop",https://gearvn.com/products/laptop-gaming-asus-tuf-gaming-fa608umi-tu162w-ryzen-7-260-rtx-5060-16gb-512gb-16-fhd-144hz-win-11
gearvn,"Laptop gaming ASUS TUF Gaming FA608UHI-TU121W (Ryzen 7 260/ RTX 5050/ 16GB/ 512GB/ 16"" WUXGA/ Win 11) 16 GB 512 GB 16 inch WUXGA (1920x1200) 144 Hz 48.990.000đ Mua kèm giá ưu đãi: [Laptop] Giảm 1% tối đa 500k cho HSSV khi mua laptop",https://gearvn.com/products/laptop-gaming-asus-tuf-gaming-fa608uhi-tu121w-ryzen-7-260-rtx-5050-16gb-512gb-16-wuxga-win-11
gearvn,"Laptop gaming ASUS TUF Gaming FA401UM-RG049W (Ryzen 7 260/ RTX 5060/ 32GB/ 512GB/ 14"" QHD/ Win 11) 32 GB 512 GB 14 inch 2K+ (2560x1600) 165 Hz 64.990.000đ Mua kèm giá ưu đãi: [Laptop] Giảm 1% tối đa 500k cho HSSV khi mua laptop",https://gearvn.com/products/laptop-gaming-asus-tuf-gaming-fa401um-rg049w-ryzen-7-260-rtx-5060-32gb-512gb-14-qhd-win-11
gearvn,"Laptop gaming ASUS ROG Zephyrus GU606AW-TB052WS (Ultra 9/ RTX 5080/ 32GB/ 1TB/ 16"" 2.5K OLED 240Hz/ Win 11) 139.990.000đ Mua kèm giá ưu đãi: [Laptop] Giảm 1% tối đa 500k cho HSSV khi mua laptop",https://gearvn.com/products/laptop-gaming-asus-rog-zephyrus-gu606aw-tb052ws-ultra-9-rtx-5080-32gb-1tb-16-2-5k-oled-240hz-win-11
gearvn,"Laptop gaming ASUS ROG Zephyrus GU606AW-TB121W (Ultra 9/ RTX 5080/ 32GB/ 1TB/ 16"" 2.5K OLED 240Hz/ Win 11) 32 GB 1 GB 16 inch 2K+ (2560x1600) 240 Hz 124.990.000đ Mua kèm giá ưu đãi: [Laptop] Giảm 1% tối đa 500k cho HSSV khi mua laptop",https://gearvn.com/products/laptop-gaming-asus-rog-zephyrus-gu606aw-tb121w-ultra-9-rtx-5080-32gb-1tb-16-2-5k-oled-240hz-win-11
gearvn,"Laptop gaming ASUS ROG Zephyrus GU606AX-TB042WS (Ultra 9/ RTX 5090/ 64GB/ 2TB/ 16"" 2.5K OLED 240Hz/ Win 11) 64 GB 2 GB 16 inch 2K+ (2560x1600) 240 Hz 169.990.000đ Mua kèm giá ưu đãi: [Laptop] Giảm 1% tối đa 500k cho HSSV khi mua laptop",https://gearvn.com/products/laptop-gaming-asus-rog-zephyrus-gu606ax-tb042ws-ultra-9-rtx-5090-64gb-2tb-16-2-5k-oled-240hz-win-11
gearvn,"Laptop gaming ASUS ROG Zephyrus GU606AR-TB027W (Ultra 9/ RTX 5070 Ti/ 32GB/ 1TB/ 16"" 2.5K OLED 240Hz/ Win 11) 32 GB 1 GB 16 inch 2K+ (2560x1600) 240 Hz 99.990.000đ Mua kèm giá ưu đãi: [Laptop] Giảm 1% tối đa 500k cho HSSV khi mua laptop",https://gearvn.com/products/laptop-gaming-asus-rog-zephyrus-gu606ar-tb027w-ultra-9-rtx-5070-ti-32gb-1tb-16-2-5k-oled-240hz-win-11
gearvn,"Laptop gaming ASUS ROG Zephyrus GU405AR-SY016W (Ultra 9/ RTX 5070 Ti/ 32GB/ 1TB/ 14"" 3K OLED 120Hz/ Win 11) 32 GB 1 GB 14 inch 3K (2880x1800) 120 Hz 96.990.000đ Mua kèm giá ưu đãi: [Laptop] Giảm 1% tối đa 500k cho HSSV khi mua laptop",https://gearvn.com/products/laptop-gaming-asus-rog-zephyrus-gu405ar-sy016w-ultra-9-rtx-5070-ti-32gb-1tb-14-3k-oled-120hz-win-11
gearvn,"Laptop gaming ASUS ROG Zephyrus GU405AW-SY029W (Ultra 9/ RTX 5080/ 32GB/ 1TB/ 14"" 3K OLED 120Hz/ Win 11) 32 GB 1 GB 14 inch 3K (2880x1800) 120 Hz 119.990.000đ Mua kèm giá ưu đãi: [Laptop] Giảm 1% tối đa 500k cho HSSV khi mua laptop",https://gearvn.com/products/laptop-gaming-asus-rog-zephyrus-gu405aw-sy029w-ultra-9-rtx-5080-32gb-1tb-14-3k-oled-120hz-win-11
gearvn,"Laptop gaming ASUS ROG Zephyrus GU605CP-QR141W (Ultra 7-255H/ RTX 5070/ 32GB/ 512GB/ 16"" 2.5K OLED 240Hz/ Win 11) 32 GB 512 GB 16 inch 2K+ (2560x1600) 240 Hz 83.990.000đ Mua kèm giá ưu đãi: [Laptop] Giảm 1% tối đa 500k cho HSSV khi mua laptop",https://gearvn.com/products/laptop-gaming-asus-rog-zephyrus-gu605cp-qr141w-ultra-7-255h-rtx-5070-32gb-512gb-16-2-5k-oled-240hz-win-11
gearvn,"Laptop gaming ASUS ROG Zephyrus GU605CP-QR115W (Ultra 7-255H/ RTX 5070/ 16GB/ 512GB/ 16"" 2.5K OLED 240Hz/ Win 11) 16 GB 512 GB 16 inch 2K+ (2560x1600) 240 Hz 74.990.000đ Mua kèm giá ưu đãi: [Laptop] Giảm 1% tối đa 500k cho HSSV khi mua laptop",https://gearvn.com/products/laptop-gaming-asus-rog-zephyrus-gu605cp-qr115w-ultra-7-255h-rtx-5070-16gb-512gb-16-2-5k-oled-240hz-win-11
gearvn,"Laptop gaming ASUS ROG Strix SCAR G835LXG-TQ473W (Ultra 9-290HX Plus/ RTX 5090/ 64GB/ 2TB/ 18"" QHD Mini LED 240Hz/ Win 11) 179.990.000đ Mua kèm giá ưu đãi: [Laptop] Giảm 1% tối đa 500k cho HSSV khi mua laptop",https://gearvn.com/products/laptop-gaming-asus-rog-strix-scar-g835lxg-tq473w-ultra-9-290hx-plus-rtx-5090-64gb-2tb-18-qhd-mini-led-240hz-win-11
gearvn,"Laptop gaming ASUS ROG Strix G G614PH-RV176W (Ryzen 9/ RTX 5050/ 16GB/ 512GB/ 16"" FHD/ Win 11) 16 GB 512 GB 16 inch WUXGA (1920x1200) 165 Hz 49.990.000đ Mua kèm giá ưu đãi: [Laptop] Giảm 1% tối đa 500k cho HSSV khi mua laptop",https://gearvn.com/products/laptop-gaming-asus-rog-strix-g-g614ph-rv176w-ryzen-9-rtx-5050-16gb-512gb-16-fhd-win-11
gearvn,"Laptop ASUS Zenbook S 14 UX5406AA-SU348W (Ultra 9/ 16GB/ 512GB/ 14"" 3K OLED Touch) 16 GB 512 GB Intel Graphics 14 inch 120 Hz 50.990.000đ Mua kèm giá ưu đãi: [Laptop] Giảm 1% tối đa 500k cho HSSV khi mua laptop",https://gearvn.com/products/laptop-asus-zenbook-s-14-ux5406aa-su348w-ultra-9-16gb-512gb-14-3k-oled-touch
gearvn,"Laptop ASUS Zenbook S 15 UM5606GA-SS441W (Ryzen AI 9 465/ 16GB/ 512GB/ 15"" 3K OLED) 16 GB 512 GB AMD Radeon Graphics 16 inch 120 Hz 49.490.000đ Mua kèm giá ưu đãi: [Laptop] Giảm 1% tối đa 500k cho HSSV khi mua laptop",https://gearvn.com/products/laptop-asus-zenbook-s-15-um5606ga-ss441w-ryzen-ai-9-465-16gb-512gb-15-3k-oled
gearvn,"Laptop ASUS Zenbook Pro Art HN7306EA-LX050W (Ryzen AI Max+ 395/ 32GB/ 1TB/ 13.3"" 3K OLED Touch) 32 GB 1 GB AMD Radeon Graphics 13.3 inch 60 Hz 76.990.000đ Mua kèm giá ưu đãi: [Laptop] Giảm 1% tối đa 500k cho HSSV khi mua laptop",https://gearvn.com/products/laptop-asus-zenbook-pro-art-hn7306ea-lx050w-ryzen-ai-max-395-32gb-1tb-13-3-3k-oled-touch
gearvn,"Laptop ASUS Zenbook Duo 14 UX8407AA-SN439WS (Ultra X7/ 32GB/ 512GB/ 14"" 3K OLED Touch 144Hz) 32 GB 512 GB Intel Arc Graphics 14 inch 144 Hz 82.990.000đ Mua kèm giá ưu đãi: [Laptop] Giảm 1% tối đa 500k cho HSSV khi mua laptop",https://gearvn.com/products/laptop-asus-zenbook-duo-14-ux8407aa-sn439ws-ultra-x7-32gb-512gb-14-3k-oled-touch-144hz
gearvn,"Laptop ASUS Zenbook Duo 14 UX8407AA-SN138WS (Ultra X9/ 32GB/ 1TB/ 14"" 3K OLED Touch 144Hz) 32 GB 1 GB Intel Arc Graphics 14 inch 144 Hz 89.990.000đ Mua kèm giá ưu đãi: [Laptop] Giảm 1% tối đa 500k cho HSSV khi mua laptop",https://gearvn.com/products/laptop-asus-zenbook-duo-14-ux8407aa-sn138ws-ultra-x9-32gb-1tb-14-3k-oled-touch-144hz
gearvn,"Laptop ASUS Zenbook A16 UX3607OA-SQ137WS (Snapdragon X2 Elite Extreme X2E94100/ 24GB/ 512GB/ 16"" 3K OLED/ Win 11) 24 GB 512 GB Qualcomm Adreno GPU 16 inch 120 Hz 58.990.000đ Mua kèm giá ưu đãi: [Laptop] Giảm 1% tối đa 500k cho HSSV khi mua laptop",https://gearvn.com/products/laptop-asus-zenbook-16-ux3607oa-sq137ws-24gb-512gb-16-3k-oled
gearvn,"Laptop ASUS Zenbook A14 UX3407NA-QD254W (Snapdragon X2 Elite X2E-88-100/ 32GB/ 1TB/ 14"" FHD OLED/ Win 11) 32 GB 1 GB Qualcomm Adreno GPU 14 inch 60 Hz 63.990.000đ Mua kèm giá ưu đãi: [Laptop] Giảm 1% tối đa 500k cho HSSV khi mua laptop",https://gearvn.com/products/laptop-asus-zenbook-14-ux3407na-qd254w-32gb-1tb-14-fhd-oled
gearvn,"Laptop ASUS Zenbook 14 UX3407NA-QD132WS (Snapdragon X2 Elite X2E-88-100/ 16GB/ 512GB/ 14"" FHD OLED) 16 GB 512 GB Qualcomm Adreno GPU 14 inch 60 Hz 48.990.000đ Mua kèm giá ưu đãi: [Laptop] Giảm 1% tối đa 500k cho HSSV khi mua laptop",https://gearvn.com/products/laptop-asus-zenbook-14-ux3407na-qd132ws-16gb-512gb-14-fhd-oled
gearvn,"Laptop ASUS Zenbook 14 UX3405CA-ST1531W (Ultra 9/ 16GB/ 512GB/ 14"" 3K OLED) 16 GB 512 GB Intel Arc Graphics 14 inch 120 Hz 42.990.000đ Mua kèm giá ưu đãi: [Laptop] Giảm 1% tối đa 500k cho HSSV khi mua laptop",https://gearvn.com/products/laptop-asus-zenbook-14-ux3405ca-st1531w-ultra-9-16gb-512gb-14-3k-oled
gearvn,"Laptop ASUS Zenbook 14 UX3405CA-ST630W (Ultra 7-255H/ 16GB/ 512GB/ 14"" 3K OLED) 16 GB 512 GB Intel Arc Graphics 14 inch 120 Hz 40.990.000đ Mua kèm giá ưu đãi: [Laptop] Giảm 1% tối đa 500k cho HSSV khi mua laptop",https://gearvn.com/products/laptop-asus-zenbook-14-ux3405ca-st630w-ultra-7-255h-16gb-512gb-14-3k-oled
gearvn,"Laptop ASUS Zenbook 14 UX3405CA-ST1713W (Ultra 5-225H/ 16GB/ 512GB/ 14"" 3K OLED) 16 GB 512 GB Intel Arc Graphics 14 inch 120 Hz 38.990.000đ Mua kèm giá ưu đãi: [Laptop] Giảm 1% tối đa 500k cho HSSV khi mua laptop",https://gearvn.com/products/laptop-asus-zenbook-14-ux3405ca-st1713w-ultra-5-225h-16gb-512gb-14-3k-oled
gearvn,"Laptop ASUS Zenbook 14 UM3406GA-QD075W (Ryzen 7/ 16GB/ 512GB/ 14"" FHD OLED) 39.990.000đ Mua kèm giá ưu đãi: [Laptop] Giảm 1% tối đa 500k cho HSSV khi mua laptop",https://gearvn.com/products/laptop-asus-zenbook-14-um3406ga-qd075w-ryzen-7-16gb-512gb-14-fhd-oled
gearvn,"Laptop ASUS Vivobook S 14 S3407QA-SF043W (QC X126100/ 16GB/ 512GB/ 14"" FHD OLED) 16 GB 512 GB Qualcomm Adreno GPU 14 inch 60 Hz 25.990.000đ Mua kèm giá ưu đãi: [Laptop] Giảm 1% tối đa 500k cho HSSV khi mua laptop",https://gearvn.com/products/laptop-asus-vivobook-s-14-s3407qa-sf043w-qc-x126100-16gb-512gb-14-fhd-oled
gearvn,"Laptop ASUS Vivobook S 16 S3607AA-SH043W (Ultra 7-355/ 16GB/ 512GB/ 16"" FHD OLED) 16 GB 512 GB Intel Arc Graphics 16 inch 60 Hz 40.490.000đ Mua kèm giá ưu đãi: [Laptop] Giảm 1% tối đa 500k cho HSSV khi mua laptop",https://gearvn.com/products/s3607aa-sh043w-nb-s3607-new-vivobook-s-dgw-40-490-000-laptop-asus-vivobook-s-16-s3607aa-sh043w-ultra-7-355-16gb-512gb-16-fhd-oled
gearvn,"Laptop ASUS Vivobook S 14 S3407AA-SF032W (Ultra 7-355/ 16GB/ 512GB/ 14"" FHD OLED) 16 GB 512 GB Intel Graphics 14 inch 60 Hz 40.490.000đ Mua kèm giá ưu đãi: [Laptop] Giảm 1% tối đa 500k cho HSSV khi mua laptop",https://gearvn.com/products/laptop-asus-vivobook-s-14-s3407aa-sf032w-ultra-7-355-16gb-512gb-14-fhd-oled
gearvn,"Laptop ASUS Vivobook S 16 S3607CA-SH080W (Ultra 5-225H/ 16GB/ 512GB/ 16"" FHD OLED) 16 GB 512 GB Intel Arc Graphics 16 inch 60 Hz 35.990.000đ Mua kèm giá ưu đãi: [Laptop] Giảm 1% tối đa 500k cho HSSV khi mua laptop",https://gearvn.com/products/laptop-asus-vivobook-s-16-s3607ca-sh080w-ultra-5-225h-16gb-512gb-16-fhd-oled
gearvn,"Laptop ASUS Vivobook S 16 S3607AA-SH042W (Ultra 5-325/ 16GB/ 512GB/ 16"" FHD OLED) 16 GB 512 GB Intel Arc Graphics 16 inch 60 Hz 37.490.000đ Mua kèm giá ưu đãi: [Laptop] Giảm 1% tối đa 500k cho HSSV khi mua laptop",https://gearvn.com/products/laptop-asus-vivobook-s-16-s3607aa-sh042w-ultra-5-325-16gb-512gb-16-fhd-oled
gearvn,"Laptop ASUS Vivobook S 14 S3407AA-SF945W (Ultra 5-325/ 16GB/ 512GB/ 14"" FHD OLED) 16 GB 512 GB Intel Graphics 14 inch 60 Hz 37.490.000đ Mua kèm giá ưu đãi: [Laptop] Giảm 1% tối đa 500k cho HSSV khi mua laptop",https://gearvn.com/products/laptop-asus-vivobook-s-14-s3407aa-sf945w-ultra-5-325-16gb-512gb-14-fhd-oled
gearvn,"Laptop ASUS Vivobook S 14 S3407VA-LY147W (Core 5-210H/ 16GB/ 512GB/ 14"" FHD IPS) 16 GB 512 GB Intel UHD Graphics 14 inch 60 Hz 34.990.000đ Mua kèm giá ưu đãi: [Laptop] Giảm 1% tối đa 500k cho HSSV khi mua laptop",https://gearvn.com/products/laptop-asus-vivobook-s-14-s3407va-ly147w-core-5-210h-16gb-512gb-14-fhd-ips
gearvn,"Laptop ASUS Vivobook S 14 M3407KA-SF034W (Ryzen AI 5-330/ 16GB/ 512GB/ 14"" FHD OLED) 16 GB 512 GB AMD Radeon Graphics 14 inch 60 Hz 33.990.000đ Mua kèm giá ưu đãi: [Laptop] Giảm 1% tối đa 500k cho HSSV khi mua laptop",https://gearvn.com/products/laptop-asus-vivobook-s-14-m3407ka-sf034w-ryzen-ai-5-330-16gb-512gb-14-fhd-oled
gearvn,"Laptop ASUS Vivobook Flip TP3407AA-SG029W (Ultra 7-355/ 16GB/ 512GB/ 14"" FHD OLED) 16 GB 512 GB Intel Graphics 14 inch 60 Hz 41.990.000đ Mua kèm giá ưu đãi: [Laptop] Giảm 1% tối đa 500k cho HSSV khi mua laptop",https://gearvn.com/products/laptop-asus-vivobook-flip-tp3407aa-sg029w-ultra-7-355-16gb-512gb-14-fhd-oled
gearvn,"Laptop ASUS Vivobook 14 X1504MA-BQ633W (Core 7-350/ 8GB/ 512GB/ 14"" FHD IPS) 30.490.000đ Mua kèm giá ưu đãi: [Laptop] Giảm 1% tối đa 500k cho HSSV khi mua laptop",https://gearvn.com/products/laptop-asus-vivobook-14-x1504ma-bq633w-core-7-350-8gb-512gb-14-fhd-ips
gearvn,"Laptop ASUS Vivobook 15 X1504MA-BQ632W (Core 5-320/ 8GB/ 512GB/ 15"" FHD IPS) 26.990.000đ Mua kèm giá ưu đãi: [Laptop] Giảm 1% tối đa 500k cho HSSV khi mua laptop",https://gearvn.com/products/laptop-asus-vivobook-15-x1504ma-bq632w-core-5-320-8gb-512gb-15-fhd-ips
gearvn,"Laptop ASUS Vivobook 15 X1504VA-BQ165W (Core 5-120U/ 8GB/ 512GB/ 15"" FHD IPS) 20.990.000đ Mua kèm giá ưu đãi: [Laptop] Giảm 1% tối đa 500k cho HSSV khi mua laptop",https://gearvn.com/products/laptop-asus-vivobook-15-x1504va-bq165w-core-5-120u-8gb-512gb-15-fhd-ips
gearvn,"Laptop ASUS Vivobook 14 X1404VA-EB609W (Core 3-100U/ 8GB/ 512GB/ 14"" FHD IPS) 8 GB 512 GB Intel Graphics 14 inch 60 Hz 21.990.000đ Mua kèm giá ưu đãi: [Laptop] Giảm 1% tối đa 500k cho HSSV khi mua laptop",https://gearvn.com/products/laptop-asus-vivobook-14-x1404va-eb609w-core-3-100u-8gb-512gb-14-fhd-ips
gearvn,"Laptop ASUS Vivobook 14 X1404MA-EB027W (Core 3/ 8GB/ 512GB/ 14"" FHD IPS) 8 GB 512 GB Intel Graphics 14 inch 60 Hz 22.990.000đ Mua kèm giá ưu đãi: [Laptop] Giảm 1% tối đa 500k cho HSSV khi mua laptop",https://gearvn.com/products/laptop-asus-vivobook-14-x1404ma-eb027w-core-3-8gb-512gb-14-fhd-ips
gearvn,"Laptop ASUS Vivobook 14 X1407CA-LY203W (Ultra 5-225H/ 16GB/ 512GB/ 14"" FHD IPS) 16 GB 512 GB Intel Graphics 14 inch 60 Hz 33.490.000đ Mua kèm giá ưu đãi: [Laptop] Giảm 1% tối đa 500k cho HSSV khi mua laptop",https://gearvn.com/products/laptop-asus-vivobook-14-x1407ca-ly203w-ultra-5-225h-16gb-512gb-14-fhd-ips
gearvn,"Laptop ASUS Vivobook 14 X1404VA-EB355W (Core 7-150U/ 16GB/ 512GB/ 14"" FHD IPS) 16 GB 512 GB Intel Graphics 14 inch 60 Hz 25.990.000đ Mua kèm giá ưu đãi: [Laptop] Giảm 1% tối đa 500k cho HSSV khi mua laptop",https://gearvn.com/products/laptop-asus-vivobook-14-x1404va-eb355w-core-7-150u-16gb-512gb-14-fhd-ips
gearvn,"Laptop ASUS Vivobook 14 X1404MA-EB220W (Core 7/ 8GB/ 512GB/ 14"" FHD IPS) 30.490.000đ Mua kèm giá ưu đãi: [Laptop] Giảm 1% tối đa 500k cho HSSV khi mua laptop",https://gearvn.com/products/laptop-asus-vivobook-14-x1404ma-eb220w-core-7-8gb-512gb-14-fhd-ips
gearvn,"Laptop ASUS Vivobook 14 X1404MA-EB219W (Core 5/ 8GB/ 512GB/ 14"" FHD IPS) 26.990.000đ Mua kèm giá ưu đãi: [Laptop] Giảm 1% tối đa 500k cho HSSV khi mua laptop",https://gearvn.com/products/laptop-asus-vivobook-14-x1404ma-eb219w-core-5-8gb-512gb-14-fhd-ips
gearvn,"Laptop ASUS Vivobook 14 X1404MA-EB029W (Core 7/ 16GB/ 512GB/ 14"" FHD IPS) 16 GB 512 GB Intel Graphics 14 inch 60 Hz 35.490.000đ Mua kèm giá ưu đãi: [Laptop] Giảm 1% tối đa 500k cho HSSV khi mua laptop",https://gearvn.com/products/laptop-asus-vivobook-14-x1404ma-eb029w-core-7-16gb-512gb-14-fhd-ips
gearvn,"Laptop ASUS Vivobook 16 X1607CA-MB399W (Ultra 7-255H/ 16GB/ 512GB/ 16"" FHD IPS) 36.490.000đ Mua kèm giá ưu đãi: [Laptop] Giảm 1% tối đa 500k cho HSSV khi mua laptop",https://gearvn.com/products/laptop-asus-vivobook-16-x1607ca-mb399w-ultra-7-255h-16gb-512gb-16-fhd-ips
gearvn,"Laptop ASUS Vivobook 16 X1607CA-MB387W (Ultra 5-225H/ 16GB/ 512GB/ 16"" FHD IPS) 16 GB 512 GB Intel Graphics 16 inch 60 Hz 33.490.000đ Mua kèm giá ưu đãi: [Laptop] Giảm 1% tối đa 500k cho HSSV khi mua laptop",https://gearvn.com/products/laptop-asus-vivobook-16-x1607ca-mb387w-ultra-5-225h-16gb-512gb-16-fhd-ips
gearvn,"Giảm 26 % Laptop gaming ASUS TUF Gaming A15 FA506NCG-HN329W (Ryzen 7-8845HS/ RTX 3050 4GB/ 16GB/ 512GB/ 15.6"" FHD 144Hz/ Win 11) 16 GB 512 GB 15.6 inch Full HD (1920x1080) 144 Hz 37.490.000đ - 26 % 27.690.000đ Mua kèm giá ưu đãi: [Laptop] Giảm 1% tối đa 500k cho HSSV khi mua laptop",https://gearvn.com/products/laptop-gaming-asus-tuf-gaming-a15-fa506ncg-hn329w-ryzen-7-8845hs-rtx-3050-4gb-16gb-512gb-15-6-fhd-144hz-win-11
gearvn,"Giảm 12 % Laptop ASUS VivoBook S14 S3407CA-SF913W (Ultra 5-225H/ 16GB/ 512GB/ 14"" WUXGA OLED/ Win 11) 16 GB 512 GB Intel Graphics 14 inch 60 Hz 29.990.000đ - 12 % 26.490.000đ Mua kèm giá ưu đãi: [Laptop] Giảm 1% tối đa 500k cho HSSV khi mua laptop",https://gearvn.com/products/laptop-asus-vivobook-s14-s3407ca-sf913w-ultra-5-225h-16gb-512gb-14-wuxga-oled-win-11
gearvn,"Laptop gaming Lenovo LOQ 15IRH11E 83Y9003WVN (Core 5-205H/ RTX 3050 6GB/ 16GB/ 512GB/ 15.3"" WUXGA 165Hz/ Win 11) 41.990.000đ Mua kèm giá ưu đãi: [Laptop] Giảm 1% tối đa 500k cho HSSV khi mua laptop",https://gearvn.com/products/laptop-gaming-lenovo-loq-15irh11e-83y9003wvn-core-5-205h-rtx-3050-6gb-16gb-512gb-15-3-wuxga-165hz-win-11
gearvn,"Laptop gaming Lenovo LOQ 15IRH11E 83Y9003VVN (Core 5-205H/ RTX 3050 6GB/ 8GB/ 512GB/ 15.3"" WUXGA 165Hz/ Win 11) 36.990.000đ Mua kèm giá ưu đãi: [Laptop] Giảm 1% tối đa 500k cho HSSV khi mua laptop",https://gearvn.com/products/laptop-gaming-lenovo-loq-15irh11e-83y9003vvn-core-5-205h-rtx-3050-6gb-8gb-512gb-15-3-wuxga-165hz-win-11
gearvn,"Laptop Lenovo Yoga Slim 7 Ultra 14IPH11 POLED 83QK009PVN (Ultra X9-378H/ 32GB/ 1TB/ 14"" 2.8K WQXGA POLED Touch/ Win 11) 32 GB 1 GB Intel Graphics 14 inch 120 Hz 70.990.000đ Mua kèm giá ưu đãi: [Laptop] Giảm 1% tối đa 500k cho HSSV khi mua laptop",https://gearvn.com/products/laptop-lenovo-yoga-slim-7-ultra-14iph11-poled-83qk009pvn-ultra-x9-378h-32gb-1tb-14-2-8k-wqxga-poled-touch-win-11
gearvn,"Laptop Lenovo Yoga Slim 7 Ultra 14IPH11 OLED 83QK006GVN (Ultra 7-355/ 32GB/ 1TB/ 14"" 2.8K OLED/ Win 11) 32 GB 1 GB Intel Graphics 14 inch 120 Hz 66.990.000đ Mua kèm giá ưu đãi: [Laptop] Giảm 1% tối đa 500k cho HSSV khi mua laptop",https://gearvn.com/products/laptop-lenovo-yoga-slim-7-ultra-14iph11-oled-83qk006gvn-ultra-7-355-32gb-1tb-14-2-8k-oled-win-11
gearvn,"Laptop Lenovo Yoga Slim 7 Ultra 14IPH11 OLED 83QK0015VN (Ultra 7-355/ 32GB/ 1TB/ 14"" 2.8K OLED/ Win 11) 32 GB 1 GB Intel Graphics 14 inch 120 Hz 64.990.000đ Mua kèm giá ưu đãi: [Laptop] Giảm 1% tối đa 500k cho HSSV khi mua laptop",https://gearvn.com/products/laptop-lenovo-yoga-slim-7-ultra-14iph11-oled-83qk0015vn-ultra-7-355-32gb-1tb-14-2-8k-oled-win-11
gearvn,"Laptop Lenovo Yoga Slim 7 14IPH11 OLED 83QM002FVN (Ultra 7-355/ 32GB/ 1TB/ 14"" WUXGA OLED/ Win 11) 32 GB 1 GB Intel Graphics 14 inch 60 Hz 55.990.000đ Mua kèm giá ưu đãi: [Laptop] Giảm 1% tối đa 500k cho HSSV khi mua laptop",https://gearvn.com/products/laptop-lenovo-yoga-slim-7-14iph11-oled-83qm002fvn-ultra-7-355-32gb-1tb-14-wuxga-oled-win-11
gearvn,"Laptop Lenovo Yoga Slim 7 14IPH11 OLED 83QM002EVN (Ultra 7-355/ 32GB/ 1TB/ 14"" WUXGA OLED/ Win 11) 32 GB 1 GB Intel Graphics 14 inch 60 Hz 55.990.000đ Mua kèm giá ưu đãi: [Laptop] Giảm 1% tối đa 500k cho HSSV khi mua laptop",https://gearvn.com/products/laptop-lenovo-yoga-slim-7-14iph11-oled-83qm002evn-ultra-7-355-32gb-1tb-14-wuxga-oled-win-11
gearvn,"Laptop Lenovo Yoga Slim 7 14IPH11 OLED 83QM0076VN (Ultra 7-355/ 16GB/ 512GB/ 14"" WUXGA OLED/ Win 11) 16 GB 512 GB Intel Graphics 14 inch 60 Hz 42.990.000đ Mua kèm giá ưu đãi: [Laptop] Giảm 1% tối đa 500k cho HSSV khi mua laptop",https://gearvn.com/products/laptop-lenovo-yoga-slim-7-14iph11-oled-83qm0076vn-ultra-7-355-16gb-512gb-14-wuxga-oled-win-11
gearvn,"Laptop Lenovo Yoga Slim 7 14IPH11 OLED 83QM0075VN (Ultra 7-355/ 16GB/ 512GB/ 14"" WUXGA OLED/ Win 11) 42.990.000đ Mua kèm giá ưu đãi: [Laptop] Giảm 1% tối đa 500k cho HSSV khi mua laptop",https://gearvn.com/products/laptop-lenovo-yoga-slim-7-14iph11-oled-83qm0075vn-ultra-7-355-16gb-512gb-14-wuxga-oled-win-11
gearvn,"Laptop Lenovo IdeaPad Slim 5 14AGP11 OLED 83S1006RVN (Ryzen AI 7-445/ 16GB/ 512GB/ 14"" WUXGA OLED/ Win 11) 16 GB 512 GB 14 inch 60 Hz 1.37 kg 32.990.000đ Mua kèm giá ưu đãi: [Laptop] Giảm 1% tối đa 500k cho HSSV khi mua laptop",https://gearvn.com/products/laptop-lenovo-ideapad-slim-5-14agp11-oled-83s1006rvn-ryzen-ai-7-445-16gb-512gb-14-wuxga-oled-win-11
gearvn,"Laptop Lenovo IdeaPad Slim 5 14AKP10 OLED 83HX00F5VN (Ryzen AI 5-330/ 16GB/ 512GB/ 14"" WUXGA OLED/ Win 11) 16 GB 512 GB 14 inch 1.39 kg 34.990.000đ Mua kèm giá ưu đãi: [Laptop] Giảm 1% tối đa 500k cho HSSV khi mua laptop",https://gearvn.com/products/laptop-lenovo-ideapad-slim-5-14akp10-oled-83hx00f5vn-ryzen-ai-5-330-16gb-512gb-14-wuxga-oled-win-11
gearvn,"Laptop Lenovo IdeaPad Slim 5 14AKP10 OLED 83HX00ABVN (Ryzen AI 5-330/ 16GB/ 512GB/ 14"" WUXGA OLED/ Win 11) 16 GB 512 GB 14 inch 1.39 kg 30.990.000đ Mua kèm giá ưu đãi: [Laptop] Giảm 1% tối đa 500k cho HSSV khi mua laptop",https://gearvn.com/products/laptop-lenovo-ideapad-slim-5-14akp10-oled-83hx00abvn-ryzen-ai-5-330-16gb-512gb-14-wuxga-oled-win-11
gearvn,"Laptop Lenovo IdeaPad Slim 3 16AHP10 83KB0060VN (Ryzen 7-155/ 8GB/ 512GB/ 16"" WUXGA/ Win 11) 27.990.000đ Mua kèm giá ưu đãi: [Laptop] Giảm 1% tối đa 500k cho HSSV khi mua laptop",https://gearvn.com/products/laptop-lenovo-ideapad-slim-3-16ahp10-83kb0060vn-ryzen-7-155-8gb-512gb-16-wuxga-win-11
gearvn,"Laptop Lenovo IdeaPad Slim 3 16AHP10 83KB005YVN (Ryzen 5-125/ 8GB/ 512GB/ 16"" WUXGA/ Win 11) 25.990.000đ Mua kèm giá ưu đãi: [Laptop] Giảm 1% tối đa 500k cho HSSV khi mua laptop",https://gearvn.com/products/laptop-lenovo-ideapad-slim-3-16ahp10-83kb005yvn-ryzen-5-125-8gb-512gb-16-wuxga-win-11
gearvn,"Laptop Lenovo IdeaPad Slim 3 14IWC11 83RQ00DBVN (Core 3-304/ 8GB/ 512GB/ 14"" WUXGA/ Win 11) 8 GB 512 GB Intel Graphics 14 inch 1.39 kg 24.990.000đ Mua kèm giá ưu đãi: [Laptop] Giảm 1% tối đa 500k cho HSSV khi mua laptop",https://gearvn.com/products/laptop-lenovo-ideapad-slim-3-14iwc11-83rq00dbvn-core-3-304-8gb-512gb-14-wuxga-win-11
gearvn,"Laptop GIGABYTE AORUS Master 16 6XJM4VNE64SH (Ryzen 9 9955HX3D/ RTX 5070 Ti 12GB/ 32GB/ 1TB/ 16"" QHD+ OLED 240Hz/ Win 11) 84.990.000đ Mua kèm giá ưu đãi: [Laptop] Giảm 1% tối đa 500k cho HSSV khi mua laptop",https://gearvn.com/products/laptop-gigabyte-aorus-master-16-6xjm4vne64sh-ryzen-9-9955hx3d-rtx-5070-ti-12gb-32gb-1tb-16-qhd-oled-240hz-win-11
gearvn,"Laptop GIGABYTE AERO X16 4WHN3VNC93AH (Ryzen AI 9 465/ RTX 5070 8GB/ 16GB/ 512GB/ 16"" QHD+ 165Hz/ Win 11) 54.990.000đ Mua kèm giá ưu đãi: [Laptop] Giảm 1% tối đa 500k cho HSSV khi mua laptop",https://gearvn.com/products/laptop-gigabyte-aero-x16-4whn3vnc93ah-ryzen-ai-9-465-rtx-5070-8gb-16gb-512gb-16-qhd-165hz-win-11
gearvn,"Laptop Acer Swift Air 14 SFA14-I31-34NF (Core 3-304/ 12GB/ 512GB/ 14"" FHD+ IPS 120Hz/ Win 11) 21.990.000đ Mua kèm giá ưu đãi: [Laptop] Giảm 1% tối đa 500k cho HSSV khi mua laptop",https://gearvn.com/products/laptop-acer-swift-air-14-sfa14-i31-34nf-core-3-304-12gb-512gb-14-fhd-ips-120hz-win-11
gearvn,"Laptop GIGABYTE Gaming A16 EVHS3VN893SH (Ultra 9-185H/ RTX 5060 8GB/ 16GB/ 512GB/ 16"" FHD+ 165Hz/ Win 11) 16 GB 512 GB 16 inch WUXGA (1920x1200) 165 Hz 40.990.000đ - 2 % 39.990.000đ Mua kèm giá ưu đãi: [Laptop] Giảm 1% tối đa 500k cho HSSV khi mua laptop",https://gearvn.com/products/laptop-gigabyte-gaming-a16-evhs3vn893sh-ultra-9-185h-rtx-5060-8gb-16gb-512gb-16-fhd-165hz-win-11
gearvn,"Giảm 11 % Laptop Asus Vivobook 14 X1404V (Core 5-120U/ 8GB/ 256GB/ 14"" FHD/ Win 11) 16 GB 256 GB Intel UHD Graphics 14 inch 60 Hz 18.990.000đ - 11 % 16.990.000đ Mua kèm giá ưu đãi: [Laptop] Giảm 1% tối đa 500k cho HSSV khi mua laptop",https://gearvn.com/products/laptop-asus-vivobook-14-x1404v-core-5-120u-8gb-256gb-14-fhd-win-11
gearvn,"Laptop Asus Vivobook 16 X1605VA-MB1826W (I3-1315U/ 8GB/ 512GB/ 16"" WUXGA/ Win 11) 8 GB 512 GB Intel UHD Graphics 16 inch 60 Hz 15.990.000đ - 4 % 15.390.000đ Mua kèm giá ưu đãi: [Laptop] Giảm 1% tối đa 500k cho HSSV khi mua laptop",https://gearvn.com/products/laptop-asus-vivobook-16-x1605va-mb1826w-i3-1315u-8gb-512gb-16-wuxga-win-11
gearvn,"Laptop gaming ASUS TUF Gaming A16 FA607NUQ-RL007W (Ryzen 7-170/ RTX 4050 6GB/ 16GB/ 512GB/ 16"" FHD 144Hz/ Win 11) 16 GB 512 GB 16 inch WUXGA (1920x1200) 144 Hz 39.990.000đ - 4 % 38.490.000đ Mua kèm giá ưu đãi: [Laptop] Giảm 1% tối đa 500k cho HSSV khi mua laptop",https://gearvn.com/products/laptop-gaming-asus-tuf-gaming-a16-fa607nuq-rl007w-ryzen-7-170-rtx-4050-6gb-16gb-512gb-16-fhd-144hz-win-11
gearvn,"Giảm 28 % Laptop Asus Vivobook Go 14 E1404FA-EB935W (Ryzen 5-7430U/ 16GB/ 512GB/ 14"" FHD/ Win 11) 28.490.000đ - 28 % 20.490.000đ Mua kèm giá ưu đãi: [Laptop] Giảm 1% tối đa 500k cho HSSV khi mua laptop",https://gearvn.com/products/laptop-asus-vivobook-go-14-e1404fa-eb935w-ryzen-5-7430u-16gb-512gb-14-fhd-win-11
gearvn,"Laptop Asus VivoBook 14 X1407AA-LY360W (Ultra 5-325/ 16GB/ 512GB/ 14"" WUXGA/ Win 11) 16 GB 512 GB Intel Graphics 14 inch 60 Hz 26.990.000đ - 2 % 26.490.000đ Mua kèm giá ưu đãi: [Laptop] Giảm 1% tối đa 500k cho HSSV khi mua laptop",https://gearvn.com/products/laptop-asus-vivobook-14-x1407aa-ly360w-ultra-5-325-16gb-512gb-14-wuxga-win-11
gearvn,"Laptop Dell Vostro 3530 2H1TPI7 (I7-1355U/ 8GB/ 512GB/ 15.6"" FHD/DOS) - Nhập Khẩu Chính Hãng 20.990.000đ - 10 % 18.990.000đ Mua kèm giá ưu đãi: [Laptop] Giảm 1% tối đa 500k cho HSSV khi mua laptop",https://gearvn.com/products/laptop-dell-vostro-3530-2h1tpi7-i7-1355u-8gb-512gb-15-6-fhd
gearvn,"Laptop Dell DC15250-5434BLK M4CFY (I5-1334U/ 8GB/ 512GB/ 15.6"" FHD Touch/ Win 11) - Nhập Khẩu Chính Hãng 17.990.000đ - 4 % 17.190.000đ Mua kèm giá ưu đãi: [Laptop] Giảm 1% tối đa 500k cho HSSV khi mua laptop",https://gearvn.com/products/laptop-dell-dc15250-5434blk-m4cfy-i5-1334u-8gb-512gb-15-6-fhd-touch-win-11
gearvn,"Laptop Dell 16 DC16251 LDC16251-7537CLD-PUS (Core 7-150U/ 16GB/ 1TB/ 16"" FHD+ Touch/ Win 11) - Nhập Khẩu Chính Hãng 29.990.000đ - 10 % 26.990.000đ Mua kèm giá ưu đãi: [Laptop] Giảm 1% tối đa 500k cho HSSV khi mua laptop",https://gearvn.com/products/laptop-dell-16-dc16251-ldc16251-7537cld-pus-core-7-150u-16gb-1tb-16-fhd-touch-win-11
gearvn,"Laptop Dell DC15250-7982BLK H5YXJ (I7-1355U/ 16GB/ 1TB/ 15.6"" FHD Touch/ Win 11) - Nhập Khẩu Chính Hãng 16 GB 1 GB Intel UHD Graphics 15.6 inch 60 Hz 23.990.000đ - 4 % 22.990.000đ Mua kèm giá ưu đãi: [Laptop] Giảm 1% tối đa 500k cho HSSV khi mua laptop",https://gearvn.com/products/laptop-dell-dc15250-7982blk-h5yxj-i7-1355u-16gb-1tb-15-6-fhd-touch-win-11
gearvn,"Laptop Dell 16 DC16251 (I5-120U/ 8GB/ 512GB/ 16"" FHD+ Touch/ Win 11) - Nhập Khẩu Chính Hãng 8 GB 512 GB Intel Graphics 16 inch 60 Hz 19.990.000đ - 8 % 18.390.000đ Mua kèm giá ưu đãi: [Laptop] Giảm 1% tối đa 500k cho HSSV khi mua laptop",https://gearvn.com/products/laptop-dell-16-dc16251-i5-120u-8gb-512gb-16-fhd-touch-win-11
gearvn,"Laptop Dell 15 Pro Essential PV15250 VKVKD (I3-100U/ 8GB/ 512GB/ 15.6"" FHD 120Hz/DOS) - Nhập Khẩu Chính Hãng 14.990.000đ - 4 % 14.390.000đ Mua kèm giá ưu đãi: [Laptop] Giảm 1% tối đa 500k cho HSSV khi mua laptop",https://gearvn.com/products/laptop-dell-15-pro-essential-pv15250-vkvkd-i3-100u-8gb-512gb-15-6-fhd-120hz
gearvn,"Laptop HP ProBook 450 G10 B73TPAT (I5-1334U/ 16GB/ 512GB/ 15.6"" FHD/ Win 11) 16 GB 512 GB 15.6 inch 60 Hz 1.78 kg 24.990.000đ - 4 % 23.990.000đ Mua kèm giá ưu đãi: [Laptop] Giảm 1% tối đa 500k cho HSSV khi mua laptop",https://gearvn.com/products/laptop-hp-probook-450-g10-b73tpat-i5-1334u-16gb-512gb-15-6-fhd-win-11
gearvn,"Laptop HP 15-fd1289TU C2CV8PA (Ultra 7-155H/ 16GB/ 512GB/ 15.6"" FHD IPS/ Win 11) 16 GB 512 GB Intel Arc Graphics 15.6 inch 1.65 kg 25.990.000đ - 4 % 24.990.000đ Mua kèm giá ưu đãi: [Laptop] Giảm 1% tối đa 500k cho HSSV khi mua laptop",https://gearvn.com/products/laptop-hp-15-fd1289tu-c2cv8pa-ultra-7-155h-16gb-512gb-15-6-fhd-ips-win-11
gearvn,"Laptop HP 250 G10 A06FDPT (I7-1355U/ 8GB/ 512GB/ 15.6"" FHD/ Win 11) 25.590.000đ - 8 % 23.490.000đ Mua kèm giá ưu đãi: [Laptop] Giảm 1% tối đa 500k cho HSSV khi mua laptop",https://gearvn.com/products/laptop-hp-250-g10-a06fdpt-i7-1355u-8gb-512gb-15-6-fhd-win-11
gearvn,"Laptop gaming Acer Predator Helios Neo 16 PHN16-I31-91K5 (I9-14900HX/ RTX 5070 8GB/ 32GB/ 1TB/ 16"" 2K+ IPS 180Hz/ Win 11) 89.990.000đ Tặng Ghế Acer Predator Gaming PGC331 Black + 1",https://gearvn.com/products/laptop-gaming-acer-predator-helios-neo-16-phn16-i31-91k5-i9-14900hx-rtx-5070-8gb-32gb-1tb-16-2k-ips-180hz-win-11
gearvn,"Laptop gaming Acer Predator Helios Neo 16 AI PHN16-I71-9779 (Ultra 9-290HX/ RTX 5070 8GB/ 64GB/ 2TB/ 16"" 2K+ IPS 180Hz/ Win 11) 109.990.000đ Tặng Ghế Acer Predator Gaming PGC331 Black + 1",https://gearvn.com/products/laptop-gaming-acer-predator-helios-neo-16-ai-phn16-i71-9779-ultra-9-290hx-rtx-5070-8gb-64gb-2tb-16-2k-ips-180hz-win-11
gearvn,"Laptop Asus ExpertBook P5 P5405CSA-NZ0450WS (Ultra 5-226V/ 16GB/ 512GB/ 14"" WQXGA/ Win 11) 16 GB 512 GB Intel Arc 130V GPU 14 inch 144 Hz 31.990.000đ - 7 % 29.790.000đ Mua kèm giá ưu đãi: [Laptop] Giảm 1% tối đa 500k cho HSSV khi mua laptop",https://gearvn.com/products/laptop-asus-expertbook-p5-p5405csa-nz0450ws-ultra-5-226v-16gb-512gb-14-wqxga-win-11
gearvn,"Laptop Asus ExpertBook P5 P5405CSA-NZ0442WS (Ultra 7-258V/ 32GB/ 1TB/ 14"" WQXGA/ Win 11) 32 GB 1 GB Intel Arc 140V GPU 14 inch 144 Hz 39.990.000đ - 7 % 37.190.000đ Mua kèm giá ưu đãi: [Laptop] Giảm 1% tối đa 500k cho HSSV khi mua laptop",https://gearvn.com/products/laptop-asus-expertbook-p5-p5405csa-nz0442ws-ultra-7-258v-32gb-1tb-14-wqxga-win-11
gearvn,"Laptop Asus ExpertBook P5 P5405CSA-NZ0017W (Ultra 7-258V/ 32GB/ 1TB/ 14"" WQXGA/ Win 11) 32 GB 1 GB Intel Arc 140V GPU 14 inch 2K+ (2560x1600) 38.990.000đ - 7 % 36.290.000đ Mua kèm giá ưu đãi: [Laptop] Giảm 1% tối đa 500k cho HSSV khi mua laptop",https://gearvn.com/products/laptop-asus-expertbook-p5-p5405csa-nz0017w-ultra-7-258v-32gb-1tb-14-wqxga-win-11
gearvn,"Laptop Asus ExpertBook P5 P5405CSA-NZ0016W (Ultra 5-226V/ 16GB/ 512GB/ 14"" WQXGA/ Win 11) 30.990.000đ - 7 % 28.790.000đ Mua kèm giá ưu đãi: [Laptop] Giảm 1% tối đa 500k cho HSSV khi mua laptop",https://gearvn.com/products/laptop-asus-expertbook-p5-p5405csa-nz0016w-ultra-5-226v-16gb-512gb-14-wqxga-win-11
gearvn,"Laptop Asus ExpertBook P5 G2 P5405CAA-NZ0223W (Ultra 7-356H/ 16GB/ 512GB/ 14"" WQXGA/ Win 11) 41.990.000đ - 7 % 39.190.000đ Mua kèm giá ưu đãi: [Laptop] Giảm 1% tối đa 500k cho HSSV khi mua laptop",https://gearvn.com/products/laptop-asus-expertbook-p5-g2-p5405caa-nz0223w-ultra-7-356h-16gb-512gb-14-wqxga-win-11
gearvn,"Giảm 13 % Laptop Asus ExpertBook P3 G1 P3406CCAP-U716S8W (Ultra 7-255H/ 16GB/ 512GB/ 14"" WUXGA/ Win 11) 34.990.000đ - 13 % 30.590.000đ Mua kèm giá ưu đãi: [Laptop] Giảm 1% tối đa 500k cho HSSV khi mua laptop",https://gearvn.com/products/laptop-asus-expertbook-p3-g1-p3406ccap-u716s8w-ultra-7-255h-16gb-512gb-14-wuxga-win-11
gearvn,"Giảm 12 % Laptop Asus ExpertBook P3 G1 P3406CCAP-U516S8W (Ultra 5-225H/ 16GB/ 512GB/ 14"" WUXGA/ Win 11) 16 GB 512 GB Intel Graphics 14 inch 60 Hz 29.990.000đ - 12 % 26.390.000đ Mua kèm giá ưu đãi: [Laptop] Giảm 1% tối đa 500k cho HSSV khi mua laptop",https://gearvn.com/products/laptop-asus-expertbook-p3-g1-p3406ccap-u516s8w-ultra-5-225h-16gb-512gb-14-wuxga-win-11
gearvn,"Laptop Asus ExpertBook P1 P1503CVA-C5H16-63WS (Core 5-210H/ 16GB/ 512GB/ 15.6"" FHD/ Win 11) 16 GB 512 GB Intel Graphics 15.6 inch 60 Hz 26.990.000đ - 10 % 24.290.000đ Mua kèm giá ưu đãi: [Laptop] Giảm 1% tối đa 500k cho HSSV khi mua laptop",https://gearvn.com/products/laptop-asus-expertbook-p1-p1503cva-c5h16-63ws-core-5-210h-16gb-512gb-15-6-fhd-win-11
gearvn,"Laptop Asus ExpertBook P1 P1403CVA-C7H16-50W (Core 7-240H/ 16GB/ 512GB/ 14"" FHD/ Win 11) 30.990.000đ - 6 % 28.990.000đ Mua kèm giá ưu đãi: [Laptop] Giảm 1% tối đa 500k cho HSSV khi mua laptop",https://gearvn.com/products/laptop-asus-expertbook-p1-p1403cva-c7h16-50w-core-7-240h-16gb-512gb-14-fhd-win-11
gearvn,"Laptop Asus ExpertBook P1 P1403CVA-C5H16-63WS (Core 5-210H/ 16GB/ 512GB/ 14"" FHD/ Win 11) 16 GB 512 GB Intel Graphics 14 inch 60 Hz 26.990.000đ - 10 % 24.290.000đ Mua kèm giá ưu đãi: [Laptop] Giảm 1% tối đa 500k cho HSSV khi mua laptop",https://gearvn.com/products/laptop-asus-expertbook-p1-p1403cva-c5h16-63ws-core-5-210h-16gb-512gb-14-fhd-win-11
gearvn,"Laptop gaming MSI Cyborg 15 Max C13WE-422VN (I7-13620H/ RTX 5050 8GB/ 16GB/ 512GB/ 15.6"" FHD IPS 144Hz/ Win 11) 16 GB 512 GB 15.6 inch Full HD (1920x1080) 144 Hz 42.990.000đ Mua kèm giá ưu đãi: [Laptop] Giảm 1% tối đa 500k cho HSSV khi mua laptop",https://gearvn.com/products/laptop-gaming-msi-cyborg-15-max-c13we-422vn-i7-13620h-rtx-5050-8gb-16gb-512gb-15-6-fhd-ips-144hz-win-11
gearvn,"Laptop gaming MSI Cyborg 15 Max C13VF-421VN (I7-13620H/ RTX 5060 8GB/ 16GB/ 512GB/ 15.6"" FHD IPS 144Hz/ Win 11) 44.990.000đ Mua kèm giá ưu đãi: [Laptop] Giảm 1% tối đa 500k cho HSSV khi mua laptop",https://gearvn.com/products/laptop-gaming-msi-cyborg-15-max-c13vf-421vn-i7-13620h-rtx-5060-8gb-16gb-512gb-15-6-fhd-ips-144hz-win-11
gearvn,"Laptop gaming Gigabyte Eagle GL6J EAGLE-9MJR2VNF93SH (Ryzen 5 7533HS/ RTX 4050 6GB/ 16GB/ 512GB/ 16"" FHD+/ Win 11) 34.490.000đ - 3 % 33.490.000đ Mua kèm giá ưu đãi: [Laptop] Giảm 1% tối đa 500k cho HSSV khi mua laptop",https://gearvn.com/products/laptop-gaming-gigabyte-eagle-gl6j-eagle-9mjr2vnf93sh-ryzen-5-7533hs-rtx-4050-6gb-16gb-512gb-16-fhd-win-11
gearvn,"Laptop gaming Gigabyte Eagle GL6J EAGLE-9LJR2VNF93SH (Ryzen 5 7533HS/ RTX 3050 6GB/ 16GB/ 512GB/ 16"" FHD+/ Win 11) 16 GB 512 GB 16 inch WUXGA (1920x1200) 165 Hz 30.990.000đ - 3 % 29.990.000đ Mua kèm giá ưu đãi: [Laptop] Giảm 1% tối đa 500k cho HSSV khi mua laptop",https://gearvn.com/products/laptop-gaming-gigabyte-eagle-gl6j-eagle-9ljr2vnf93sh-ryzen-5-7533hs-rtx-3050-6gb-16gb-512gb-16-fhd-win-11
gearvn,"Laptop gaming Acer Predator Helios 18 AI PH18-I71-975R (Ultra 9-290HX/ RTX 5090 24GB/ 64GB/ 3TB/ 18"" 4K+ Mini LED 120Hz) 249.900.000đ Tặng Ghế Acer Predator Gaming PGC331 Black + 1",https://gearvn.com/products/laptop-gaming-acer-predator-helios-18-ai-ph18-i71-975r-ultra-9-290hx-rtx-5090-24gb-64gb-3tb-18-4k-mini-led-120hz
gearvn,"Laptop gaming Acer Predator Helios 18 AI PH18-I71-91UX (Ultra 9-290HX/ RTX 5080 16GB/ 16GB/ 3TB/ 18"" 2K+ Mini LED 250Hz) 179.990.000đ Tặng Ghế Acer Predator Gaming PGC331 Black + 1",https://gearvn.com/products/laptop-gaming-acer-predator-helios-18-ai-ph18-i71-91ux-ultra-9-290hx-rtx-5080-16gb-16gb-3tb-18-2k-mini-led-250hz
gearvn,"Laptop gaming Acer Predator Helios Neo 16 AI PHN16-I71-97VK (Ultra 9-290HX/ RTX 5080 16GB/ 16GB/ 512GB/ 16"" 2K+ IPS 240Hz) 99.990.000đ Tặng Ghế Acer Predator Gaming PGC331 Black + 1",https://gearvn.com/products/laptop-gaming-acer-predator-helios-neo-16-ai-phn16-i71-97vk-ultra-9-290hx-rtx-5080-16gb-16gb-512gb-16-2k-ips-240hz
gearvn,"Laptop MSI Prestige 14 Flip AI+ Vincent van Gogh Edition - Starry Night Over the Rhône-260VN (Ultra 9-378H/ 32GB/ 1TB/ 14.0"" FHD+ OLED/ Win 11) 59.990.000đ Mua kèm giá ưu đãi: [Laptop] Giảm 1% tối đa 500k cho HSSV khi mua laptop",https://gearvn.com/products/laptop-msi-prestige-14-flip-ai-vincent-van-gogh-edition-starry-night-over-the-rhone-260vn-ultra-9-378h-32gb-1tb-14-0-fhd-oled-win-11
gearvn,"Laptop MSI Prestige 14 Flip AI+ Vincent van Gogh Edition - The Starry Night-259VN (Ultra 9-378H/ 32GB/ 1TB/ 14.0"" FHD+ OLED/ Win 11) 59.990.000đ Mua kèm giá ưu đãi: [Laptop] Giảm 1% tối đa 500k cho HSSV khi mua laptop",https://gearvn.com/products/laptop-msi-prestige-14-flip-ai-vincent-van-gogh-edition-the-starry-night-259vn-ultra-9-378h-32gb-1tb-14-0-fhd-oled-win-11
gearvn,"Laptop gaming MSI Cyborg 15 Black Edition A13VEO-2610VN (I5-13420H/ RTX 4050 6GB/ 16GB/ 512GB/ 15.6"" FHD/ Win 11) 31.990.000đ Mua kèm giá ưu đãi: [Laptop] Giảm 1% tối đa 500k cho HSSV khi mua laptop",https://gearvn.com/products/laptop-gaming-msi-cyborg-15-black-edition-a13veo-2610vn-i5-13420h-rtx-4050-6gb-16gb-512gb-15-6-fhd-win-11
gearvn,"Laptop gaming MSI Cyborg 15 Black Edition A13VEO-2608VN (I7-13620H/ RTX 4050 6GB/ 16GB/ 512GB/ 15.6"" FHD/ Win 11) 33.990.000đ Mua kèm giá ưu đãi: [Laptop] Giảm 1% tối đa 500k cho HSSV khi mua laptop",https://gearvn.com/products/laptop-gaming-msi-cyborg-15-black-edition-a13veo-2608vn-i7-13620h-rtx-4050-6gb-16gb-512gb-15-6-fhd-win-11
gearvn,"Laptop gaming MSI Cyborg 15 C13WEO-418VN (I5-13420H/ RTX 5050 8GB/ 16GB/ 512GB/ 15.6"" FHD/ Win 11) 35.990.000đ - 3 % 34.990.000đ Mua kèm giá ưu đãi: [Laptop] Giảm 1% tối đa 500k cho HSSV khi mua laptop",https://gearvn.com/products/laptop-gaming-msi-cyborg-15-c13weo-418vn-i5-13420h-rtx-5050-8gb-16gb-512gb-15-6-fhd-win-11
gearvn,"Laptop LG Grambook 15U50U-G.AV55A5 (Ultra 5-115U/ 16GB/ 512GB/ 15.6"" FHD/ Win 11) Core Ultra 5 115U 16GB DDR55600 512GB Intel Graphics 15.6 inch 24.990.000đ - 4 % 23.990.000đ Mua kèm giá ưu đãi: [Laptop] Giảm 1% tối đa 500k cho HSSV khi mua laptop",https://gearvn.com/products/laptop-lg-grambook-15u50u-g-av55a5-ultra-5-115u-16gb-512gb-15-6-fhd-win-11
gearvn,"Laptop LG Gram 14Z90U-G.AN55A5 (Ultra 5-325/ 16GB/ 512GB/ 14.0"" FHD/ Win 11) Core Ultra 5 325 16GB DDR5 512GB Intel Graphics 14 inch 34.900.000đ - 3 % 33.900.000đ Mua kèm giá ưu đãi: [Laptop] Giảm 1% tối đa 500k cho HSSV khi mua laptop",https://gearvn.com/products/laptop-lg-gram-14z90u-g-an55a5-ultra-5-325-16gb-512gb-14-0-fhd-win-11
gearvn,"Laptop LG Gram Pro 16Z90U-G.AN55A5 (Ultra 5-325/ 16GB/ 512GB/ 16.0"" WQXGA/ Win 11) 37.900.000đ - 3 % 36.900.000đ Mua kèm giá ưu đãi: [Laptop] Giảm 1% tối đa 500k cho HSSV khi mua laptop",https://gearvn.com/products/laptop-lg-gram-pro-16z90u-g-an55a5-ultra-5-325-16gb-512gb-16-0-wqxga-win-11
gearvn,"Laptop LG Gram Pro 16Z90U-G.AV85A5 (Ultra 7-355/ 32GB/ 512GB/ Intel Graphics/ 16.0"" WQXGA/ Win 11) 46.490.000đ - 3 % 44.900.000đ Mua kèm giá ưu đãi: [Laptop] Giảm 1% tối đa 500k cho HSSV khi mua laptop",https://gearvn.com/products/laptop-lg-gram-pro-16z90u-g-av85a5-ultra-7-355-32gb-512gb-intel-graphics-16-0-wqxga-win-11
gearvn,"Laptop MSI Modern 16S G3MG-016VN (Core 7 350/ 16GB/ 1TB/ 16"" FHD/ Win 11) Intel Core 7 350 16GB DDR5 1TB Intel Arc Graphics 16 inch 34.990.000đ - 3 % 33.990.000đ Mua kèm giá ưu đãi: [Laptop] Giảm 1% tối đa 500k cho HSSV khi mua laptop",https://gearvn.com/products/laptop-msi-modern-16s-g3mg-016vn-core-7-350-16gb-1tb-16-fhd-win-11
gearvn,"Laptop MSI Modern 16S AI+ G3MG-058VN (Core Ultra 7 355/ 16GB/ 1TB/ 16"" FHD OLED/ Win 11) Core Ultra 7 355 32GB DDR5 1TB Intel Arc Graphics 16 inch 44.990.000đ - 2 % 43.990.000đ Mua kèm giá ưu đãi: [Laptop] Giảm 1% tối đa 500k cho HSSV khi mua laptop",https://gearvn.com/products/laptop-msi-modern-16s-ai-g3mg-058vn-core-ultra-7-355-16gb-1tb-16-fhd-oled-win-11
gearvn,Laptop MSI Modern 15 F1MG-1225VN (CORE 5-120U/ 16GB /512GB / 15.6 FHD/ WIN11) Core 5 120U 16GB DDR43200 512GB Intel UHD Graphics 15.6 inch 22.690.000đ - 2 % 22.190.000đ Mua kèm giá ưu đãi: [Laptop] Giảm 1% tối đa 500k cho HSSV khi mua laptop,https://gearvn.com/products/laptop-msi-modern-15-f1mg-1225vn-core-5-120u-16gb-512gb-15-6-fhd-win11
gearvn,"Giảm 15 % Laptop Asus ExpertBook P3 P3406CCAP-U716W (Ultra 7-255H/ 16GB/ 512GB/ 14.0"" IPS/ Win 11) 35.990.000đ - 15 % 30.690.000đ Mua kèm giá ưu đãi: [Laptop] Giảm 1% tối đa 500k cho HSSV khi mua laptop",https://gearvn.com/products/laptop-asus-expertbook-p3-p3406ccap-u716w-14-ips-60hz-intel-core-ultra-7-255h-16gb-512gb-windows-11
gearvn,"Laptop MSI Modern 14 H1M-014VN (Core 7 150U/ 16GB/ 512GB/ UMA/ 14"" FHD/ Win11) 25.990.000đ - 2 % 25.490.000đ Mua kèm giá ưu đãi: [Laptop] Giảm 1% tối đa 500k cho HSSV khi mua laptop",https://gearvn.com/products/laptop-msi-modern-14-h1m-014vn-core-7-150u-16gb-512gb-uma-14-fhd-win11
gearvn,"Laptop gaming MSI Cyborg 15 C13WEO-417VN (I7-13620H/ RTX 5050/ 16GB/ 512GB/ 15.6"" FHD/ Win11) 37.990.000đ - 3 % 36.990.000đ Mua kèm giá ưu đãi: [Laptop] Giảm 1% tối đa 500k cho HSSV khi mua laptop",https://gearvn.com/products/laptop-msi-cyborg-15-c13weo-417vn-i7-13620h-16gb-512gb-rtx-5050-15-6-fhd-144hz-win11
gearvn,"Laptop MSI Crosshair 16 HX E14WEK-076VN (I9-14900HX/ 32GB/ 1TB/ RTX 5050/ 16"" QHD+ 240Hz/ Win11) 62.990.000đ - 2 % 61.990.000đ Mua kèm giá ưu đãi: [Laptop] Giảm 1% tối đa 500k cho HSSV khi mua laptop",https://gearvn.com/products/laptop-msi-crosshair-16-hx-e14wek-076vn-i9-14900hx-32gb-1tb-rtx-5050-16-qhd-240hz-win11
gearvn,"Laptop gaming MSI Stealth 16 AI+ B3WGX-051VN (Ultra 9-386H/ RTX 5070 12GB/ 32GB/ 1TB/ 16"" 2K+ OLED 240Hz/ Win 11) 32GB DDR57200 1TB NVMe RTX 5070 8GB 16 inch 2K+ (2560x1600) 87.990.000đ - 1 % 86.990.000đ Mua kèm giá ưu đãi: [Laptop] Giảm 1% tối đa 500k cho HSSV khi mua laptop",https://gearvn.com/products/laptop-msi-stealth-16-ai-b3wgx-051vn-core-ultra-9-386h-32gb-1tb-rtx-5070-16-qhd-oled-240hz-win11
gearvn,"Laptop MSI Raider A16 HX B8WH-031VN (Ryzen 9 8940HX/ 32GB/ 1TB/ RTX 5070Ti/ 16"" QHD+ 240Hz/ Win11) 83.990.000đ - 1 % 82.990.000đ Mua kèm giá ưu đãi: [Laptop] Giảm 1% tối đa 500k cho HSSV khi mua laptop",https://gearvn.com/products/laptop-msi-raider-a16-hx-b8wh-031vn-ryzen-9-8940hx-32gb-1tb-rtx-5070ti-16-qhd-240hz-win11
gearvn,"Laptop gaming Asus ROG Zephyrus Duo 16 GX651AX-SR050WS (Ultra 9-386H/ 64GB/ 2TB/ 16"" 3K OLED/ Win 11) 64GB DDR5 2TB NVMe RTX 5090 24GB 16 inch 3K (2880x1800) 199.990.000đ Mua kèm giá ưu đãi: [Laptop] Giảm 1% tối đa 500k cho HSSV khi mua laptop",https://gearvn.com/products/laptop-asus-rog-zephyrus-duo-16-gx651ax-sr050ws-intel-u9-386h-64gbd5-2tb-3k-120hz-oled-w11
gearvn,Laptop Lenovo IdeaPad Slim 5 14AGP11 83S1003GVN 32GB DDR55600 1TB NVMe 840M Graphics 14 inch 60 47.990.000đ - 7 % 44.540.000đ,https://gearvn.com/products/laptop-lenovo-ideapad-slim-5-14agp11-83s1003gvn
gearvn,"Laptop gaming ASUS TUF Gaming A14 FA401GM-RG013W (Ryzen AI 9 465/ RTX 5060 8GB/ 32GB/ 1TB/ 14"" WQXGA 165Hz/ Win 11) 32GB DDR5 1TB NVMe RTX 5060 8GB 14 inch 2K+ (2560x1600) 58.460.000đ - 4 % 56.190.000đ Mua kèm giá ưu đãi: [Laptop] Giảm 1% tối đa 500k cho HSSV khi mua laptop",https://gearvn.com/products/laptop-gaming-asus-tuf-gaming-a14-fa401gm-rg013w
gearvn,"Laptop gaming Asus TUF Gaming F16 FX608JHI-TU209W (I7-14650HX/ RTX 5050/ 16GB/ 512GB/ 16"" FHD+/ Win 11) Core i7 14650HX 16GB DDR55600 512GB NVMe RTX 5050 8GB 16 inch 45.390.000đ - 9 % 41.260.000đ Mua kèm giá ưu đãi: [Laptop] Giảm 1% tối đa 500k cho HSSV khi mua laptop",https://gearvn.com/products/laptop-gaming-asus-tuf-gaming-f16-fx608jhi-tu209w
gearvn,"Laptop gaming Gigabyte A16 A16-3VHK3VN893SH (Ryzen 7 260/ RTX 5060 8GB/ 16GB/ 512GB/ 16"" FHD+/ Win 11) 16GB DDR55600 1TB NVMe RTX 5060 8GB 16 inch WUXGA (1920x1200) 40.990.000đ - 5 % 38.890.000đ Mua kèm giá ưu đãi: [Laptop] Giảm 1% tối đa 500k cho HSSV khi mua laptop",https://gearvn.com/products/laptop-gaming-gigabyte-a16-ga63h-3vhk3vn893sh
gearvn,"Laptop gaming ASUS ROG Strix G16 G614PH-TS118W (Ryzen 9-8940HX/ RTX 5050 8GB/ 16GB/ 512GB/ 16"" WQXGA 300Hz/ Win 11) Ryzen 9 8940HX 16GB DDR5-5200 512GB NVMe RTX 5050 8GB 16 inch 52.990.000đ Mua kèm giá ưu đãi: [Laptop] Giảm 1% tối đa 500k cho HSSV khi mua laptop",https://gearvn.com/products/laptop-gaming-asus-rog-strix-g16-g614ph-ts118w
gearvn,Laptop MSI Prestige 14 AI+ D3MG-022VN Core Ultra 7-355 32GB LPDDR5x;Onboard 1TB Intel® Arc™ graphics 14 inch 48.990.000đ - 4 % 46.990.000đ Mua kèm giá ưu đãi: [Laptop] Giảm 1% tối đa 500k cho HSSV khi mua laptop,https://gearvn.com/products/laptop-msi-prestige-14-ai-d3mg-022vn
gearvn,"Laptop gaming MSI Katana 15 B13VEK-2440VN (I7-13620H/ RTX 4050/ 16GB/ 1TB/ 15.6"" FHD/ Win 11) Core i7-13620H 16GB DDR55200 1TB NVMe Geforce RTX 4050 6GB 15.6 inch 35.990.000đ - 3 % 34.890.000đ Mua kèm giá ưu đãi: [Laptop] Giảm 1% tối đa 500k cho HSSV khi mua laptop",https://gearvn.com/products/laptop-gaming-msi-katana-15-b13vek-2440vn
gearvn,"Laptop gaming MSI Stealth 16 AI+ B3WF-007VN (Ultra 9-386H/ RTX 5060/ 32GB/ 1TB/ 16"" QHD+ OLED/ Win 11) Core Ultra 9-386H 32GB DDR5-7200 1TB NVMe 16 inch 2K+ (2560x1600) 80.990.000đ - 1 % 79.990.000đ Mua kèm giá ưu đãi: [Laptop] Giảm 1% tối đa 500k cho HSSV khi mua laptop",https://gearvn.com/products/laptop-gaming-msi-stealth-16-ai-b3wg-007vn
gearvn,"Laptop gaming MSI Stealth 16 AI+ B3WG-008VN (Ultra 9-386H/ RTX 5070 8GB/ 32GB/ 1TB/ 16"" QHD+ OLED/ Win 11) Core Ultra 9-386H 32GB DDR5-7200 1TB NVMe 16 inch 2K+ (2560x1600) 85.990.000đ - 3 % 83.000.000đ Mua kèm giá ưu đãi: [Laptop] Giảm 1% tối đa 500k cho HSSV khi mua laptop",https://gearvn.com/products/laptop-gaming-msi-stealth-16-ai-b3wg-008vn
gearvn,"Laptop gaming Lenovo Legion Pro 7 16IAX10H 83F500JGVN (Ultra 9-275HX/ RTX 5070 Ti/ 32GB/ 1TB/ 16"" OLED 240Hz/ Win 11) 32GB DDR56400 16 inch 2K+ (2560x1600) 240 Hz OLED 117.990.000đ - 2 % 115.990.000đ Mua kèm giá ưu đãi: [Laptop] Giảm 1% tối đa 500k cho HSSV khi mua laptop",https://gearvn.com/products/laptop-gaming-lenovo-legion-pro-7-16iax10h-83f500jgvn
gearvn,"Giảm 11 % Laptop Asus ExpertBook P1403CVA-C5H08-50W (Core 5-210H/ 8GB/ 512GB/ 14.0"" FHD/ Win 11) Core 5 210H 8GB DDR55200 512GB Intel UHD Graphics 14 inch 21.990.000đ - 11 % 19.490.000đ Mua kèm giá ưu đãi: [Laptop] Giảm 1% tối đa 500k cho HSSV khi mua laptop",https://gearvn.com/products/laptop-asus-expertbook-p1-p1403cva-c5h08-50w
gearvn,"Giảm 12 % Laptop gaming Gigabyte A16 A16-3THK3VN893SH (Ryzen 7 260/ RTX 5050 8GB/ 16GB/ 512GB/ 16"" FHD+/ Win 11) Ryzen 7 260 16GB DDR55200 512GB PCIe Gen4x4 RTX 5050 8GB 16 inch 40.990.000đ - 12 % 35.990.000đ Mua kèm giá ưu đãi: [Laptop] Giảm 1% tối đa 500k cho HSSV khi mua laptop",https://gearvn.com/products/laptop-gaming-gigabyte-a16-ga63h-3thk3vn893sh
gearvn,"Giảm 14 % Laptop Asus ExpertBook P1 P1403CVA-C3U08-50W (Core 3-100U/ 8GB/ 512GB/ 14"" FHD/ Win 11) Core 3 100U 8GB DDR55200 512GB Intel Graphics 14 inch 17.990.000đ - 14 % 15.490.000đ Mua kèm giá ưu đãi: [Laptop] Giảm 1% tối đa 500k cho HSSV khi mua laptop",https://gearvn.com/products/laptop-asus-expertbook-p1403cva-c3u08-50w
gearvn,Laptop gaming Acer Predator Triton 14 AI PT14-52T-99TU (Ultra 9-288V/ RTX 5070/ 32GB/ 2TB/ Win 11) Core Ultra 9 288V 32GB DDR5 2TB NVMe RTX 5070 8 GB 14.5 inch 93.890.000đ Tặng Ghế Acer Predator Gaming PGC331 Black + 5,https://gearvn.com/products/laptop-gaming-acer-predator-triton-14-ai-pt14-52t-99tu
gearvn,"Laptop gaming Lenovo LOQ Essential 15ARP10E 83S0004FVN (Ryzen 7 7735HS/ RTX 4050 6GB/ 16GB/ 512GB/ 15.6"" FHD/ Win 11) AMD Ryzen 7 7735H 16GB DDR5-4800 512GB RTX 4050 6GB 15.6 inch 41.990.000đ - 7 % 38.990.000đ Mua kèm giá ưu đãi: [Laptop] Giảm 1% tối đa 500k cho HSSV khi mua laptop",https://gearvn.com/products/laptop-gaming-lenovo-loq-15arp10e-83s0004fvn
gearvn,"Giảm 11 % Laptop gaming Lenovo LOQ 15IRX10 83JE00PEVN (I7-13650HX/ RTX 5050 8GB/ 16GB/ 512GB/ 15.6"" FHD/ Win 11) Core i7-13650HX, 14C 16GB DDR5-4800 15.6 inch Full HD (1920x1080) 144 Hz 44.990.000đ - 11 % 39.990.000đ Mua kèm giá ưu đãi: [Laptop] Giảm 1% tối đa 500k cho HSSV khi mua laptop",https://gearvn.com/products/laptop-gaming-lenovo-loq-15irx10-83je00pevn
gearvn,"Laptop GIGABYTE Gaming A16 CVHI3VN893SH (I7-13620H/ RTX 5060 8GB/ 16GB/ 512GB/ 16"" FHD+ 165Hz/ Win 11) AMD Ryzen 3 7335HS 8 512GB AMD Radeon RX 6500M 16 inch 39.990.000đ - 3 % 38.990.000đ Mua kèm giá ưu đãi: [Laptop] Giảm 1% tối đa 500k cho HSSV khi mua laptop",https://gearvn.com/products/laptop-gaming-gigabyte-a16-cvhi3vn893sh
gearvn,"Laptop gaming Acer Nitro ProPanel ANV16S-61-R9ZV (Ryzen AI 7 350/ RTX 5060 8GB/ 32GB/ 1TB/ 16.0"" 2K+/ Win 11) 32GB DDR55600 1TB NVMe 16 inch 2K+ (2560x1600) 180 Hz 58.690.000đ - 6 % 54.990.000đ Mua kèm giá ưu đãi: [Laptop] Giảm 1% tối đa 500k cho HSSV khi mua laptop",https://gearvn.com/products/laptop-gaming-acer-nitro-v-16s-propanel-anv16s-61-r9zv
gearvn,Laptop gaming Gigabyte A16 CMHH2VN893SH (Core i5-13420H/ GeForce RTX™ 4050/ 16GB/ 512GB/ Win 11) Core i5-13420H 16GB DDR55200 512GB RTX 4050 6GB 16 inch 30.790.000đ - 6 % 28.790.000đ Mua kèm giá ưu đãi: [Laptop] Giảm 1% tối đa 500k cho HSSV khi mua laptop,https://gearvn.com/products/laptop-gaming-gigabyte-a16-cmhh2vn893sh
gearvn,"Laptop gaming MSI Katana 15 HX B14WEK-027VN (I7-14650HX/ RTX 5050 8GB/ 32GB/ 512GB/ 15.6"" QHD IPS/ Win 11) 32GB DDR5-5600 512GB RTX 5050 8GB 15.6 inch QHD (2560x1440) 52.990.000đ - 8 % 48.490.000đ Mua kèm giá ưu đãi: [Laptop] Giảm 1% tối đa 500k cho HSSV khi mua laptop",https://gearvn.com/products/laptop-gaming-msi-katana-15-hx-b14wek-027vn
gearvn,Laptop MSI Prestige 13 AI+ Evo A2VMG 040VN Core Ultra 7 258V 32 1TB Intel Arc 13.3 inch 39.990.000đ - 5 % 37.990.000đ Mua kèm giá ưu đãi: 1.890.000đ + 5,https://gearvn.com/products/laptop-msi-prestige-13-ai-evo-a2vmg-040vn
gearvn,Giảm 18 % Laptop MSI Prestige 13 AI Evo A1MG 062VN Core Ultra 7 155H 32 1TB Intel Arc 13.3 inch 39.990.000đ - 18 % 32.990.000đ Mua kèm giá ưu đãi: 1.890.000đ + 5,https://gearvn.com/products/laptop-msi-prestige-13-ai-evo-a1mg-062vn
gearvn,"Laptop ASUS Vivobook Go 15 E1504FA-BQ4821W (Ryzen 5/ 8GB/ 512GB/ 14"" FHD IPS) 8 GB 512 GB AMD Radeon Graphics 15.6 inch 60 Hz 22.990.000đ Mua kèm giá ưu đãi: [Laptop] Giảm 1% tối đa 500k cho HSSV khi mua laptop",https://gearvn.com/products/laptop-asus-vivobook-go-14-e1504fa-bq4821w-ryzen-5-8gb-512gb-15-fhd-ips
gearvn,"Laptop ASUS Vivobook Go 15 E1504FA-BQ340W (Ryzen 5/ 16GB/ 512GB/ 15.6"" FHD IPS) 28.490.000đ Mua kèm giá ưu đãi: [Laptop] Giảm 1% tối đa 500k cho HSSV khi mua laptop",https://gearvn.com/products/laptop-asus-vivobook-go-15-e1504fa-bq340w-ryzen-5-16gb-512gb-156-fhd-ips
gearvn,"Laptop gaming ASUS TUF Gaming A16 FA607NUG-RL129W (Ryzen 7-7445HS/ RTX 4050 6GB/ 16GB/ 512GB/ 16"" FHD+/ Win 11) 30.990.000đ - 3 % 29.990.000đ Mua kèm giá ưu đãi: [Laptop] Giảm 1% tối đa 500k cho HSSV khi mua laptop",https://gearvn.com/products/laptop-gaming-asus-tuf-gaming-a16-fa607nug-rl129w-ryzen-7-7445hs-rtx-4050-6gb-16gb-512gb-16-fhd-win-11
gearvn,"Laptop gaming Asus V16 V3607VH-RP084W (Core 5-210H/ RTX 5050 8GB/ 16GB/ 512GB/ 16"" WUXGA/ Win 11) Core 5 210H 16GB DDR55600 512GB NVMe RTX 5050 8GB 16 inch Liên hệ tư vấn",https://gearvn.com/products/laptop-gaming-asus-gaming-v16-v3607vh-rp084w
gearvn,Laptop Acer Swift Edge 14 AI SFE14-51T-52KD Liên hệ tư vấn,https://gearvn.com/products/laptop-acer-swift-edge-14-ai-sfe14-51t-52kd
gearvn,Laptop gaming Acer Nitro Lite NL16-71G-71FN (I7-13620H/ RTX 4050/ 16GB/ 512GB/ Win 11) Core i7-13620H 16GB 512GB NVMe 16 inch WUXGA (1920x1200) Liên hệ tư vấn,https://gearvn.com/products/laptop-gaming-acer-nitro-lite-nl16-71g-71fn
gearvn,Laptop gaming Acer Aspire 7 A715-59G-78WG (I7-13620H/ RTX 3050/ 16GB/ 512GB/ Win 11) Core i7-13620H 16GB DDR43200 512GB NVMe 15.6 inch Full HD (1920x1080) Liên hệ tư vấn,https://gearvn.com/products/laptop-gaming-acer-aspire-7-a715-59g-78wg
gearvn,Laptop gaming Acer Aspire 7 A715-59G-55MD (I5-13420H/ RTX 3050/ 16GB/ 512GB/ Win 11) Core i5-13420H 16GB DDR43200 512GB NVMe RTX 3050 6GB 15.6 inch Liên hệ tư vấn,https://gearvn.com/products/laptop-gaming-acer-aspire-7-a715-59g-55md
gearvn,Laptop gaming ASUS ROG Zephyrus G14 GA403WW QS136WS Ryzen AI 9 HX 370 64 2TB RTX 5080 14 inch Liên hệ tư vấn,https://gearvn.com/products/laptop-gaming-asus-rog-zephyrus-g14-ga403ww-qs136ws
gearvn,Laptop gaming Acer Nitro ProPanel ANV15-52-72BM (I7-13620H/ RTX 5050/ 16GB/ 512GB/ Win 11) Core i7-13620H 16GB DDR4 512GB NVMe RTX 5050 15.6 inch Liên hệ tư vấn,https://gearvn.com/products/laptop-gaming-acer-nitro-v-propanel-anv15-52-72bm
gearvn,Laptop Gaming OMEN MAX 16 ah0186TX BX9S1PA Intel Core i7-12700H 16 512GB RTX 3060 6GB 16 inch Liên hệ tư vấn,https://gearvn.com/products/laptop-gaming-omen-max-16-ah0186tx-bx9s1pa
gearvn,Laptop Gaming OMEN MAX 16 ah0213TX C1WR2PA Intel Core i7-13620H 16 512GB RTX 4060 8GB 16 inch Liên hệ tư vấn,https://gearvn.com/products/laptop-gaming-omen-max-16-ah0213tx-c1wr2pa
gearvn,Laptop Gaming OMEN MAX 16 ah0212TX C1WR1PA Core i7-12700H 16 512GB RTX 3060 16 inch Liên hệ tư vấn,https://gearvn.com/products/laptop-gaming-omen-max-16-ah0212tx-c1wr1pa
gearvn,"Laptop gaming Acer Nitro Lite 16 NL16-71G-71UJ (I7-13620H/ RTX 3050 6GB/ 16GB/ 512GB/ 16.0"" FHD+/ Win 11) Core i7 - 13620H 16GB DDR5-4800 512GB RTX 3050 6GB 16 inch Liên hệ tư vấn",https://gearvn.com/products/laptop-gaming-acer-nitro-lite-16-nl16-71g-71uj
gearvn,Laptop gaming MSI Stealth A16 AI+ A3XWHG 085VN AMD Ryzen™ 7 7840HS 16 1TB RTX 4060 16 inch Liên hệ tư vấn,https://gearvn.com/products/laptop-gaming-msi-stealth-a16-ai-a3xwhg-085vn
gearvn,"Laptop Asus ExpertBook P1403CVA-I516-50W (I5-13420H/ 16GB/ 512GB/ 14"" FHD/ Win 11) Core i5-13420H 16GB DDR5 512GB Intel® Graphics 14 inch Liên hệ tư vấn",https://gearvn.com/products/laptop-asus-expertbook-p1403cva-i516-50w
gearvn,"Laptop gaming Acer Nitro ProPanel ANV16-41-R7EN (Ryzen 7 8845HS/ RTX 3050 6GB/ 16GB/ 512GB/ 16.0"" WUXGA/ Win 11) Ryzen 7 8845HS 32GB DDR55600 512GB NVMe RTX 3050 6GB GDDR6 16 inch Liên hệ tư vấn",https://gearvn.com/products/laptop-gaming-acer-nitro-v-anv16-41-r7en
xgear,Laptop Gaming Lenovo LOQ 15ARP10E 83S0000DVN,https://xgear.net/products/lenovo-loq-15arp10e-83s0000dvn-ryzen-5
xgear,"Laptop Gaming Lenovo LOQ 15ARP9 83JC00LVVN (Ryzen 5 7235HS, RTX 3050 6GB, 100% sRGB)",https://xgear.net/products/laptop-gaming-lenovo-loq-15arp9-83jc00lvvn
xgear,Laptop Gaming Acer Aspire 7 A715-59G-59RD NH.DXUSV.001 (Core 5 210H | RTX 3050 | 16GB | 512GB | 144Hz),https://xgear.net/products/laptop-gaming-acer-aspire-7-a715-59g-59rd
xgear,Laptop Gaming Gigabyte A16 GA6H-CMHH2MY893SH (Core i5 | RTX 4050 | 16GB | 512GB | 165Hz),https://xgear.net/products/laptop-gaming-gigabyte-a16-ga6h-cmhh2my893sh
xgear,Laptop Gaming MSI Cyborg 15 Black Edition A13VEO 2610VN (i5 13420H | 16GB | 512GB | RTX 4050 | 15.6 inch FHD 144Hz),https://xgear.net/products/laptop-gaming-msi-cyborg-15-black-edition-a13veo-2610vn
xgear,Laptop Gaming MSI Cyborg 15 Black Edition A13VEO 2608VN (i7 13620H | 16GB | 512GB | RTX 4050 | 15.6 inch FHD 144Hz ),https://xgear.net/products/laptop-gaming-msi-cyborg-15-black-edition-a13veo-2608vn
xgear,Laptop Gaming MSI Katana 15 B13VEK-2440VN (Core i7 | RTX 4050 | 16GB | 1TB | 144Hz),https://xgear.net/products/laptop-gaming-msi-katana-15-b13vek-2440vn
xgear,Laptop Lenovo LOQ 15ARP10E 83S0004FVN ( Ryzen 7 7735HS | RTX 4050 | 16GB | 512GB | 100% sRGB),https://xgear.net/products/laptop-gaming-lenovo-loq-essential-15arp10e-83s0004fvn
xgear,Laptop Gaming MSI Cyborg 15 C13WEO-417VN (i7 13620H | 16GB | 512GB | RTX 5050 | 15.6 FHD 144Hz 100% sRGB),https://xgear.net/products/laptop-gaming-msi-cyborg-15-c13weo-417vn
xgear,Laptop Gaming Gigabyte A16 GA6H-CVHI3MY893SH (i7-13620H | RTX 5060 | 16GB | 512GB | 165Hz),https://xgear.net/products/laptop-gaming-gigabyte-a16-ga6h-cvhi3my893sh
xgear,Laptop Gaming Gigabyte A16 GA6H-CVHI3VNC94SH (Core i7-13620H | RTX 5060 | 16GB | 1TB | QHD+165Hz 100% SRGB),https://xgear.net/products/laptop-gaming-gigabyte-a16-ga6h-cvhi3vnc94sh
xgear,Laptop Gaming Lenovo LOQ 15IRX10 83JE00PEVN,https://xgear.net/products/lenovo-loq-15irx10-83je00pevn-core-i7-13650hx
xgear,Laptop Gigabyte AERO X16 EG61H-1VH93MY894AH (Ryzen AI 7 350 | RTX 5060 | 16GB | 1TB | sRGB 100%),https://xgear.net/products/laptop-gigabyte-aero-x16-eg61h-1vh93my894ah
xgear,Laptop Gigabyte AERO X16 EG61H-1VH93VNC94AH (Ryzen AI 7 | RTX 5060 | 16GB | 1TB | QHD+| sRGB 100%),https://xgear.net/products/laptop-gigabyte-aero-x16-eg61h-1vh93vnc94ah
xgear,Laptop Gaming Asus ROG Strix G16 G614PH-RV176W ( Ryzen 9 8940HX | 16GB | 512GB | RTX 5050 | 165Hz ),https://xgear.net/products/laptop-gaming-asus-rog-strix-g16-g614ph-rv176w
xgear,Laptop Gaming Lenovo LOQ 15IPH11 83SL000LVN (Ultra 7-356H | RTX 5060 | 16GB | 512 GB | 15.3 inch),https://xgear.net/products/laptop-gaming-lenovo-loq-15iph11-83sl000lvn
xgear,Laptop ASUS ROG Strix G16 G614PM-TS147W (Ryzen 9 8940HX | RTX 5060 | 16GB | 512GB | 2.5K 300Hz),https://xgear.net/products/laptop-asus-rog-strix-g16-g614pm-ts147w
xgear,Laptop Gaming Lenovo Legion 5 15AHP11-83Q7001JVN (Ryzen 7 250 | RTX 5060 | 16GB | 512GB | OLED),https://xgear.net/products/laptop-gaming-lenovo-legion-5-15ahp11-83q7001jvn
xgear,Laptop MSI Prestige 16 AI+ C3MG-024VN (Ultra X9-388H | Intel Arc B390| 32GB | 1TB | 16 inch 2.8K OLED),https://xgear.net/products/laptop-msi-prestige-16-ai-c3mg-024vn
xgear,Laptop Gaming LENOVO Legion 5 15IPH11 83RW0023VN (Ultra 7 356H | RTX 5060 | 16GB | 512GB | OLED),https://xgear.net/products/laptop-gaming-lenovo-legion-5-15iph11-83rw0023vn
xgear,Laptop ASUS ROG Strix G16 G614PP TS112W (Ryzen 9 8940HX | RTX 5070 | 16GB | 512GB | 16 inch),https://xgear.net/products/laptop-asus-rog-strix-g16-g614ppts112w
xgear,Laptop Gaming MSI Crosshair 16 HX E14WEK 076VN (Core i9-14900HX | RTX 5050 | 32GB | 1TB SSD | QHD+),https://xgear.net/products/laptop-gaming-msi-crosshair-16-hx-e14wek-076vn
xgear,Laptop ASUS TUF Gaming A14 FA401EA-RG034W (Ryzen AI MAX+ 392 | Radeon 8060S | 64GB | 1TB | 2.5K),https://xgear.net/products/laptop-asus-tuf-gaming-a14-fa401ea-rg034w
xgear,Laptop ASUS ROG Strix G16 G614PR TS103W (Ryzen 9 8940HX | RTX 5070Ti | 16GB | 512GB | 16 inch 2.5K 100% sRGB),https://xgear.net/products/laptop-asus-rog-strix-g16-g614pr-ts103w
xgear,Laptop LENOVO Yoga Pro 7 15IPH11 83SN000BVN (Ultra 7 356H | RTX 5050 | 32GB | 1TB | 2.5K),https://xgear.net/products/laptop-lenovo-yoga-pro-7-15iph11-83sn000bvn
xgear,Laptop ASUS ProArt PX13 HN7306EA LX050W (Ryzen AI MAX+ 395 | Radeon Graphics | 32GB | 1TB | 3K OLED),https://xgear.net/products/laptop-asus-proart-px13-hn7306ea-lx050w
xgear,Laptop Gaming MSI Raider A16 HX B8WH-031VN (Ryzen 9 8940HX | RTX5070Ti | 32GB | 1TB | 16inch),https://xgear.net/products/laptop-gaming-msi-raider-16-hx-b8wh-031vn
xgear,Laptop Gaming MSI Stealth 16 AI+ B3WG-008VN (Ultra 9 386H | RTX 5070 | 32GB | 1TB | 16 inch QHD+ 240Hz),https://xgear.net/products/laptop-gaming-msi-stealth-16-ai-b3wg-008vn
xgear,Laptop Gaming MSI Raider 16 HX B2WI 257VN (Ultra 9 275HX | RTX 5080 | 32GB | 1TB | 16 inch),https://xgear.net/products/laptop-gaming-msi-raider-16-hx-b2wi-257vn
xgear,Laptop ASUS ROG Strix G16 G614PW TS051W,https://xgear.net/products/asus-rog-strix-g16-g614pw-ts051w
xgear,Laptop Gaming MSI Raider 16 HX B2WH 258VN (Ultra 9 275HX | 32GB | 1TB | RTX 5070 Ti | 16inch),https://xgear.net/products/laptop-gaming-msi-raider-16-hx-b2wh-258vn
xgear,Laptop Gaming Asus ROG Zephyrus G14 GU405AR SY016W (Ultra 9 386H | RTX 5070 Ti | 32GB | 1TB | 14 inch),https://xgear.net/products/laptop-gaming-asus-rog-zephyrus-g14-gu405ar-sy016w
xgear,Laptop ASUS ROG Zephyrus G14 GU405AW-SY029W (Ultra 9 386H | RTX 5080 | 32GB | 1TB | 14 inch),https://xgear.net/products/laptop-asus-rog-zephyrus-g14-gu405aw-sy029w
xgear,Laptop Gaming Asus ROG Zephyrus G16 GU606AR-TB027W (Core Ultra 9 386H | RTX 5070Ti | 32GB | 1TB | 16 inch 2.5K OLED),https://xgear.net/products/laptop-gaming-asus-rog-zephyrus-g16-gu606ar-tb027w
xgear,Laptop Gaming MSI Raider 16 Max HX B2WI-095VN (Ultra 9 290HX Plus | RTX 5080 | 64GB | 2TB | 16 inch OLED QHD+),https://xgear.net/products/laptop-gaming-msi-raider-16-max-hx-b2wi-095vn
xgear,Laptop ASUS ProArt P16 H7606WP SR335W (Ryzen AI 9 HX 370 | RTX 5070 | 64GB | 2TB | 16inch OLED),https://xgear.net/products/laptop-asus-proart-p16-h7606wp-sr335w
xgear,Laptop Gaming MSI Raider 18 Max HX A2WI 1285VN (Ultra 9 290HX | RTX 5080 | 64GB | 2TB | 18inch),https://xgear.net/products/laptop-gaming-msi-raider-18-max-hx-a2wi-1285vn
xgear,Laptop Gaming Asus ROG Zephyrus G16 GU606AX-TB042WS (Ultra 9 386H | 64GB | 2TB | RTX 5090 24GB | 16inch OLED 240Hz),https://xgear.net/products/laptop-gaming-asus-rog-zephyrus-g16-gu606ax-tb042ws
xgear,Laptop Gaming ASUS ROG Zephyrus Duo GX651AX-SR050WS (Ultra 9 386H | RTX 5090 | 64GB | 2TB | 16 inch 3K OLED),https://xgear.net/products/laptop-gaming-asus-rog-zephyrus-duo-gx651ax-sr050ws
xgear,Laptop Gaming MSI Titan 18 HX A2WJ 1200VN (Ultra 9 290HX Plus | RTX 5090 | 96GB | 2TB | UHD),https://xgear.net/products/laptop-gaming-msi-titan-18-hx-a2wj-1200vn
xgear,Laptop Gaming MSI Titan 18 HX Dragon Edition Draco Epic A2W 1245VN,https://xgear.net/products/laptop-gaming-msi-titan-18-hx-dragon-edition-draco-epic-a2w-1245vn
xgear,Laptop Gaming MSI Stealth 16 AI+ B3WGX-051VN (Ultra 9 386H | RTX 5070 12GB | 32GB | 1TB | 16 inch),https://xgear.net/products/laptop-gaming-msi-stealth-16-ai-b3wgx-051vn
xgear,Laptop Gaming ASUS ROG Zephyrus G16 GU606AW TB121W (Ultra 9 386H | RTX 5080 | 32GB | 1TB | 16.0 WQXGA OLED 240Hz),https://xgear.net/products/laptop-asus-rog-gu606aw-tb121w-u9
xgear,Laptop Gaming LENOVO Legion Pro 7 16IAX10H 83F500ANVN (Ultra 9 275HX | RTX 5080 | 64GB | 1TB | 16 inch OLED),https://xgear.net/products/laptop-gaming-lenovo-legion-pro-7-16iax10h-83f500anvn
xgear,Laptop Gaming Lenovo LOQ Essential 15IRH11E 83Y9003XVN (Core 7 230H | RTX 3050 | 16GB | 512GB | 100% sRGB),https://xgear.net/products/laptop-gaming-lenovo-loq-essential-15irh11e-83y9003xvn
xgear,Laptop Gaming Acer Nitro V ProPanel ANV15-42-R0QM (Ryzen 5 7640HS | RTX 3050 | 16GB | 512GB | 15.6inch),https://xgear.net/products/laptop-gaming-acer-nitro-v-propanel-anv15-42-r0qm
xgear,Laptop Gaming Lenovo LOQ Essential 15IRH11E 83Y9003YVN (Core 7 230H | RTX 3050 | 8GB | 512GB | 100% sRGB),https://xgear.net/products/laptop-gaming-lenovo-loq-essential-15irh11e-83y9003yvn
xgear,Laptop Gaming Lenovo LOQ 15IRX10 83JE01N4VN (Core i7-14650HX | RTX 5050 | 16GB | 512GB | 15.6 inch),https://xgear.net/products/laptop-gaming-lenovo-loq-15irx10-83je01n4vn
xgear,Lenovo Legion 5 15IRX10 83LY00HRVN ( Core i7 13650HX | RTX 5050 | 16GB DDR5 | 512GB | 15.3″ WUXGA ),https://xgear.net/products/laptop-gaming-lenovo-legion-5-15irx10-83ly00hrvn
xgear,Laptop MSI Prestige 14 Flip AI+ D3MTG-021VN (Ultra 9 386H | Arc Graphics | 32 GB | 1TB | 14 inch),https://xgear.net/products/laptop-msi-prestige-14-ai-d3mtg-021vn
xgear,Laptop Gaming MSI Crosshair 16 Max HX E2WGXK-052VN (Ultra 7 251HX | 16GB | 1TB | RTX 5070 12GB | 16 inch OLED 165Hz ),https://xgear.net/products/laptop-gaming-msi-crosshair-16-max-hx-e2wgxk-052vn
xgear,Laptop Gaming LENOVO Legion 5 15IAX11 83VK00A2VN (Ultra 7 251HX | RTX 5060 | 24GB | 512GB | OLED),https://xgear.net/products/laptop-gaming-lenovo-legion-5-15iax11-83vk00a2vn
xgear,Laptop Asus TUF Gaming A15 FA506NCG-HN329W (Ryzen 7 8845HS | RTX 3050 | 16GB | 512GB | FHD),https://xgear.net/products/laptop-asus-tuf-gaming-a15-fa506ncg-hn329w
xgear,Laptop Gaming MSI Cyborg 15 Max C13WE-422VN (i7 13620H | 16GB RAM | 512GB SSD | RTX 5050 | 15.6 inch FHD 144Hz),https://xgear.net/products/laptop-gaming-msi-cyborg-15-max-c13we-422vn
xgear,Laptop MSI Prestige 14 Flip AI+ Vincent Van Gogh Edition Starry Night Over the Rhone - 260VN (Ultra X9 378H | Intel Arc B390 | 32GB | 1TB | 14 inch FHD+ OLED),https://xgear.net/products/laptop-msi-prestige-14-flip-ai-vincent-van-gogh-edition-starry-night-over-the-rhone-260vn
xgear,Laptop MSI Prestige 14 Flip AI+ Vincent Van Gogh Edition The Starry Night - 259VN (Ultra X9 378H | Intel Arc B390 | 32GB | 1TB | 14 inch FHD+ OLED),https://xgear.net/products/laptop-msi-prestige-14-flip-ai-vincent-van-gogh-edition-the-starry-night-295vn
xgear,Laptop Gaming Asus TUF F16 FX607VJR-TU320W (Intel Core 5 205H | RTX 3050 | 16GB | 512GB | 16inch FHD+),https://xgear.net/products/laptop-gaming-asus-tuf-f16-fx607vjr-tu320w
xgear,Laptop Gaming Asus AI V16 V3607VJ-TK189W (Core 5 | RTX 3050 | 16GB | 512GB | 144Hz),https://xgear.net/products/laptop-gaming-asus-ai-v16-v3607vj-tk189w
xgear,Laptop Gaming Acer Nitro V ProPanel ANV15-52-556L (Intel Core 5 210H | RTX 5050 | 16GB | 512GB | 15.6inch FHD),https://xgear.net/products/laptop-gaming-acer-nitro-v-propanel-anv15-52-556l
xgear,Laptop Gaming Asus ROG Strix Scar 18 G835LXG - TQ473W (Ultra 9 290HX | 64GB | 2TB | RTX 5090 24GB),https://xgear.net/products/laptop-gaming-asus-rog-strix-scar-18-g835lxg-tq473w
xgear,Laptop Gaming MSI Crosshair 16 Max HX E2WGXK-051VN (Ultra 9 290HX Plus | 32GB | 1TB | RTX 5070 12GB | 16 inch),https://xgear.net/products/laptop-gaming-msi-crosshair-16-max-hx-e2wgxk-051vn
xgear,Laptop Gaming ASUS ROG Zephyrus G16 GU606AW TB052WS (Ultra 9 386H | RTX 5080 | 64GB | 1TB | 16.0 WQXGA OLED 240Hz),https://xgear.net/products/laptop-asus-rog-zephyrus-gu606aw-tb052ws
xgear,Laptop Gaming Asus TUF F16 FX610JH-TU009W (Core i7-14650HX | RTX 5050 | 16GB | 512GB | 16inch 144Hz),https://xgear.net/products/laptop-gaming-asus-tuf-f16-fx610jh-tu009w
xgear,Laptop Gaming Acer Nitro V ProPanel ANV15-52-78MD (Intel Core 7 240H | RTX 5050 | 16GB | 512GB | 15.6inch),https://xgear.net/products/laptop-gaming-acer-nitro-v-propanel-anv15-52-78md
xgear,Laptop Gaming Lenovo Legion Pro 5 16IAX10 83F300CWVN (Ultra 7-251HX | RTX 5060 | 24GB | 1TB |16inch WQXGA OLED),https://xgear.net/products/laptop-gaming-lenovo-legion-pro-5-16iax10-83f300cwvn
xgear,Laptop Gaming ASUS ROG Zephyrus G14 GA403GM-SY164W (R9 AI 465 | RTX 5060 | 16GB | 512GB | 3K OLED),https://xgear.net/products/laptop-gaming-asus-rog-ga403gm-sy164w
xgear,Laptop Gaming ASUS TUF A16 FA608UHI TU121W (Ryzen 7 260 | 16GB | 512GB | RTX 5050 | 16 inch),https://xgear.net/products/laptop-asus-tuf-fa608uhi-tu121w
xgear,Laptop Gaming ASUS TUF A14 FA401EA RG041W (Ryzen AI MAX+ 392 | Radeon 8060S| 32GB | 512GB | 14 inch),https://xgear.net/products/laptop-asus-tuf-gaming-fa401ea-rg041w
xgear,Laptop Gaming ASUS TUF A16 FA608UMI TU162W (Ryzen 7 260 | 16GB| 512GB| RTX 5060 | 16 inch),https://xgear.net/products/laptop-asus-tuf-gaming-a16-fa608umi-tu162w
xgear,Laptop Gaming LENOVO Legion 5 15IAX11 83VK00A3VN (Ultra 7 251HX | RTX 5060 | 24GB | 512GB | OLED),https://xgear.net/products/laptop-gaming-lenovo-legion-5-15iax11-83vk00a3vn
xgear,Laptop Gaming MSI Cyborg 15 Max C13WF-421VN (i7 13620H | 16GB RAM | 512GB SSD | RTX 5060 | 15.6 inch FHD 144Hz),https://xgear.net/products/laptop-gaming-msi-cyborg-15-max-c13wf-421vn
xgear,Laptop MSI Modern 16S G3MG-016VN (Core 7 350 | 16GB | 1TB | Intel® Arc™ graphics | 16inch),https://xgear.net/products/laptop-msi-modern-16s-g3mg-016vn
xgear,Laptop MSI Modern 16S AI+ G3MG-058VN (Ultra 7 355 | 16GB | 1TB | Intel® Arc™ graphics | 16 inch),https://xgear.net/products/laptop-msi-modern-16s-ai-g3mg-058vn
xgear,Laptop Gaming HP HyperX Omen 15-ga0091TX D72D8PA (Core i5-14450HX | RTX 5050 | 16GB | 512GB | QHD),https://xgear.net/products/laptop-gaming-hp-hyperx-omen-15-ga0091tx-d72d8pa
xgear,Laptop Gaming HP HyperX Omen 15-ga0091TX D72D7PA (Core i5-14450HX | RTX 5060 | 16GB | 512GB | QHD),https://xgear.net/products/laptop-gaming-hp-hyperx-omen-15-ga0091tx-d72d7pa
xgear,MacBook Air M5 15 inch 2026 10CPU 10GPU 24GB 1TB,https://xgear.net/products/macbook-air-m5-15-inch-2026-10cpu-10gpu-24gb-1tb
xgear,Laptop LENOVO Yoga Pro 7 15ASH11 83W5000SVN (Ryzen AI Max+ 388 | AMD Radeon 8060S | 32GB | 512 GB | OLED),https://xgear.net/products/laptop-lenovo-yoga-pro-7-15ash11-83w5000svn
xgear,MacBook Air M5 15 inch 2026 10CPU 10GPU 16GB 1TB,https://xgear.net/products/macbook-air-m5-15-inch-2026-10cpu-10gpu-16gb-1tb
xgear,Laptop Gaming Lenovo Legion 5 15AHP11 83Q7001HVN (R7 250 | RTX 5050 | 16GB | 512GB | OLED),https://xgear.net/products/laptop-gaming-lenovo-legion-5-15ahp11-83q7001hvn
xgear,Laptop gaming Lenovo LOQ 15ARP10E 83S0000GVN (R5 7535HS | RTX 3050 | 16GB | 1TB | 100% sRGB),https://xgear.net/products/laptop-gaming-lenovo-loq-15arp10e-83s0000gvn
xgear,Laptop gaming Lenovo LOQ 15ARP10E 83S000G7VN (Ryzen 5 150 | RTX 3050 | 16GB | 512GB | 100% sRGB),https://xgear.net/products/laptop-gaming-lenovo-loq-15arp10e-83s000g7vn
xgear,Laptop ASUS Zenbook DUO UX8407AA-SN138WS (Ultra X9 388H | Arc™ Graphics | 32 GB | 1TB | 14 inch),https://xgear.net/products/laptop-asus-zenbook-duo-ux8407aa-sn138ws
xgear,Laptop Gigabyte Aorus Master 16 6XJM4VNE64SH (R9 9955HX3D | RTX 5070 Ti | 32GB | 1TB | OLED),https://xgear.net/products/laptop-gigabyte-aorus-master-16-6xjm4vne64sh
xgear,Laptop Gaming MSI Crosshair A16 HX MLG Edition E8WGK-067VN (Ryzen 9 8940HX | RTX 5060 | 16GB | 1TB | 16inch QHD+),https://xgear.net/products/laptop-gaming-msi-crosshair-a16-hx-mlg-edition-e8wgk-067vn
xgear,Laptop Gigabyte AERO X16 4WHN3VNC93AH (R9 AI 465 | RTX 5070 | 16GB | 512GB | 100% sRGB),https://xgear.net/products/laptop-gigabyte-aero-x16-4whn3vnc93ah
xgear,MacBook Air M5 13 inch 2026 10CPU 10GPU 24GB 1TB,https://xgear.net/products/macbook-air-m5-13-inch-2026-10cpu-10gpu-24gb-1tb
xgear,Laptop Gaming Asus TUF F16 FX610JH-TU008W (Core i5-14450HX | RTX 5050 | 16GB | 512GB | 16 inch FHD+),https://xgear.net/products/laptop-gaming-asus-tuf-f16-fx610jh-tu008w
xgear,MacBook Air M5 13 inch 2026 10CPU 10GPU 16GB 1TB,https://xgear.net/products/macbook-air-m5-13-inch-2026-10cpu-10gpu-16gb-1tb
xgear,Laptop Asus TUF F16 FX608JHI-TU210W (Intel Core i5-14450HX | RTX 5050 | 16GB | 512GB | 16 inch WUXGA),https://xgear.net/products/laptop-asus-tuf-f16-fx608jhi-tu210w
xgear,Laptop Gaming Gigabyte A16 GA63H 3VHK3VN893SH (AMD Ryzen 7 260 | RTX 5060 | 16GB | 512GB | 16 inch),https://xgear.net/products/laptop-gaming-gigabyte-a16-ga63h-3vhk3vn893sh
xgear,Laptop gaming Acer Predator Helios Neo 16 PHN16 I31 72XE (Core i7 14650HX | RTX 5060 | 32GB | 512GB | 16 inch),https://xgear.net/products/laptop-gaming-acer-predator-helios-neo-16-phn16-i31-72xe
xgear,Laptop Gaming Asus TUF F16 FX607VJR-TU328W (Intel Core 7 230H | RTX 3050 | 16Gb | 512GB | 16inch FHD+),https://xgear.net/products/laptop-gaming-asus-tuf-f16-fx607vjr-tu328w
xgear,Laptop Gaming Asus TUF F16 FX610JM-TU004W (Core i7-14650HX | RTX 5060 | 16GB | 512GB | 16 inch 144Hz),https://xgear.net/products/laptop-gaming-asus-tuf-f16-fx610jm-tu004w
xgear,Laptop gaming Acer Predator Helios Neo 16 PHN16 I31 74MN (Core i7 14650HX | RTX 5050 | 32GB | 512GB | 16inch),https://xgear.net/products/laptop-gaming-acer-predator-helios-neo-16-phn16-i31-74mn
xgear,Laptop Gaming Acer Predator Helios Neo 16 PHN16 I31 50H7 (Core i5-14450HX | RTX 5050 | 32GB | 512GB | 16 inch),https://xgear.net/products/laptop-gaming-acer-predator-helios-phn16-i31-50h7
xgear,Laptop Gaming Acer Nitro V 15 ProPanel ANV15-51-534U,https://xgear.net/products/laptop-gaming-acer-nitro-v-15-propanel-anv15-51-534u
xgear,MacBook Pro M5 Max 16 inch 2026 18CPU 32GPU 36GB 2TB,https://xgear.net/products/macbook-pro-m5-max-16-inch-18cpu-32gpu-36gb-2tb
xgear,MacBook Pro M5 Pro 16 inch 2026 18CPU 20GPU 24GB 1TB,https://xgear.net/products/macbook-pro-m5-pro-16-inch-18cpu-20gpu-24gb-1tb
xgear,MacBook Pro M5 Pro 14 inch 2026 18CPU 20GPU 24GB 2TB,https://xgear.net/products/macbook-pro-m5-pro-14-inch-2026-18cpu-20gpu-24gb-2tb
xgear,Laptop ASUS Zenbook DUO UX8407AA-SN439WS (Ultra X7 358H | Arc Graphics | 32 GB | 512GB | 14 inch),https://xgear.net/products/laptop-asus-zenbook-duo-ux8407aa-sn439ws
xgear,Laptop Gaming MSI Crosshair A16 HX MLG Edition E8WGK-093VN (Ryzen 9 8940HX | RTX 5070 | 16GB | 1TB | 16inch QHD+),https://xgear.net/products/laptop-gaming-msi-crosshair-a16-hx-mlg-edition-e8wgk-093vn
xgear,MacBook Pro M5 Pro 14 inch 2026 15CPU 16GPU 24GB 1TB,https://xgear.net/products/macbook-pro-m5-pro-14-inch-15cpu-16gpu-24gb-1tb
xgear,Laptop Gaming Nitro ProPanel ANV15-42-R5EF (Ryzen 5 7640HS | RTX 4050 | 16GB | 512GB | 15.6inch FHD),https://xgear.net/products/laptop-gaming-acer-nitro-anv15-42-r5ef
xgear,Laptop Gaming Lenovo LOQ 15IRX9 83DV01H2VN (Core i7-13650HX | RTX 4050 | 16GB | 512GB | 100% sRGB),https://xgear.net/products/laptop-gaming-lenovo-loq-15irx9-83dv01h2vn
xgear,Laptop ASUS ROG Strix G16 G614PH-TS118W ( Ryzen 9 8940HX | 16GB | 512GB | RTX 5050 ),https://xgear.net/products/laptop-asus-rog-strix-g16-g614ph-ts118w
xgear,Laptop Gaming Gigabyte A16-GA63H-3THK3VN893SH (Ryzen 7 260 | RTX 5050 | 16GB | 512GB | 165Hz,https://xgear.net/products/laptop-gaming-gigabyte-a16-ga63h-3thk3vn893sh
xgear,Laptop Gaming MSI Cyborg 15 Black Edition A13VE-2410VN (Core i5-13420H | RTX 4050 | 16GB | 512GB | 15.6 inch FHD 144Hz),https://xgear.net/products/laptop-gaming-msi-cyborg-15-black-edition-a13ve-2410vn
xgear,"Laptop Gaming LENOVO Legion 5 15IRX10 83LY00A7VN (Core i7-14700HX | RTX 5050 | 16GB | 512GB | 15,1 inch)",https://xgear.net/products/laptop-gaming-lenovo-legion-5-15irx10-83ly00a7vn
xgear,Laptop Gaming Lenovo LOQ 15IRX9 83DV01H3VN (Core i7-13645HX | RTX 4050 | 16GB | 512GB | 100% sRGB),https://xgear.net/products/laptop-gaming-lenovo-loq-15irx9-83dv01h3vn
xgear,Laptop Gaming Acer Nitro ProPanel ANV16-72-782F,https://xgear.net/products/laptop-acer-nitro-propanel-anv16-72-782f
xgear,Laptop Gaming Acer Nitro ProPanel ANV15-52-50RB (Intel Core 5 210H | RTX 4050 | 16GB | 512GB | 15.6 inch),https://xgear.net/products/laptop-gaming-acer-nitro-propanel-anv15-52-50rb
xgear,Laptop Gaming Asus AI V16 V3607VU-TK416W (Core 5 | RTX 4050 | 16GB | 512GB | 144Hz),https://xgear.net/products/laptop-gaming-asus-ai-v16-v3607vu-tk416w
xgear,Laptop Gaming Acer Nitro ProPanel ANV15-42-R9EH (Ryzen 7 7445HS | RTX 4050 | 16GB | 512GB | 15.6inch),https://xgear.net/products/laptop-gaming-acer-nitro-propanel-anv15-42-r9eh
xgear,Laptop Gaming Acer Nitro ProPanel ANV15-52-74UM (Intel Core 7 240H | RTX 3050 | 16GB | 512Gb | 15.6inch),https://xgear.net/products/laptop-gaming-acer-nitro-propanel-anv15-52-74um
xgear,Laptop Gaming LENOVO Legion 5 15IRX10 83LY00HQVN (Core i7 13650HX | RTX 5060 | 16GB | 512GB | 100% sRGB),https://xgear.net/products/laptop-gaming-lenovo-legion-5-15irx10-83ly00hqvn
xgear,Laptop Acer Gaming Nitro ProPanel AN16S-61-R9CN (Ryzen 7 AI 350 | RTX 5070 | 16GB | 512GB | 16 inch),https://xgear.net/products/laptop-acer-gaming-nitro-propanel-an16s-61-r9cn-nh-qxgsv-001
xgear,Laptop Acer Gaming Nitro ProPanel AN16S-61-R7ZJ (Ryzen 7 AI 350 | RTX 5060 | 16GB | 512GB | 16 inch),https://xgear.net/products/laptop-acer-gaming-nitro-propanel-an16s-61-r7zj-nh-qxfsv-002
xgear,MacBook Neo 13 inch A18 Pro 8GB-256GB,https://xgear.net/products/macbook-neo-13-inch-a18-pro-2026-6cpu-5gpu-8gb-256gb
xgear,MacBook Neo 13 inch A18 Pro 8GB-512GB,https://xgear.net/products/macbook-neo-13-inch-a18-pro-8gb-512gb
xgear,Laptop Gaming Nitro ProPanel ANV16-72-71T9,https://xgear.net/products/laptop-gaming-acer-nitro-anv16s-71-71t9
xgear,Laptop Gaming Acer Predator Helios 16 AI PH16 73 950C,https://xgear.net/products/laptop-gaming-acer-predator-helios-16-ai-ph16-73-950c
xgear,Laptop Gaming Gigabyte A16 GA65H 5THP3VN893SH (Ryzen 7 170 | RTX 5050 | 16GB | 512GB | 16 inch FHD+ 165Hz),https://xgear.net/products/laptop-gaming-gigabyte-a16-ga65h-5thp3vn893sh
xgear,Laptop Gaming Asus ROG Zephyrus G16 GU606AM-TB032W (Ultra 9 386H | RTX 5060 | 32GB | 1TB | 16 inch),https://xgear.net/products/laptop-gaming-asus-rog-zephyrus-g16-gu606am-tb032w
xgear,Laptop Gaming Asus TUF A16 FA607NUQ RL007W (Ryzen 7 170 | RTX 4050 | 16GB | 512 GB | 16 inch),https://xgear.net/products/laptop-gaming-asus-tuf-a16-fa607nuq-rl007w
xgear,Laptop Gaming Asus AI V16 V3607VJ-RP071W (Core 5 210H | RTX 3050 | 16GB | 512GB | 16 inch),https://xgear.net/products/laptop-gaming-asus-ai-v16-v3607vj-rp071w
xgear,Laptop Gaming Nitro ProPanel ANV16S-71-58WQ,https://xgear.net/products/laptop-gaming-acer-nitro-anv16s-71-58wq
xgear,Laptop Acer Gaming Aspire 7 A715 59G 79XF,https://xgear.net/products/laptop-acer-gaming-aspire-7-a715-59g-79xf
xgear,Laptop Gaming Acer Aspire 7 A715 59G 53GZ,https://xgear.net/products/laptop-gaming-acer-aspire-7-a715-59g-53gz
xgear,Laptop Asus TUF F16 FX608JHI-TU209W (i7-14650HX | RTX 5050 | 16GB | 512GB | 16 inch),https://xgear.net/products/laptop-gaming-asus-tuf-f16-fx608jhi-tu209w
xgear,Laptop Gaming Asus TUF A16 FA608UM-RV266W (Ryzen 7 260 | RTX 5060 | 16GB | 512GB | 16 inch),https://xgear.net/products/laptop-gaming-asus-tuf-f16-fa608um-rv266w
xgear,Laptop Asus TUF F16 FX608JMI TU241W (i7-14650HX | RTX 5060 | 16GB | 512GB | 16 inch),https://xgear.net/products/laptop-gaming-asus-tuf-f16-fx608jmi-tu241w
xgear,Laptop Gaming Asus TUF A16 FA608PP-RV089W (Ryzen 9 8940HX | RTX 5070 | 16GB | 512GB | 16 inch),https://xgear.net/products/laptop-gaming-asus-tuf-f16-fa608pp-rv089w
xgear,Laptop Gaming LENOVO Legion 7 16IAX10 83KY001UVN (Ultra 9 275HX | RTX 5060 | 32GB | 1TB | 16 inch WQXGA OLED 240Hz),https://xgear.net/products/laptop-gaming-lenovo-legion-7-16iax10-83ky001uvn
xgear,Laptop MSI Prestige 14 AI+ D3MG-022VN (Ultra 7 355 | Arc Graphics | 32GB | 1TB | 14 inch),https://xgear.net/products/laptop-msi-prestige-14-ai-d3mg-022vn
xgear,Laptop MSI Prestige 13 AI+ A3MG-036VN (Ultra 9-386H | Arc Graphics | 32GB | 1TB | 13.3 inch),https://xgear.net/products/laptop-msi-prestige-13-ai-a3mg-036vn
xgear,Laptop ASUS TUF Gaming A14 FA401GM-RG013W (Ryzen AI 9 465 | RTX 5060 | 32GB | 1TB | 2.5K),https://xgear.net/products/laptop-asus-tuf-gaming-a14-fa401gm-rg013w
xgear,Laptop ASUS ROG Flow Z13 GZ302EAC-RU184WS (Ryzen AI MAX+ 395 | Radeon 8060S | 128GB | 1TB | 2.5K),https://xgear.net/products/laptop-asus-rog-flow-z13-gz302eac-ru184ws
xgear,Laptop Gaming Lenovo LOQ 15AHP11 83TN0040VN (Ryzen 7 250 | RTX 5050 | 16GB | 512GB | 100% sRGB),https://xgear.net/products/laptop-gaming-lenovo-loq-15ahp11-83tn0040vn
xgear,Laptop Gaming MSI Crosshair 16 HX E14WEK 077VN (Core i7 14650HX | RTX 5050 | 16GB | 512GB | 16 inch),https://xgear.net/products/laptop-gaming-msi-crosshair-16-hx-e14wek-077vn
xgear,Laptop Gaming MSI Crosshair A16 HX E8WFK,https://xgear.net/products/laptop-gaming-msi-crosshair-a16-hx-e8wfk-1
xgear,Laptop Gaming MSI Crosshair A16 HX E8WFK,https://xgear.net/products/laptop-gaming-msi-crosshair-a16-hx-e8wfk
xgear,Laptop Gaming MSI Crosshair 16 HX E14WFK-074VN (i7 14650HX | 16GB | 1TB | RTX 5060 | 16 inch QHD+ 240Hz),https://xgear.net/products/laptop-gaming-msi-crosshair-16-hx-e14vfk-074vn
xgear,Laptop Gaming MSI Crosshair 16 HX E14VFK-075VN (i9 14900HX | 32GB | 1TB | RTX 5060 | 16 inch QHD+ 240Hz),https://xgear.net/products/laptop-gaming-msi-crosshair-16-hx-e14vfk-075vn
xgear,Laptop Gaming MSI Crosshair 16 HX E14WGK,https://xgear.net/products/laptop-gaming-msi-crosshair-16-hx-e14wgk
xgear,Laptop Gaming MSI Stealth 16 AI+ B3WF 007VN (Ultra 9 386H | RTX 5060 | 32GB | 1TB | 16 inch QHD+ 240Hz),https://xgear.net/products/laptop-gaming-msi-stealth-16-ai-b3wf-007vn
xgear,Laptop Gaming MSI Raider 16 Max HX B2WJ,https://xgear.net/products/laptop-gaming-msi-raider-16-max-hx-b2wj
xgear,Laptop Gaming MSI Raider 18 Max HX A2WJ,https://xgear.net/products/laptop-gaming-msi-raider-18-max-hx-a2wj
xgear,Laptop Gaming Acer Nitro V 15 ProPanel ANV15-52-59RR (Core 5 | RTX 5050 | 16GB | 512GB | 100% sRGB),https://xgear.net/products/laptop-gaming-acer-nitro-v-15-propanel-anv15-52-59rr
xgear,Laptop gaming Acer Predator Triton 14 AI PT14-52T-99TU,https://xgear.net/products/laptop-gaming-acer-predator-triton-14-ai-pt14-52t-99tu
xgear,Laptop gaming Acer Predator Triton Neo 16 PTN16 51 78JQ,https://xgear.net/products/laptop-gaming-acer-predator-triton-neo-16-ptn16-51-78jq
xgear,Laptop gaming Acer Predator Helios Neo 16S PHN16S 71 95MS,https://xgear.net/products/laptop-gaming-acer-predator-helios-neo-16s-phn16s-71-95ms
xgear,Laptop gaming Acer Predator Helios Neo 14 PHN14 51 99Y8,https://xgear.net/products/laptop-gaming-acer-predator-helios-neo-14-phn14-51-99y8
xgear,Laptop Gaming LENOVO Legion 5 15IRX10 83LY00HYVN (Core i7 | RTX 5050 | 16GB | 1TB | OLED),https://xgear.net/products/laptop-gaming-lenovo-legion-5-15irx10-83ly00hyvn
xgear,Laptop Gaming Lenovo Legion 5 15AHP10 83M0005FVN (Ryzen 7 | RTX 5060 | 16GB | 32GB | OLED),https://xgear.net/products/laptop-gaming-lenovo-legion-5-15ahp10-83m0005fvn
xgear,Laptop Gaming Acer Nitro Lite 16 NL16-71G 71FN,https://xgear.net/products/laptop-gaming-acer-nitro-lite-16-nl16-71g-71fn
xgear,Laptop Gaming Acer Predator Helios 18 PH18 73 98AQ,https://xgear.net/products/laptop-gaming-acer-predator-helios-18-ph18-73-98aq
xgear,Laptop Gaming Acer Aspire 7 A715 59G 73LB,https://xgear.net/products/laptop-gaming-acer-aspire-7-a715-59g-73lb
xgear,Laptop Gaming Acer Aspire 7 A715 59G 78WG,https://xgear.net/products/laptop-gaming-acer-aspire-7-a715-59g-78wg
xgear,Laptop Gaming Acer Nitro V ProPanel ANV15 52 72BM,https://xgear.net/products/laptop-gaming-acer-nitro-v-propanel-anv15-52-72bm
xgear,Laptop Gaming Lenovo LOQ Essential 15ARP10E 83S0007AVN,https://xgear.net/products/laptop-gaming-lenovo-loq-essential-15arp10e-83s0007avn
xgear,Laptop Gaming Acer Predator Helios Neo 16 AI PHN16 73 98S4,https://xgear.net/products/laptop-gaming-acer-predator-helios-neo-16-ai-phn16-73-98s4
xgear,Laptop Gaming Nitro ProPanel ANV16S-61-R9ZV,https://xgear.net/products/laptop-gaming-acer-nitro-v-16s-ai-propanel-anv16s-61-r9zv
xgear,Laptop Gaming Nitro ProPanel AN16S-61-R193,https://xgear.net/products/laptop-gaming-acer-nitro-v-16s-ai-propanel-an16s-61-r193
xgear,Laptop Gaming Acer Nitro V 16S AI ProPanel ANV16S 71 75LR,https://xgear.net/products/laptop-gaming-acer-nitro-v-16s-ai-propanel-anv16s-71-75lr
xgear,Laptop Gaming Nitro ProPanel ANV16S-61-R7KQ,https://xgear.net/products/laptop-gaming-acer-nitro-v-16s-ai-propanel-anv16s-61-r7kq
xgear,Laptop Gaming Nitro ProPanel ANV16S-41-R337,https://xgear.net/products/laptop-gaming-acer-nitro-v-16s-ai-propanel-anv16s-41-r337
xgear,Laptop Gaming Nitro ProPanel ANV16S-61-R0B8,https://xgear.net/products/laptop-gaming-acer-nitro-v-16s-ai-propanel-anv16s-61-r0b8
xgear,Laptop Gaming Lenovo Legion Pro 7 16IAX10H 83F500JGVN (Legion Pro 7i FIFA World Cup 26™ Edition),https://xgear.net/products/laptop-gaming-lenovo-legion-pro-7-16iax10h-83f500jgvn
xgear,Laptop Gaming Nitro ProPanel ANV15-52-73Z8,https://xgear.net/products/laptop-gaming-acer-nitro-v-15-propanel-anv15-52-73z8
xgear,Laptop Gaming Nitro ProPanel ANV15-52-50VA,https://xgear.net/products/laptop-gaming-acer-nitro-v-15-propanel-anv15-52-50va
xgear,Laptop gaming Acer Nitro V ANV15-41-R732,https://xgear.net/products/laptop-gaming-acer-nitro-v-anv15-41-r732
xgear,Laptop gaming Acer Nitro V ANV15-41-R1JY,https://xgear.net/products/laptop-gaming-acer-nitro-v-anv15-41-r1jy
xgear,Laptop Gaming Acer Nitro Lite 16 NL16 71G 71UJ (Core i7 | RTX 3050 | 16GB | 512GB | 16 inch),https://xgear.net/products/laptop-gaming-acer-nitro-lite-16-nl16-71g-71uj
xgear,Laptop Gaming HP VICTUS 15-fa2732TX B85LPPA,https://xgear.net/products/laptop-gaming-hp-victus-15-fa2732tx-b85lppa
xgear,Laptop Gaming HP VICTUS 15 fa2731TX - B85LNPA,https://xgear.net/products/laptop-gaming-hp-victus-15-fa2731tx-b85lnpa
xgear,Laptop Gaming HP Victus 16-s0138AX 9Q985PA,https://xgear.net/products/laptop-gaming-hp-victus-16-s0138ax-9q985pa
xgear,Laptop Gaming HP Victus 16-s1142AX AZ0C7PA (R7-8845HS | RTX 4060 | 16G | 512SSD | 16.1inch FHD 165Hz),https://xgear.net/products/laptop-gaming-hp-victus-16-s1142ax-az0c7pa
xgear,Laptop Gaming HP Victus 16-s1143AX AZ0C8PA,https://xgear.net/products/laptop-gaming-hp-victus-16-s1143ax-az0c8pa
xgear,Laptop Gaming HP Victus 16-s1145AX AZ0D0PA,https://xgear.net/products/laptop-gaming-hp-victus-16-s1145ax-az0d0pa
xgear,Laptop Gaming HP Victus 16-r1178TX A2NN2PA,https://xgear.net/products/laptop-gaming-hp-victus-16-r1178tx-a2nn2pa
xgear,Laptop Gaming HP Victus 16-r0298TX AE0N5PA,https://xgear.net/products/laptop-gaming-hp-victus-16-r0298tx-ae0n5pa
xgear,Laptop Gaming HP Victus 16-r1182TX A2NN6PA,https://xgear.net/products/laptop-gaming-hp-victus-16-r1182tx-a2nn6pa
xgear,Laptop Gaming Lenovo LOQ Essential 15ARP10E 83S0006QVN (Ryzen 7 | RTX 3050 | 16GB | 512GB | 144Hz),https://xgear.net/products/laptop-gaming-lenovo-loq-essential-15arp10-83s0006qvn
xgear,Laptop Gaming Asus AI V16 V3607VH-RP084W (Core 5-210H | RTX 5050 | 16GB | 512GB | 16 inch),https://xgear.net/products/laptop-gaming-asus-ai-v16-v3607vh-rp084w
xgear,Laptop Gaming Asus AI V16 V3607VU-RP216W (Core 7 | RTX 4050 | 16GB | 512GB | 16 inch),https://xgear.net/products/laptop-gaming-asus-ai-v16-v3607vu-rp216w
xgear,Laptop Gaming Lenovo LOQ Essential 15IRX11 83SC003RVN (i5-13450HX | RTX 5050 | 16GB | 512GB | 100% sRGB),https://xgear.net/products/laptop-gaming-lenovo-loq-essential-15irx11-83sc003rvn
xgear,Laptop Gaming MSI Cyborg 15 A13VEK 2089VN,https://xgear.net/products/laptop-gaming-msi-cyborg-15-a13vek-2089vn
xgear,Laptop Gaming MSI Cyborg 15 B13WEKG 676VN,https://xgear.net/products/laptop-gaming-msi-cyborg-15-b13wekg-676vn
xgear,Laptop Gaming MSI Cyborg 15 B13WFKG 658VN,https://xgear.net/products/laptop-gaming-msi-cyborg-15-b13wfkg-658vn
xgear,"Laptop Acer Gaming Nitro V ANV15-41-R2UP (Ryzen 5 6600H, RTX 2050, 144Hz)",https://xgear.net/products/laptop-acer-gaming-nitro-v-anv15-41-r2up
xgear,Laptop Gaming Nitro ProPanel ANV15-41-R0FE,https://xgear.net/products/laptop-gaming-acer-nitro-v-15-propanel-anv15-41-r0fe
xgear,Laptop Gaming HP Victus 16-s1141AX AZ0C6PA,https://xgear.net/products/laptop-gaming-hp-victus-16-s1141ax-az0c6pa
xgear,Laptop Gaming HP Victus 16-s1146AX AZ0D1PA,https://xgear.net/products/laptop-hp-victus-16-s1146ax-az0d1pa
xgear,Laptop gaming Lenovo Legion 5 15IRX10 83LY00HWVN (Core i7 | RTX 5060 | 16GB | 512GB | OLED),https://xgear.net/products/laptop-gaming-lenovo-legion-5-15irx10-83ly00hwvn
xgear,Laptop Gaming Nitro ProPanel ANV15-41-R7CR,https://xgear.net/products/laptop-gaming-acer-nitro-v-15-propanel-anv15-41-r7cr
xgear,Laptop gaming Acer Nitro V 15 ProPanel ANV15 41 R0Y4,https://xgear.net/products/laptop-gaming-acer-nitro-v-15-propanel-anv15-41-r0y4
xgear,Laptop Gaming Acer Nitro 16 AI ProPanel AN16S 61 R5F4,https://xgear.net/products/laptop-gaming-acer-nitro-16-ai-propanel-an16s-61-r5f4
xgear,"Laptop Gaming Acer Nitro Lite 16 NL16 71G 56WQ (Intel Core i5-13420H, RTX 3050 6GB, 165Hz)",https://xgear.net/products/laptop-gaming-acer-nitro-lite-16-nl16-71g-56wq
xgear,Laptop Gaming Lenovo LOQ 15IRX9 83DV01ALVN (Core i7-13650HX | RTX 4050 | 16GB | 512GB | 100% sRGB),https://xgear.net/products/laptop-gaming-lenovo-loq-15irx9-83dv01alvn
xgear,Laptop Gaming LENOVO Legion 5 15IRX10 83LY00A6VN,https://xgear.net/products/laptop-gaming-lenovo-legion-5-15irx10-83ly00a6vn
xgear,Laptop Gaming Acer Predator Helios 18 PH18 73 93P0,https://xgear.net/products/laptop-gaming-acer-predator-helios-18-ph18-73-93p0
xgear,Laptop Gaming Acer Predator Helios Neo 16 AI PHN16 73 757W,https://xgear.net/products/laptop-gaming-acer-predator-helios-neo-16-ai-phn16-73-757w
xgear,Laptop gaming Acer Nitro V ProPanel ANV15 52 59AA,https://xgear.net/products/laptop-gaming-acer-nitro-v-propanel-anv15-52-59aa
xgear,Laptop Gaming Acer Nitro V ANV15 41 R9M1,https://xgear.net/products/laptop-gaming-acer-nitro-v-anv15-41-r9m1
xgear,Laptop Gigabyte AERO X16 1VH93VNC94DH (Ryzen AI 7 350 | RTX 5060 | 16GB | 1TB | sRGB 100%),https://xgear.net/products/laptop-gigabyte-aero-x16-1vh93vnc94dh
xgear,Laptop Gaming Gigabyte A16 CWHI3VNC94SH (Core i7 | RTX 5070 | 16GB | 1TB | sRGB 100%),https://xgear.net/products/laptop-gaming-gigabyte-a16-cwhi3vnc94sh
xgear,Laptop Gaming Gigabyte A16 CVHI3VNC93SH,https://xgear.net/products/laptop-gaming-gigabyte-a16-cvhi3vnc93sh
xgear,Laptop Gaming Asus AI V16 V3607VH-RP025W (Core 7 240H | RTX 5050 | 16GB | 512GB | 16 inch),https://xgear.net/products/laptop-gaming-asus-ai-v16-v3607vh-rp025w
xgear,Laptop Gaming Gigabyte A16 CMHI2VN894SH (Core i7 -13620H | RTX 4050 | 16GB | 1TB | 165Hz),https://xgear.net/products/laptop-gaming-gigabyte-a16-cmhi2vn894sh
xgear,Laptop Gaming MSI Thin 15 B13UC 3247VN,https://xgear.net/products/laptop-gaming-msi-thin-15-b13uc-3247vn
xgear,Laptop Gaming MSI Katana 15 B13UDXK 2412VN (Core i5-13420H | RTX 3050 | 8GB | 1TB | 15.6 inch FHD),https://xgear.net/products/laptop-gaming-msi-katana-15-b13udxk-2412vn
xgear,Laptop MSI Venture A14 AI+ A3HMG 004VN,https://xgear.net/products/laptop-msi-venture-a14-ai-a3hmg-004vn
xgear,Laptop Gaming MSI Vector 16 HX AI A2XWJG 470VN (Ultra 9 | RTX 5090 | 32GB | 1TB | QHD),https://xgear.net/products/laptop-gaming-msi-vector-16-hx-ai-a2xwjg-470vn
xgear,Laptop Gaming MSI Stealth 18 HX AI A2XWJG 073VN,https://xgear.net/products/laptop-gaming-msi-stealth-18-hx-ai-a2xwjg-073vn
xgear,Laptop Gaming Asus AI V16 V3607VU-RP290W (Core 5 | RTX 4050 | 16GB | 512GB | 144Hz),https://xgear.net/products/laptop-gaming-asus-ai-v16-v3607vu-rp290w
xgear,Laptop Gaming LENOVO Legion 7 16IAX10 83KY001VVN (Intel Core Ultra 9 275HX | RTX 5070 | 32GB | 1TB | 16 inch WQXGA OLED 240Hz),https://xgear.net/products/laptop-gaming-lenovo-legion-7-16iax10-83ky001vvn
xgear,Laptop Gaming LENOVO Legion 5 15AHP10 83M00030VN (AMD Ryzen 7 260 | RTX 5060 | 24GB | 1TB | 15.1 inch WQXGA OLED 165Hz),https://xgear.net/products/laptop-gaming-lenovo-legion-5-15ahp10-83m00030vn
xgear,Laptop Gaming LENOVO Legion 5 15IRX10 83LY004VVN,https://xgear.net/products/laptop-gaming-lenovo-legion-5-15irx10-83ly004vvn
xgear,Laptop Gaming LENOVO Legion 5 15IRX10 83LY004GVN,https://xgear.net/products/laptop-gaming-lenovo-legion-5-15irx10-83ly004gvn
xgear,Laptop Gaming MSI Stealth A16 Mercedes AMG AI+ A3XWGGG 032VN (AMD Ryzen AI 9 HX 370 | RTX 5070 | 32GB | 2TB | 16 inch QHD+ OLED 240Hz),https://xgear.net/products/laptop-gaming-msi-stealth-a16-mercedes-amg-ai-a3xwggg-032vn
xgear,Laptop Gaming OMEN MAX 16 16-ah0186TX,https://xgear.net/products/laptop-gaming-omen-max-16-16-ah0186tx
xgear,Laptop Gaming OMEN MAX 16 16-ah0213TX C1WR2PA,https://xgear.net/products/laptop-gaming-omen-max-16-16-ah0213tx
xgear,Laptop Gaming OMEN MAX 16 16-ah0212TX C1WR1PA,https://xgear.net/products/laptop-gaming-omen-max-16-16-ah0212tx
xgear,Laptop Gaming ASUS ROG Flow Z13 GZ302EA-RU145WS (Ryzen AI MAX | AMD Radeon | 128GB | 1TB | 2.5K),https://xgear.net/products/laptop-gaming-asus-rog-flow-z13-gz302ea-ru145ws
xgear,Laptop Gaming LENOVO Legion 5 15IRX10 83LY004JVN,https://xgear.net/products/laptop-gaming-lenovo-legion-5-15irx10-83ly004jvn
xgear,Laptop Gaming MSI Crosshair 16 HX AI D2XWFKG-036VN (Ultra 7 | RTX 5060 | 16GB | 1TB | 2K),https://xgear.net/products/laptop-gaming-msi-crosshair-16-hx-ai-d2xwfkg-036vn
xgear,Laptop Gaming MSI Katana 15 HX B14WFK 267VN,https://xgear.net/products/laptop-gaming-msi-katana-15-hx-b14wfk-267vn
xgear,Laptop Gaming Asus AI V16 V3607VM-RP044W,https://xgear.net/products/laptop-gaming-asus-ai-v16-v3607vm-rp044w
xgear,Laptop Gaming Asus AI V16 V3607VH-RP024W (Core 5 | RTX 5050 | 16GB | 512GB | 16 inch),https://xgear.net/products/laptop-gaming-asus-ai-v16-v3607vh-rp024w
xgear,Laptop Gaming Gigabyte A16 CWHI3VN864SH,https://xgear.net/products/laptop-gaming-gigabyte-a16-cwhi3vn864sh
xgear,Laptop Gaming Gigabyte A16 CVHI3VN893SH (i7-13620H | RTX 5060 | 16GB | 512GB | 165Hz),https://xgear.net/products/laptop-gaming-gigabyte-a16-cvhi3vn893sh
xgear,Laptop Gaming Gigabyte A16 CTHH3VN893SH (i5-13420H | RTX 5050 | 16GB | 512GB | 165Hz),https://xgear.net/products/laptop-gaming-gigabyte-a16-cthh3vn893sh
xgear,Laptop Gaming Gigabyte A16 CTHI3VN893SH (i7-13620H | RTX 5050 | 16GB | 512GB | 165Hz),https://xgear.net/products/laptop-gaming-gigabyte-a16-cthi3vn893sh
xgear,Laptop Gaming Gigabyte G6X 9MG 42VN854SH,https://xgear.net/products/laptop-gaming-gigabyte-g6x-9mg-42vn854sh
xgear,Laptop Gaming Gigabyte G6X 9MG 42VN853SH,https://xgear.net/products/laptop-gaming-gigabyte-g6x-9mg-42vn853sh
xgear,Laptop Gaming Gigabyte G6X 9KG 43VN854SH,https://xgear.net/products/laptop-gaming-gigabyte-g6x-9kg-43vn854sh
xgear,Laptop Gaming Gigabyte G6X 9KG 43VN853SH,https://xgear.net/products/laptop-gaming-gigabyte-g6x-9kg-43vn853sh
xgear,Laptop Gaming Gigabyte AORUS 16X ASG 53VNC94SH,https://xgear.net/products/laptop-gaming-gigabyte-aorus-16x-asg-53vnc94sh
xgear,Laptop Gigabyte AERO X16 1VH93VNC64AH (Ryzen AI 7 | RTX 5060 | 32GB | 1TB | sRGB 100%),https://xgear.net/products/laptop-gigabyte-aero-x16-1vh93vnc64ah
xgear,Laptop Gaming Gigabyte A16 GA6H CMHH2VN893SH (Core i5 | RTX 4050 | 16GB | 512GB | 165Hz),https://xgear.net/products/laptop-gaming-gigabyte-a16-cmhh2vn893sh
xgear,Laptop Gaming Lenovo Legion Pro 5 16IAX10 83F3003VVN,https://xgear.net/products/laptop-gaming-lenovo-legion-pro-5-16iax10-83f3003vvn
xgear,Laptop Gaming Lenovo Legion Pro 5 16IAX10 83F3002GVN,https://xgear.net/products/laptop-gaming-lenovo-legion-pro-5-16iax10-83f3002gvn
xgear,Laptop Gaming Lenovo Legion Pro 7 16IAX10H 83F5008WVN,https://xgear.net/products/laptop-gaming-lenovo-legion-pro-7-16iax10h-83f5008wvn
xgear,Laptop Gaming Lenovo Legion 5 15IAX10 83F0003BVN,https://xgear.net/products/laptop-gaming-lenovo-legion-5-15iax10-83f0003bvn
xgear,Laptop Gaming Lenovo Legion 5 15IAX10 83F0003CVN,https://xgear.net/products/laptop-gaming-lenovo-legion-5-15iax10-83f0003cvn
xgear,Laptop Gaming Lenovo Legion 5 15AHP10 83M0002XVN (Ryzen 7 | RTX 5050 | 24GB | 512GB | 165 Hz),https://xgear.net/products/laptop-gaming-lenovo-legion-5-15ahp10-83m0002xvn
xgear,Laptop Gaming Lenovo Legion 5 15AHP10 83M0002YVN,https://xgear.net/products/laptop-gaming-lenovo-legion-5-15ahp10-83m0002yvn
xgear,Laptop Gaming Lenovo LOQ 15AHP10 83JG0047VN (Ryzen 7 250 | RTX 5050 | 16GB | 512GB | 100% sRGB),https://xgear.net/products/laptop-gaming-lenovo-loq-15ahp10-83jg0047vn
xgear,Laptop Gaming LENOVO Legion Pro 7 16IAX10H 83F5008VVN,https://xgear.net/products/laptop-gaming-lenovo-legion-pro-7-16iax10h-83f5008vvn
xgear,"Laptop Gaming Lenovo LOQ 15ARP9 83JC00HXVN (Ryzen 5 7235HS, RTX 3050 6GB, 100% sRGB)",https://xgear.net/products/laptop-gaming-lenovo-loq-15arp9-83jc00hxvn
xgear,Laptop Gaming MSI Katana 15 HX B14WEK 286VN (Core i5 | RTX 5050 | 16GB | 512GB | 2K),https://xgear.net/products/laptop-gaming-msi-katana-15-hx-b14wek-286vn
xgear,Laptop Gaming MSI Katana 15 HX B14WEK 027VN (Core i7 | RTX 5050 | 32GB | 512GB | 2K),https://xgear.net/products/laptop-gaming-msi-katana-15-hx-b14wek-027vn
xgear,Laptop Gaming MSI Katana 15 HX B14WFK 025VN,https://xgear.net/products/laptop-gaming-msi-katana-15-hx-b14wfk-025vn
xgear,Laptop Gaming Gigabyte Aorus Master 16 BYH-C5VNE64SH,https://xgear.net/products/laptop-gaming-gigabyte-aorus-master-16-byh-c5vne64sh
xgear,"Laptop Lenovo LOQ Essential 15IAX9E 83LK0079VN (i5-12450HX, RTX 3050 6GB, 100% sRGB)",https://xgear.net/products/laptop-lenovo-loq-essential-15iax9e-83lk0079vn
xgear,Laptop MSI Prestige 13 AI+ Evo A2VMG 062VN,https://xgear.net/products/laptop-msi-prestige-13-ai-evo-a2vmg-062vn
xgear,Laptop Gaming MSI Pulse 16 AI C1VGKG 061VN,https://xgear.net/products/laptop-gaming-msi-pulse-16-ai-c1vgkg-061vn
xgear,Laptop MSI Prestige 14 AI Evo C1MG 081VN,https://xgear.net/products/laptop-msi-prestige-14-ai-evo-c1mg-081vn
xgear,Laptop Gaming MSI Vector 16 HX AI A2XWHG 010VN,https://xgear.net/products/laptop-gaming-msi-vector-16-hx-ai-a2xwhg-010vn
xgear,Laptop Gaming MSI Titan 18 HX AI A2XWJG 034VN Dragon Edition Norse Myth,https://xgear.net/products/laptop-gaming-msi-titan-18hx-ai-a2xwjg-034vn-dragon-edition-norse-myth
xgear,Laptop Gaming Gigabyte AORUS 16X ASG 53VNC54SH,https://xgear.net/products/laptop-gaming-gigabyte-aorus-16x-asg-53vnc54sh
xgear,Laptop Gaming Gigabyte AORUS 16X 9KG 43VNC54SH (i7-13650HX | RTX 4060 | 16GB | 1TB | 100% sRGB),https://xgear.net/products/laptop-gaming-gigabyte-aorus-16x-9kg-43vnc54sh
xgear,Laptop Gaming Acer Nitro V ANV16 41 R36Y,https://xgear.net/products/laptop-gaming-acer-nitro-v-anv16-41-r36y-nh-qp1sv-004
xgear,Laptop Gaming Acer Nitro V ANV16 41 R7EN,https://xgear.net/products/laptop-gaming-acer-nitro-v-anv16-41-r7en-nh-qp2sv-004
xgear,Laptop Gaming Acer Nitro V ANV16 41 R6ZY,https://xgear.net/products/laptop-gaming-acer-nitro-v-anv16-41-r6zy
xgear,Laptop Gaming HP VICTUS 16-r0228TX 9Q979PA,https://xgear.net/products/laptop-gaming-hp-victus-16-r0228tx-9q979pa
xgear,Laptop Lenovo Yoga Slim 7x Snapdragon X Elite/16GB/512GB/14.5 3K 90Hz/Touch/Win11,https://xgear.net/products/laptop-lenovo-yoga-slim-7x-snapdragon-x-elite
xgear,Laptop Gaming MSI Sword 16 HX B14VGKG 466VN (20th Edition),https://xgear.net/products/laptop-gaming-msi-sword-16-hx-b14vgkg-466vn-20th-edition
xgear,Laptop MSI Prestige 13 AI Evo A1MG 062VN,https://xgear.net/products/laptop-msi-prestige-13-ai-evo-a1mg-062vn
xgear,"Laptop MSI Gaming GF63 Thin 11UC 1228VN i7 11800H/8GB/512GB/15.6""F 144Hz/RTX3050MaxQ 4GB/Win11",https://xgear.net/products/laptop-msi-gaming-gf63-thin-11uc-1228vn
xgear,Laptop Gaming Asus ROG Strix G15 G513IE HN729W,https://xgear.net/products/laptop-gaming-asus-rog-strix-g15-g513ie-hn729w
xgear,Laptop Gaming Gigabyte A5 K1 AVN1030SB,https://xgear.net/products/laptop-gigabyte-a5-k1-avn1030sb
xgear,Laptop Acer Predator Helios 18 PH18 71 981G,https://xgear.net/products/laptop-acer-predator-helios-18-ph18-71-981g
xgear,Laptop Gaming MSI Vector GP68 HX 12VH 070VN,https://xgear.net/products/laptop-gaming-msi-vector-gp68-hx-12vh-070vn
xgear,Laptop Gaming Lenovo LOQ 15APH8 82XT00BTVN,https://xgear.net/products/laptop-gaming-lenovo-loq-15aph8-82xt00btvn
xgear,Laptop Gaming Asus TUF A15 FA507NU LP045W,https://xgear.net/products/laptop-gaming-asus-tuf-a15-fa507nu-lp045w
xgear,Laptop Gaming Asus TUF A15 FA507XI LP420W,https://xgear.net/products/laptop-gaming-asus-tuf-a15-fa507xi-lp420w
xgear,Laptop Gaming Acer Nitro 5 Tiger AN515 58 52SP i5 12500H/8GB/512GB/15.6F 144Hz/RTX3050 4GB/Win11,https://xgear.net/products/laptop-acer-nitro-5-tiger-an515-58-52sp
xgear,Laptop Gaming Acer Nitro 5 Eagle AN515 57 54MV / 553E,https://xgear.net/products/laptop-acer-nitro-5-an515-57-54mv
xgear,Laptop Gaming Lenovo LOQ 15IRH8 82XV00QQVN,https://xgear.net/products/laptop-gaming-lenovo-loq-15irh8-82xv00qqvn
tinhocngoisao,"Laptop Dell Pro 15 Essential PV 15250 | i5-1334U, 8GB DDR5, SSD 512GB NVMe, 15.6"" FHD IPS 120Hz",https://tinhocngoisao.com/products/laptop-dell-pro-15-essential-pv-15250-i5-1334u-8gb-ddr5-ssd-512gb-nvme-15-6-fhd-ips-120hz
tinhocngoisao,"Laptop HP 250 G10 A06FDPT | i7-1355U, 16GB DDR4, SSD 512GB NVMe, 15.6"" FHD, Windows 11 Home, Bạc",https://tinhocngoisao.com/products/laptop-hp-250-g10-a06fdpt-i7-1355u-16gb-ddr4-ssd-512gb-nvme-15-6-fhd-windows-11-home-bac
tinhocngoisao,"Laptop ASUS Vivobook 14 X1404VAP-V14.C58256 | Core 5-120U, 16GB DDR4, SSD 256GB NVMe, 14"" FHD IPS-level 60Hz, Intel UHD Graphics, Quiet Blue",https://tinhocngoisao.com/products/laptop-asus-vivobook-14-x1404vap-v14-c58256-core-5-120u-16gb-ddr4-ssd-256gb-nvme-14-fhd-ips-level-60hz-intel-uhd-graphics-quiet-blue
tinhocngoisao,"Laptop HP 15-FD2050WM D4JK5UA | Core Ultra 5-225U, 16GB DDR5, SSD 512GB Nvme, 15.6"" FHD, Touch, Win 11, Natural Silver",https://tinhocngoisao.com/products/laptop-hp-15-fd2050wm-d4jk5ua-core-ultra-5-225u-16gb-ddr5-ssd-512gb-nvme-15-6-fhd-touch-win-11-natural-silver
tinhocngoisao,"Laptop Dell 15 DC15250-5434BLK PUS (M4CFY) | i5-1334U, 8GB DDR5, SSD 512GB NVMe, 15.6"" FHD Touch, Win 11",https://tinhocngoisao.com/products/laptop-dell-15-dc15250-5434blk-pus-m4cfy-i5-1334u-8gb-ddr5-ssd-512gb-nvme-15-6-fhd-touch-win-11
tinhocngoisao,"Laptop văn phòng Acer Aspire Go 15 AG15-72P-54GY | CORE 5 120U, 16GB, SSD 512GB, 15.6"" FHD",https://tinhocngoisao.com/products/laptop-acer-aspire-go-ag15-72p-54gy-nx-jrrsv-002-bac
tinhocngoisao,"Laptop Gaming Gigabyte A16 CVHI3MY893SH (GA6H) | i7-13620H, 16GB DDR5, SSD 512GB NVMe, RTX 5060 8GB, 16"" FHD+ 165Hz, Windows 11 SL, Đen",https://tinhocngoisao.com/products/laptop-gaming-gigabyte-a16-cvhi3my893sh-ga6h-i7-13620h-16gb-ddr5-ssd-512gb-nvme-rtx-5060-8gb-16-fhd-165hz-windows-11-sl-den
tinhocngoisao,"Laptop Gaming Lenovo LOQ 15IRX10 83JE00PEVN | i7-13650HX, 16GB DDR5, SSD 512GB NVMe, RTX 5050 8GB GDDR7, 15.6"" FHD IPS 144Hz, W11H, Xám",https://tinhocngoisao.com/products/laptop-gaming-lenovo-loq-15irx10-83je00pevn-i7-13650hx-16gb-ddr5-ssd-512gb-nvme-rtx-5050-8gb-gddr7-15-6-fhd-ips-144hz-w11h-xam
tinhocngoisao,"Laptop HP 15-fd1289TU C2CV8PA | Ultra 7-155H, 16GB DDR5, SSD 512GB NVMe, 15.6"" FHD, Intel Graphics, Win11 Home 64, Bạc",https://tinhocngoisao.com/products/laptop-hp-15-fd1289tu-c2cv8pa-ultra-7-155h-16gb-ddr5-ssd-512gb-nvme-15-6-fhd-intel-graphics-win11-home-64-bac
tinhocngoisao,"Laptop HP 250 G10 B3WA8AT | i5-1334U, 16GB DDR4, SSD 512GB NVMe, 15.6"" FHD IPS, Intel Graphics, Bạc",https://tinhocngoisao.com/products/laptop-hp-250-g10-b3wa8at-i5-1334u-16gb-ddr4-ssd-512gb-nvme-15-6-fhd-ips-intel-graphics-bac
tinhocngoisao,"Laptop Dell 15 Pro Essential PV 15250 (VKVKD) | Intel Core 3-100U, 8GB DDR5, SSD 512GB NVMe, 15.6"" FHD IPS 120Hz, Intel Graphics, Dos/Ubuntu, Đen",https://tinhocngoisao.com/products/laptop-dell-15-pro-essential-pv-15250-vkvkd-intel-core-3-100u-8gb-ddr5-ssd-512gb-nvme-15-6-fhd-ips-120hz-intel-graphics-dos-ubuntu-den
tinhocngoisao,"Laptop Dell 15 DC15250 CPH992 | i5-1334U, 16GB DDR5, SSD 512GB NVMe, 15.6"" FHD 120Hz, Win 11, Bạc",https://tinhocngoisao.com/products/laptop-dell-15-dc15250-cph992-i5-1334u-16gb-ddr5-ssd-512gb-nvme-15-6-fhd-120hz-win-11-bac
tinhocngoisao,"Laptop ACER Aspire Go 14 AG14-72P-563L | Core 5-120U, 16G DDR4, 512G NVMe, 14"" FHD, Win 11, Bạc (NX.JSBSV.002)",https://tinhocngoisao.com/products/laptop-acer-aspire-go-14-ag14-72p-563l-core-5-120u-16g-ddr4-512g-nvme-14-fhd-win-11-bac-nx-jsbsv-002
tinhocngoisao,"Laptop Dell 16 DC16251 | i5-120U, 8GB DDR5, SSD 512GB NVMe, 16"" FHD+ Touch, Win 11, Silver",https://tinhocngoisao.com/products/laptop-dell-16-dc16251-i5-120u-8gb-ddr5-ssd-512gb-nvme-16-fhd-touch-win-11-silver
tinhocngoisao,"Laptop Acer Aspire Lite 14 AL14-45P-R7Z3 | AMD Ryzen 3 5400U, 8GB DDR4, SSD 512GB NVMe, UMA, 14"" FHD+, Win11, Bạc (NX.DPESV.002)",https://tinhocngoisao.com/products/laptop-acer-aspire-lite-14-al14-45p-r7z3-amd-ryzen-3-5400u-8gb-ddr4-ssd-512gb-nvme-uma-14-fhd-win11-bac-nx-dpesv-002
tinhocngoisao,"Laptop Văn phòng HP ProBook 450 G10 B73TPAT | i5 1334U, 16GB, SSD 512GB, 15.6"" FHD",https://tinhocngoisao.com/products/laptop-hp-probook-450-g10-b73tpat
tinhocngoisao,"Laptop Acer Aspire Lite AL15-49P-R6XX | R5-7430U, 8GB DDR4, SSD 512GB NVMe, 15.6"" FHD, W11SL, Bạc",https://tinhocngoisao.com/products/laptop-acer-aspire-lite-al15-49p-r6xx-r5-7430u-8gb-ddr4-ssd-512gb-nvme-15-6-fhd-w11sl-bac
tinhocngoisao,"Laptop Gaming Lenovo LOQ 15ARP10E 83S0000DVN | R5-7535HS, 16GB DDR5, SSD 512GB NVMe, 15.6"" FHD 144Hz, RTX 3050 6GB, W11SL, Xám",https://tinhocngoisao.com/products/laptop-gaming-lenovo-loq-15arp10e-83s0000dvn-r5-7535hs-16gb-ddr5-ssd-512gb-nvme-15-6-fhd-144hz-rtx-3050-6gb-w11sl-xam
tinhocngoisao,"Laptop ACER Aspire Go 15 AI AG15-52P-52WT | Ultra 5 115U, 16GB DDR5, SSD 512GB NVMe, UMA, 15.6"" FHD IPS, Win 11, Bạc (NX.JWKSV.001)",https://tinhocngoisao.com/products/laptop-acer-aspire-go-15-ai-ag15-52p-52wt-ultra-5-115u-16gb-ddr5-ssd-512gb-nvme-uma-15-6-fhd-ips-win-11-bac-nx-jwksv-001
tinhocngoisao,"Laptop Dell DC15250-7982BLK H5YXJ | i7 1355U, 16GB DDR4, SSD 1TB NVMe, 15.6"" FHD Touch, Win 11, Đen",https://tinhocngoisao.com/products/laptop-dell-dc15250-7982blk-h5yxj-i7-1355u-16gb-ddr4-ssd-1tb-nvme-15-6-fhd-touch-win-11-den
tinhocngoisao,"Laptop Dell DC15250 71092479 | i5-1334U, 16GB DDR5, SSD 512GB NVMe, 15.6"" FHD 120Hz, Bạc",https://tinhocngoisao.com/products/laptop-dell-dc15250-71092479-i5-1334u-16gb-ddr5-ssd-512gb-nvme-15-6-fhd-120hz-bac
tinhocngoisao,"Laptop Dell 16 DC16251 (P131F001) | Core 7 150U, 16GB DDR5, SSD 1TB NVMe, 16"" FHD+ Touch, W11, Ice Blue (LDC16251-7537CLD-PUS)",https://tinhocngoisao.com/products/laptop-dell-16-dc16251-p131f001-core-7-150u-16gb-ddr5-ssd-1tb-nvme-16-fhd-touch-w11-ice-blue-ldc16251-7537cld-pus
tinhocngoisao,"Laptop Gaming Lenovo LOQ 15ARP10E 83S0006RVN | AMD Ryzen 7 7735HS, 16GB DDR5, SSD 1TB, RTX 3050 6GB, 15.6"" FHD 144Hz, Win 11, Xám",https://tinhocngoisao.com/products/laptop-gaming-lenovo-loq-15arp10e-83s0006rvn-amd-ryzen-7-7735hs-16gb-ddr5-ssd-1tb-rtx-3050-6gb-15-6-fhd-144hz-win-11-xam
tinhocngoisao,"Laptop Gaming ASUS ROG Strix G16 (2025) G614PM-TS147W | R9-8940HX, 16GB DDR5, 512GB NVMe, RTX 5060 8GB GDDR7, 16"" WQXGA 300Hz, Xám",https://tinhocngoisao.com/products/laptop-gaming-asus-rog-strix-g16-2025-g614pm-ts147w-r9-8940hx-16gb-ddr5-512gb-nvme-rtx-5060-8gb-gddr7-16-wqxga-300hz-xam
tinhocngoisao,"Laptop HP Probook 440 G11 | Core Ultra 7-155H, 16GB DDR5, SSD 512GB NVMe, 14"" WUXGA Touch, Win11 Home 64, Bạc (A74BLPA)",https://tinhocngoisao.com/products/laptop-hp-probook-440-g11-core-ultra-7-155h-16gb-ddr5-ssd-512gb-nvme-14-wuxga-touch-win11-home-64-bac-a74blpa
tinhocngoisao,"Laptop Dell DC15250 71092480 | Core i7-1355U, 16GB DDR5, SSD 512GB NVMe, 15.6"" FHD 120Hz, Win 11 Home, Bạc",https://tinhocngoisao.com/products/laptop-dell-dc15250-71092480-core-i7-1355u-16gb-ddr5-ssd-512gb-nvme-15-6-fhd-120hz-win-11-home-bac
tinhocngoisao,"Laptop Lenovo Thinkbook 16 G9 IRL (21US008DVA) | i5-13420H, 16GB DDR5, SSD 512G NVMe, 16"" WUXGA IPS, Xám",https://tinhocngoisao.com/products/laptop-lenovo-thinkbook-16-g9-irl-21us008dva-i5-13420h-16gb-ddr5-ssd-512g-nvme-16-wuxga-ips-xam
tinhocngoisao,"Laptop ASUS TUF Gaming A16 FA607NUG-RL129W | R7-7445HS, 16GB DDR5, SSD 512GB NVMe, RTX 4050 6GB, 16"" WUXGA, Win 11, Xám",https://tinhocngoisao.com/products/laptop-asus-tuf-gaming-a16-fa607nug-rl129w-r7-7445hs-16gb-ddr5-ssd-512gb-nvme-rtx-4050-6gb-16-wuxga-win-11-xam
tinhocngoisao,"Laptop ASUS Vivobook 14 X1407AA-LY360W | Intel Core Ultra 5 325, 16GB DDR5, SSD 512GB NVMe, 14"" WUXGA IPS, Win 11, Bạc",https://tinhocngoisao.com/products/laptop-asus-vivobook-14-x1407aa-ly360w-intel-core-ultra-5-325-16gb-ddr5-ssd-512gb-nvme-14-wuxga-ips-win-11-bac
tinhocngoisao,"Laptop văn phòng Dell Latitude 3450 C3M94 (P169G003) | i3-1315U, 8GB RAM, SSD 256GB NVMe ,14"" FHD, Windows 11 Pro, Đen",https://tinhocngoisao.com/products/laptop-van-phong-dell-latitude-3450-c3m94-p169g003-i3-1315u-8gb-ram-ssd-256gb-nvme-14-fhd-windows-11-pro-den
tinhocngoisao,"Laptop Gaming Acer Nitro Propanel ANV15-41-R732 | R5-6600H, 16GB DDR5, SSD 512GB NVMe, 15.6"" FHD 165Hz IPS, RTX 4050 6GB, W11 (NH.QPESV.005)",https://tinhocngoisao.com/products/laptop-gaming-acer-nitro-anv15-41-r732-r5-6600h-16gb-ddr5-ssd-512gb-nvme-15-6-fhd-165hz-ips-rtx-4050-6gb-w11-den-nh-qpesv-005
tinhocngoisao,"Laptop Gaming ACER Aspire 7 A715-59G-78WG (NH.QX6SV.006) | i7-13620H, 16GB DDR4, SSD 512GB NVMe, RTX 3050 6GB, 15.6"" FHD 144Hz, Win11, Đen",https://tinhocngoisao.com/products/laptop-gaming-acer-aspire-7-a715-59g-78wg-nh-qx6sv-006-i7-13620h-16gb-ddr4-ssd-512gb-nvme-rtx-3050-6gb-15-6-fhd-144hz-win11-den
tinhocngoisao,"Laptop Văn phòng Microsoft Surface Studio 9Y100034 | i5 11300H, 16GB, SSD 512GB, Intel Iris Xe Graphics, 14.4"" 2K (NK)",https://tinhocngoisao.com/products/laptop-microsoft-surface-studio-1964-9y100034
tinhocngoisao,"Laptop ASUS Vivobook 14 X1404MA-EB027W | Core 3 304, 8GB DDR5, SSD 512GB NVMe, 14"" FHD IPS, Windows 11 Home, Bạc",https://tinhocngoisao.com/products/laptop-asus-vivobook-14-x1404ma-eb027w-core-3-304-8gb-ddr5-ssd-512gb-nvme-14-fhd-ips-windows-11-home-bac
tinhocngoisao,"Laptop Lenovo IdeaPad Slim 3 14IPH11 83UQ003NVN | Core U5-322, 16GB DDR5, SSD 512GB NVMe, 14"" WUXGA IPS, Intel Graphics, Luna Grey",https://tinhocngoisao.com/products/laptop-lenovo-ideapad-slim-3-14iph11-83uq003nvn-core-u5-322-16gb-ddr5-ssd-512gb-nvme-14-wuxga-ips-intel-graphics-luna-grey
tinhocngoisao,"Laptop ASUS Vivobook 14 X1404MA-EB219W | Core 5-320, 8GB DDR5, SSD 512GB NVMe, 14"" FHD IPS, Windows 11 Home, Bạc",https://tinhocngoisao.com/products/laptop-asus-vivobook-14-x1404ma-eb219w-core-5-320-8gb-ddr5-ssd-512gb-nvme-14-fhd-ips-windows-11-home-bac
tinhocngoisao,"Laptop Văn phòng DELL Inspiron 14 NDY5V1 | i5 1334U, 16GB, SSD 512GB, 14"" FHD+",https://tinhocngoisao.com/products/laptop-dell-ins14-5440-ndy5v1
tinhocngoisao,"Laptop Acer Aspire Lite 14 AL14-44P-R0SP | AMD Ryzen 7 7730U, 8GB DDR4, SSD 512GB NVMe, UMA, 14"" FHD+, Win11, Bạc (NX.DMCSV.003)",https://tinhocngoisao.com/products/laptop-acer-aspire-lite-14-al14-44p-r0sp-amd-ryzen-7-7730u-8gb-ddr4-ssd-512gb-nvme-uma-14-fhd-win11-bac-nx-dmcsv-003
tinhocngoisao,"Laptop Dell 15 DC15250-i5U165W11SLU-27 | i5-1334U, 16GB DDR5, SSD 512GB, 15.6"" FHD, Win 11, Bạc",https://tinhocngoisao.com/products/laptop-dell-15-dc15250-i5u165w11slu-27-i5-1334u-16gb-ddr5-ssd-512gb-15-6-fhd-win-11-bac
tinhocngoisao,"Laptop Dell Inspiron 15 DC15250 P112F010 | i5-1334U, 16GB DDR4, SSD 512GB NVMe, 15.6"" FHD, Touchscreen, Win 11, Carbon Black (LDC15250-5315BLK-PUS)",https://tinhocngoisao.com/products/laptop-dell-inspiron-15-dc15250-p112f010-i5-1334u-16gb-ddr4-ssd-512gb-nvme-15-6-fhd-touchscreen-win-11-carbon-black-ldc15250-5315blk-pus
tinhocngoisao,"Laptop Gaming GIGABYTE A16-CMHI2MY893SH (GA6H) | i7-13620H, 16GB DDR5, SSD 512GB NVMe, 16"" FHD+ 165Hz, RTX 4050 6GB, Win11SL, Đen",https://tinhocngoisao.com/products/laptop-gaming-gigabyte-a16-cmhi2my893sh-ga6h-i7-13620h-16gb-ddr5-ssd-512gb-nvme-16-fhd-165hz-rtx-4050-6gb-win11sl-den
tinhocngoisao,"Laptop Lenovo IdeaPad Slim 3 14IWC11 83RQ002NVN | Core 5 320, 16GB DDR5, SSD 512GB NVMe, Intel Graphics, 14"" WUXGA IPS, Win 11 Home, Luna Grey",https://tinhocngoisao.com/products/laptop-lenovo-ideapad-slim-3-14iwc11-83rq002nvn-core-5-320-16gb-ddr5-ssd-512gb-nvme-intel-graphics-14-wuxga-ips-win-11-home-luna-grey
tinhocngoisao,"Laptop Gaming LENOVO LOQ 15IRX10 83JE01AGVN | i7-13645HX, 16GB DDR5, SSD 512GB NVMe, RTX 5050 8GB, 15.6"" FHD IPS 144Hz",https://tinhocngoisao.com/products/laptop-gaming-lenovo-loq-15irx10-83je01agvn-i7-13645hx-16gb-ddr5-ssd-512gb-nvme-rtx-5050-8gb-15-6-fhd-ips-144hz
tinhocngoisao,"Laptop ASUS Zenbook 14 UX3405CA-ST628W | U5 225H, 16GB DDR5X, SSD 512GB NVMe, 14 inch 3K OLED 120Hz, Windows 11, Xanh",https://tinhocngoisao.com/products/laptop-asus-zenbook-14-ux3405ca-st628w-u5-225h-16gb-ddr5x-ssd-512gb-nvme-14-inch-3k-oled-120hz-windows-11-xanh
tinhocngoisao,"Laptop Gaming Acer Nitro ProPanel ANV15-42-R0QM | AMD Ryzen 5 7640HS, 16GB DDR5, 512GB SSD, RTX 3050 6GB, 15.6"" FHD 180Hz, Win 11, Đen (NH.QUDSV.001)",https://tinhocngoisao.com/products/laptop-gaming-acer-nitro-propanel-anv15-42-r0qm-amd-ryzen-5-7640hs-16gb-ddr5-512gb-ssd-rtx-3050-6gb-15-6-fhd-180hz-win-11-den-nh-qudsv-001
tinhocngoisao,"Laptop Gaming Acer Aspire 7 A715-59G-59RD | C5-210H, 16GB DDR4, SSD 512GB NVMe, 15.6"" FHD 144Hz IPS, RTX 3050 4GB, W11SL, Đen (NH.DXUSV.001)",https://tinhocngoisao.com/products/laptop-gaming-acer-aspire-7-a715-59g-59rd-c5-210h-16gb-ddr4-ssd-512gb-nvme-15-6-fhd-144hz-ips-rtx-3050-4gb-w11sl-den-nh-dxusv-001
tinhocngoisao,"Laptop ASUS Vivobook 15 X1504MA-BQ632W | Core 5-320, 8GB DDR5, SSD 512GB NVMe, 15.6"" Full HD, Windows 11 Home, Bạc",https://tinhocngoisao.com/products/laptop-asus-vivobook-15-x1504ma-bq632w-core-5-320-8gb-ddr5-ssd-512gb-nvme-15-6-full-hd-windows-11-home-bac
tinhocngoisao,"Laptop Gaming ASUS V3607VJ-TK189W | Core 5-210H, 16GB DDR5, SSD 512GB NVMe, RTX 3050 6GB, 16"" WUXGA 144Hz, Windows 11 Home, Đen",https://tinhocngoisao.com/products/laptop-gaming-asus-v3607vj-tk189w-core-5-210h-16gb-ddr5-ssd-512gb-nvme-rtx-3050-6gb-16-wuxga-144hz-windows-11-home-den
tinhocngoisao,"Laptop Gaming ACER Nitro Lite 16 NL16-71G-71UJ | i7 13620H, 16GB, SSD 512GB, RTX 3050 6GB, 16"" FHD+ 165Hz (NH.D59SV.002)",https://tinhocngoisao.com/products/laptop-acer-gaming-nitro-lite-16-nl16-71g-71uj-nh-d59sv-002
tinhocngoisao,"Laptop Gaming Lenovo Legion 5 15IPH11 83RW0023VN | Ultra 7 356H, 16GB DDR5, SSD 512GB NVMe, RTX 5060 8GB, 15.3"" WQXGA OLED 165Hz",https://tinhocngoisao.com/products/laptop-gaming-lenovo-legion-5-15iph11-83rw0023vn-ultra-7-356h-16gb-ddr5-ssd-512gb-nvme-rtx-5060-8gb-15-3-wqxga-oled-165hz
tinhocngoisao,"Laptop ASUS Vivobook 15 X1504MA-BQ633W | Core 7-350, 8GB DDR5, SSD 512GB NVMe, 15.6"" Full HD IPS, Windows 11 Home, Bạc",https://tinhocngoisao.com/products/laptop-asus-vivobook-15-x1504ma-bq633w-core-7-350-8gb-ddr5-ssd-512gb-nvme-15-6-full-hd-ips-windows-11-home-bac
tinhocngoisao,"Laptop Gaming GIGABYTE A16-CMHH2MY893SH (GA6H) | i5-13420H, 16GB DDR5, SSD 512GB NVMe, 16"" FHD+ 165Hz, RTX 4050 6GB, Đen",https://tinhocngoisao.com/products/laptop-gaming-gigabyte-a16-cmhh2my893sh-ga6h-i5-13420h-16gb-ddr5-ssd-512gb-nvme-16-fhd-165hz-rtx-4050-6gb-den
tinhocngoisao,"Laptop ASUS Vivobook Go 14 E1404FA-EB935W | R5-40, 16GB LPDDR5, SSD 512GB Nvme, 14"" FHD IPS, Win 11, Bạc",https://tinhocngoisao.com/products/laptop-asus-vivobook-go-14-e1404fa-eb935w-r5-40-16gb-lpddr5-ssd-512gb-nvme-14-fhd-ips-win-11-bac
tinhocngoisao,"Laptop Gaming Acer Nitro Lite 16 Nl16-71G-56WQ (NH.D59SV.001) | i5-13420H, 16GB DDR5, SSD 512GB Nvme, 16"" FHD+ 165Hz, RTX 3050 6GB, Trắng",https://tinhocngoisao.com/products/laptop-gaming-acer-nitro-lite-16-nl16-71g-56wq-nh-d59sv-001-i5-13420h-16gb-ddr5-ssd-512gb-nvme-16-fhd-165hz-rtx-3050-6gb-trang
tinhocngoisao,"Laptop Gaming Acer Nitro Lite 16 NL16-71G-71FN | i7-13620H, 16GB DDR5, SSD 512GB Nvme, 16"" FHD 180Hz, RTX 4050 6GB, Win 11 (NH.D5ASV.003)",https://tinhocngoisao.com/products/laptop-gaming-acer-nitro-lite-16-nl16-71g-71fn-i7-13620h-16gb-ddr5-ssd-512gb-nvme-16-fhd-180hz-rtx-4050-6gb-win-11-nh-d5asv-003
tinhocngoisao,"Laptop Gaming Acer Nitro ProPanel AN16S-61-R7ZJ | AMD Ryzen AI 7-350, 16GB DDR5, SSD 512GB NVMe, 16"" 2K+ 180Hz, RTX 5060 8GB, Win11, Đen (NH.QXFSV.002)",https://tinhocngoisao.com/products/laptop-gaming-acer-nitro-propanel-an16s-61-r7zj-amd-ryzen-ai-7-350-16gb-ddr5-ssd-512gb-nvme-16-2k-180hz-rtx-5060-8gb-win11-den-nh-qxfsv-002
tinhocngoisao,"Laptop ACER Aspire Go 14 AI AG14-I71M-50AL (NX.W25SV.001) | U5-125H, 16GB LPDDR5X, SSD 512GB NVMe, 14"" FHD+ IPS , W11SL, Bạc",https://tinhocngoisao.com/products/laptop-acer-aspire-go-14-ai-ag14-i71m-50al-nx-w25sv-001-u5-125h-16gb-lpddr5x-ssd-512gb-nvme-14-fhd-ips-w11sl-bac
tinhocngoisao,"Laptop ASUS Vivobook S14 S3407CA-SF913W | Ultra 5-225H, 16GB DDR5, SSD 512GB NVMe, 14"" WUXGA OLED, Win 11 Home, Xám",https://tinhocngoisao.com/products/laptop-asus-vivobook-s14-s3407ca-sf913w-ultra-5-225h-16gb-ddr5-ssd-512gb-nvme-14-wuxga-oled-win-11-home-xam
tinhocngoisao,"Laptop Gaming ASUS ROG Strix G16 (2025) G614PM-RV233W | R9-8940HX, 16GB DDR5, 512GB NVMe, RTX 5060 8GB GDDR7, 16"" WUXGA 165Hz, Xám",https://tinhocngoisao.com/products/laptop-gaming-asus-rog-strix-g16-2025-g614pm-rv233w-r9-8940hx-16gb-ddr5-512gb-nvme-rtx-5060-8gb-gddr7-16-wuxga-165hz-xam
tinhocngoisao,"Laptop ASUS Vivobook 14 X1404MA-EB220W | C7-350, 8GB DDR5, SSD 512GB NVMe, 14"" FHD, Win 11, Bạc",https://tinhocngoisao.com/products/laptop-asus-vivobook-14-x1404ma-eb220w-c7-350-8gb-ddr5-ssd-512gb-nvme-14-fhd-win-11-bac
tinhocngoisao,"Laptop Gaming ASUS TUF A14 FA401EA-RG034W | RYZEN AI MAX+ 392, 64GB LPDDR5X, SSD 1TB NVMe, 14"" WQXGA IPS 165Hz, AMD Radeon 8060S, Xám",https://tinhocngoisao.com/products/laptop-gaming-asus-tuf-a14-fa401ea-rg034w-ryzen-ai-max-392-64gb-lpddr5x-ssd-1tb-nvme-14-wqxga-ips-165hz-amd-radeon-8060s-xam
tinhocngoisao,"Laptop ASUS Zenbook 14 UM3406GA-QD075W | Ryzen AI 7 445, 16GB LPDDR5X, SSD 512GB NVMe, 14"" OLED, 4C75WHrs, Win 11, Đen",https://tinhocngoisao.com/products/laptop-asus-zenbook-14-um3406ga-qd075w-ryzen-ai-7-445-16gb-lpddr5x-ssd-512gb-nvme-14-oled-4c75whrs-win-11-den
tinhocngoisao,"Laptop Gaming ASUS TUF Gaming A14 FA401GM-RG013W | Ryzen AI 9 465, 32GB DDR5X, 1TB NVMe, RTX 5060 8GB, 14"" WQXGA 165Hz, Xám",https://tinhocngoisao.com/products/laptop-gaming-asus-tuf-gaming-a14-fa401gm-rg013w-ryzen-ai-9-465-32gb-ddr5x-1tb-nvme-rtx-5060-8gb-14-wqxga-165hz-xam
tinhocngoisao,"Laptop ACER Aspire Go 15 AG15-72P-776J | Core 7 150U. 16GB DDR4, SSD 512GB NVMe, UMA. 15.6"" FHD IPS, Win 11, Bạc (NX.JRRSV.006)",https://tinhocngoisao.com/products/laptop-acer-aspire-go-15-ag15-72p-776j-core-7-150u-16gb-ddr4-ssd-512gb-nvme-uma-15-6-fhd-ips-win-11-bac-nx-jrrsv-006
tinhocngoisao,"Laptop Gaming GIGABYTE AERO-X16-1VH93VNC94AH (EG61H) | Ryzen AI 7-350, 16GB DDR5, SSD 1TB NVMe, 16""QHD+ 165Hz, RTX 5060 8GB, Xám",https://tinhocngoisao.com/products/laptop-gaming-gigabyte-aero-x16-1vh93vnc94ah-eg61h-ryzen-ai-7-350-16gb-ddr5-ssd-1tb-nvme-16-qhd-165hz-rtx-5060-8gb-xam
tinhocngoisao,"Laptop Dell DC15250 | i5-1334U, 8GB DDR4, SSD 512GB NVMe, Intel UHD Graphics, 15.6"" FHD 120Hz, DOS, Silver",https://tinhocngoisao.com/products/laptop-dell-dc15250-i5-1334u-8gb-ddr4-ssd-512gb-nvme-intel-uhd-graphics-15-6-fhd-120hz-dos-silver
tinhocngoisao,"Laptop ASUS Vivobook 14 X1407CA-LY203W | U5-225H, 16GB DDR5, SSD 512GB NVMe, 14"" WUXGA IPS, Intel Graphics, Win 11, Bạc",https://tinhocngoisao.com/products/laptop-asus-vivobook-14-x1407ca-ly203w-u5-225h-16gb-ddr5-ssd-512gb-nvme-14-wuxga-ips-intel-graphics-win-11-bac
tinhocngoisao,"Laptop Gaming AI ACER Predator Helios Neo 16 AI PHN16-73-757W | U7 255HX, 32GB, SSD 1TB, RTX 5060, 16"" 2.5K 240Hz",https://tinhocngoisao.com/products/laptop-gaming-acer-predator-helios-neo-16-ai-phn16-73-757w
tinhocngoisao,"Laptop Gaming ASUS ROG Strix G16 | R9 8940HX, 16GB, SSD 512GB, RTX 5050, 16"" 2.5K 240Hz",https://tinhocngoisao.com/products/laptop-gaming-asus-g614ph-s5101w
tinhocngoisao,"Laptop Gaming GIGABYTE AERO-X16-1VH93MY894AH (EG61H) | Ryzen AI 7-350, 16GB DDR5, SSD 1TB NVMe, 16"" FHD+ 165Hz, RTX 5060 8GB, W11SL, Xám",https://tinhocngoisao.com/products/laptop-gaming-gigabyte-aero-x16-1vh93my894ah-eg61h-ryzen-ai-7-350-16gb-ddr5-ssd-1tb-nvme-16-fhd-165hz-rtx-5060-8gb-w11sl-xam
tinhocngoisao,"Laptop Gaming ASUS TUF A16 FA607NUQ-RL007W | AMD Ryzen 7 170, 16GB DDR5, SSD 512GB NVMe, 16"" FHD+ 144Hz, RTX 4050 6GB GDDR6, Win 11, Xám",https://tinhocngoisao.com/products/laptop-gaming-asus-tuf-a16-fa607nuq-rl007w-amd-ryzen-7-170-16gb-ddr5-ssd-512gb-nvme-16-fhd-144hz-rtx-4050-6gb-gddr6-win-11-xam
tinhocngoisao,"Laptop Dell 15 Pro Essential PV 15250 | i7-1355U, 8GB DDR5, SSD 512GB NVMe, 15.6"" FHD 120Hz, WiFi 6, Carbon Black",https://tinhocngoisao.com/products/laptop-dell-15-pro-essential-pv-15250-i7-1355u-8gb-ddr5-ssd-512gb-nvme-15-6-fhd-120hz-wifi-6-carbon-black
tinhocngoisao,"Laptop HP OmniBook 5 16-ag1069AU | Ryzen AI 5 340, 16GB LPDDR5x, SSD 512GB NVMe, AMD Graphics, 16"" 2K IPS, W11H+ Office, Bạc (BZ7T1PA)",https://tinhocngoisao.com/products/laptop-hp-omnibook-5-16-ag1069au-ryzen-ai-5-340-16gb-lpddr5x-ssd-512gb-nvme-amd-graphics-16-2k-ips-w11h-office-bac-bz7t1pa
tinhocngoisao,"Laptop HP OmniBook X Flip 14-fm0088TU | Core Ultra 5-226V, 16GB LPDDR5x, SSD 512GB NVMe, 14"" WUXGA Touch, Pen, Intel Graphics, W11H + Office, Xanh (BZ7Q2PA)",https://tinhocngoisao.com/products/laptop-hp-omnibook-x-flip-14-fm0088tu-core-ultra-5-226v-16gb-lpddr5x-ssd-512gb-nvme-14-wuxga-touch-pen-intel-graphics-w11h-office-xanh-bz7q2pa
tinhocngoisao,"Laptop HP OmniBook 7 Aero 13-bg1083AU | Ryzen Al 7 350, 32GB LPDDR5x, SSD 512GB NVMe, ,AMD Graphics, 13.3"" WUXGA, W11H+Office, Bạc (BZ7R9PA)",https://tinhocngoisao.com/products/laptop-hp-omnibook-7-aero-13-bg1083au-ryzen-al-7-350-32gb-lpddr5x-ssd-512gb-nvme-amd-graphics-13-3-wuxga-w11h-office-bac-bz7r9pa
tinhocngoisao,"Laptop Văn phòng AI HP OmniBook 5 16 16-ag1068AU | R5 Ai 5 340, 16GB, SSD 512GB, AMD Graphics, 16"" WUXGA",https://tinhocngoisao.com/products/laptop-hp-omnibook-5-16-ag1068au
tinhocngoisao,"Laptop HP OmniBook X Flip 14-fk0082AU | Ryzen Al 7 350, 32GB LPDDR5x, SSD 1TB NVMe, 14"" 2K Touch, Pen, AMD Graphics , W11H+Office, Bạc (BZ7N8PA)",https://tinhocngoisao.com/products/laptop-hp-omnibook-x-flip-14-fk0082au-ryzen-al-7-350-32gb-lpddr5x-ssd-1tb-nvme-14-2k-touch-pen-amd-graphics-w11h-office-bac-bz7n8pa
tinhocngoisao,"Laptop Gaming Lenovo LOQ 15AHP11 83TN0040VN | R7-250, 16GB DDR5, SSD 512GB NVMe, 15.3"" WUXGA 165Hz, RTX 5050 8GB, W11SL, Xám",https://tinhocngoisao.com/products/laptop-gaming-lenovo-loq-15ahp11-83tn0040vn-r7-250-16gb-ddr5-ssd-512gb-nvme-15-3-wuxga-165hz-rtx-5050-8gb-w11sl-xam
tinhocngoisao,"Laptop văn phòng HP 240R G10 (CC9B9PT) | i7-150U, 16GB DDR4, SSD 512GB NVMe, 14"" FHD IPS, Bạc",https://tinhocngoisao.com/products/laptop-van-phong-hp-240r-g10-cc9b9pt-i7-150u-16gb-ddr4-ssd-512gb-nvme-14-fhd-ips-bac
tinhocngoisao,"Laptop văn phòng HP OMNIBOOK 5 16-AG1067AU (BZ7U5PA) | Ryzen AI 7 350, 16GB LPDDR5x, SSD 512GB NVMe, 16"" WUXGA IPS, AMD Graphics, Bạc",https://tinhocngoisao.com/products/laptop-van-phong-hp-omnibook-5-16-ag1067au-bz7u5pa-ryzen-ai-7-350-16gb-lpddr5x-ssd-512gb-nvme-16-wuxga-ips-amd-graphics-bac
tinhocngoisao,"Laptop văn phòng HP OMNIBOOK 7 14-FS0043TU (C1MN3PA) | i5-210H, 16GB LPDDR5, SSD 512GB NVMe, 14"" 2K IPS, Intel Graphics, Bạc",https://tinhocngoisao.com/products/laptop-van-phong-hp-omnibook-7-14-fs0043tu-c1mn3pa-i5-210h-16gb-lpddr5-ssd-512gb-nvme-14-2k-ips-intel-graphics-bac
tinhocngoisao,"Laptop Gaming ACER Nitro Propanel AN16S-61-R193 | Ryzen AI 9 365, 16GB DDR5, SSD 512GB NVMe, 16"" 2K 180Hz, RTX 5070 8GB, W11, Đen (NH.QXTSV.001)",https://tinhocngoisao.com/products/laptop-gaming-acer-nitro-an16s-61-r193-nh-qxtsv-001-ryzen-ai-9-365-16gb-ddr5-ssd-512gb-nvme-16-2k-180hz-rtx-5070-8gb-w11-den
tinhocngoisao,"Laptop ACER Swift Go 14 AI SFG14-75-5264 | Ultra 5 226V, 16GB LPDDR5X, SSD 512GB, UMA, 14"" FHD+ OLED, Win 11, Xanh (NX.JNBSV.001)",https://tinhocngoisao.com/products/laptop-acer-swift-go-14-ai-sfg14-75-5264-ultra-5-226v-16gb-lpddr5x-ssd-512gb-uma-14-fhd-oled-win-11-xanh-nx-jnbsv-001
tinhocngoisao,"Laptop Gaming Lenovo Legion 5 15AHP11 | R7-250, 16GB DDR5, SSD 512GB NVMe, RTX 5050 8GB, 15.3"" WQXGA OLED 165Hz, W11SL, Đen",https://tinhocngoisao.com/products/laptop-gaming-lenovo-legion-5-15ahp11-r7-250-16gb-ddr5-ssd-512gb-nvme-rtx-5050-8gb-15-3-wqxga-oled-165hz-w11sl-den
tinhocngoisao,"Laptop Gaming ACER Nitro ProPanel AN16S-61-R9CN | Ryzen AI 7 350, 16GB DDR5, SSD 512GB NVMe, 16"" 2K+ 180Hz, RTX 5070 8GB, Win 11, Đen (NH.QXGSV.001)",https://tinhocngoisao.com/products/laptop-gaming-acer-nitro-propanel-an16s-61-r9cn-ryzen-ai-7-350-16gb-ddr5-ssd-512gb-nvme-16-2k-180hz-rtx-5070-8gb-win-11-den-nh-qxgsv-001
tinhocngoisao,"Laptop ASUS Zenbook 14 UX3405CA-ST1713W | U5-225H, 16GB LPDDR5X, SSD 512GB NVMe, 14"" 3K OLED 120Hz, 4C75WHrs, Win 11, Xanh",https://tinhocngoisao.com/products/laptop-asus-zenbook-14-ux3405ca-st1713w-u5-225h-16gb-lpddr5x-ssd-512gb-nvme-14-3k-oled-120hz-4c75whrs-win-11-xanh
tinhocngoisao,"Laptop Gaming Acer Predator Triton Neo 16 PTN16-51-78JQ | U7-155H, 32GB LPDDR5X, SSD 2TB NVMe, RTX 4060 8GB, 16"" 2.5K 240Hz, Win 11, Bạc.(NH.QPNSV.004)",https://tinhocngoisao.com/products/laptop-gaming-acer-predator-triton-neo-16-ptn16-51-78jq-u7-155h-32gb-lpddr5x-ssd-2tb-nvme-rtx-4060-8gb-16-2-5k-240hz-win-11-bac-nh-qpnsv-004
tinhocngoisao,"Laptop ASUS Vivobook 16 X1607CA-MB387W | U5-225H, 16GB DDR5, SSD 512GB NVMe, 16"" WUXGA 60Hz, 3C42WHrs, W11H, Bạc",https://tinhocngoisao.com/products/laptop-asus-vivobook-16-x1607ca-mb387w-u5-225h-16gb-ddr5-ssd-512gb-nvme-16-wuxga-60hz-3c42whrs-w11h-bac
tinhocngoisao,"Laptop Dell 14 DC14250 F0FTK5 | i5-120U, 16GB DDR5, SSD 1TB NVMe, 14"" WUXGA, WVA, 120Hz, Windows 11 SL + Office, Bạc",https://tinhocngoisao.com/products/laptop-dell-14-dc14250-f0ftk5-i5-120u-16gb-ddr5-ssd-1tb-nvme-14-wuxga-wva-120hz-windows-11-sl-office-bac
tinhocngoisao,"Laptop văn phòng HP OMNIBOOK 7 14-FR0033TU (C1MN2PA) | U5-225U, 16GB LPDDR5, SSD 512GB NVMe, 14"" WUXGA IPS, Intel Graphics, Bạc",https://tinhocngoisao.com/products/laptop-van-phong-hp-omnibook-7-14-fr0033tu-c1mn2pa-u5-225u-16gb-lpddr5-ssd-512gb-nvme-14-wuxga-ips-intel-graphics-bac
tinhocngoisao,"Laptop ASUS Zenbook 14 UX3405CA-ST630W | U7-255H, 16GB LPDDR5X, SSD 512GB NVMe, 14"" 3K OLED 120Hz, 4C75WHrs, Win 11, Xanh",https://tinhocngoisao.com/products/laptop-asus-zenbook-14-ux3405ca-st630w-u7-255h-16gb-lpddr5x-ssd-512gb-nvme-14-3k-oled-120hz-4c75whrs-win-11-xanh
tinhocngoisao,"Laptop Gaming ASUS TUF A15 FA506NCG-HN329W | R7-8845HS, 16GB DDR5, SSD 512GB NVMe, RTX 3050 4GB, 15.6"" FHD IPS 144Hz, Win 11 Home, Đen",https://tinhocngoisao.com/products/laptop-gaming-asus-tuf-a15-fa506ncg-hn329w-r7-8845hs-16gb-ddr5-ssd-512gb-nvme-rtx-3050-4gb-15-6-fhd-ips-144hz-win-11-home-den
tinhocngoisao,"Laptop ACER Swift Go 14 AI SFG14-75-765M (NX.JNBSV.004) | U7-258V, 32GB LPDDR5X, SSD 512GB NVMe, 14"" FHD+ OLED, W11SL, Xanh",https://tinhocngoisao.com/products/laptop-acer-swift-go-14-ai-sfg14-75-765m-nx-jnbsv-004-u7-258v-32gb-lpddr5x-ssd-512gb-nvme-14-fhd-oled-w11sl-xanh
tinhocngoisao,"Laptop văn phòng Acer Swift Edge 14 AI SFE14-51T-52KD (NX.JG4SV.002) | U5-228V, 32GB LPDDR5X, SSD 512GB NVMe, 14"" 2.8K OLED Touch, Trắng",https://tinhocngoisao.com/products/laptop-van-phong-acer-swift-edge-14-ai-sfe14-51t-52kd-nx-jg4sv-002-u5-228v-32gb-lpddr5x-ssd-512gb-nvme-14-2-8k-oled-touch-trang
tinhocngoisao,"Laptop Gaming Asus V16 V3607VH-RP025W | Core 7 240H, 16GB DDR5, 512GB NVMe, RTX 5050 8GB, 16"" WUXGA 144Hz, Đen",https://tinhocngoisao.com/products/laptop-gaming-asus-v16-v3607vh-rp025w-core-7-240h-16gb-ddr5-512gb-nvme-rtx-5050-8gb-16-wuxga-144hz-den
tinhocngoisao,"Laptop ACER Swift Go 14 AI SFG14-I71-70RP (NX.JZHSV.003) | UX7-358H, 32GB LPDDR5X, SSD 1TB NVMe, 14"" 2.8K OLED, W11SL, Bạc, Kèm Túi",https://tinhocngoisao.com/products/laptop-acer-swift-go-14-ai-sfg14-i71-70rp-nx-jzhsv-003-ux7-358h-32gb-lpddr5x-ssd-1tb-nvme-14-2-8k-oled-w11sl-bac-kem-tui
tinhocngoisao,"Laptop HP OmniBook 5 16-ag1066AU | Ryzen Al 7 350, 16GB LPDDR5x, SSD 512GB NVMe, AMD Graphics, 16"" WUXGA Touch IPS, W11H+ Office, Bạc (BZ7S9PA)",https://tinhocngoisao.com/products/laptop-hp-omnibook-5-16-ag1066au-ryzen-al-7-350-16gb-lpddr5x-ssd-512gb-nvme-amd-graphics-16-wuxga-touch-ips-w11h-office-bac-bz7s9pa
tinhocngoisao,"Laptop Gaming ACER Nitro Propanel ANV16S-71-58WQ | Core 5 210H, 32GB DDR5, SSD 512GB NVMe, 16"" WQXGA 180Hz, RTX 5050 8GB, W11 (NH.QXBSV.001)",https://tinhocngoisao.com/products/laptop-gaming-acer-nitro-anv16s-71-58wq-nh-qxbsv-001-core-5-210h-32gb-ddr5-ssd-512gb-nvme-16-wqxga-180hz-rtx-5050-8gb-w11-den
tinhocngoisao,"Laptop Gaming ACER Nitro Propanel ANV16S-61-R9ZV | Ryzen AI 7 350, 32GB DDR5, SSD 1TB NVMe, 16"" 2K 180Hz, RTX 5060 8GB, W11, Đen (NH.QXPSV.002)",https://tinhocngoisao.com/products/laptop-gaming-acer-nitro-anv16s-61-r9zv-nh-qxpsv-002-ryzen-ai-7-350-32gb-ddr5-ssd-1tb-nvme-16-2k-180hz-rtx-5060-8gb-w11-den
tinhocngoisao,"Laptop Gaming AI LENOVO Legion Y9000P 42CD | U9 275HX, 32GB, SSD 1TB, RTX 5070 Ti, 16"" 2.5K 240Hz (NK)",https://tinhocngoisao.com/products/laptop-gaming-lenovo-legion-y9000p-iax10h-42cd
tinhocngoisao,"Laptop ASUS Vivobook S16 S3607VA-RP056WS | i7-13620H, 16GB DDR5, SSD 512GB NVMe, 16"" WUXGA 144Hz, Bạc",https://tinhocngoisao.com/products/laptop-asus-vivobook-s16-s3607va-rp056ws-i7-13620h-16gb-ddr5-ssd-512gb-nvme-16-wuxga-144hz-bac
tinhocngoisao,"Laptop Gaming MSI Cyborg 15 C13WEO-417VN | i7-13620H, 16GB DDR4, SSD 512GB NVMe, RTX 5050 8GB, 15.6"" FHD 144Hz, Win 11, Xám, Ba lô",https://tinhocngoisao.com/products/laptop-gaming-msi-cyborg-15-c13weo-417vn-i7-13620h-16gb-ddr4-ssd-512gb-nvme-rtx-5050-8gb-15-6-fhd-144hz-win-11-xam-ba-lo
tinhocngoisao,"Laptop Gaming Lenovo LOQ 15IPH11 83SL000LVN | U7-356H, 16GB DDR5, SSD 512GB NVMe, RTX 5060 8GB, 15.3"" WUXGA IPS 165Hz, Xám",https://tinhocngoisao.com/products/laptop-gaming-lenovo-loq-15iph11-83sl000lvn-u7-356h-16gb-ddr5-ssd-512gb-nvme-rtx-5060-8gb-15-3-wuxga-ips-165hz-xam
tinhocngoisao,"Laptop Lenovo Yoga Slim 7 14IPH11 83QM002FVN | U7-355, 32GB LPDDR5X, SSD 1TB NVMe, 14"" WUXGA OLED, Intel Graphics, Xám",https://tinhocngoisao.com/products/laptop-lenovo-yoga-slim-7-14iph11-83qm002fvn-u7-355-32gb-lpddr5x-ssd-1tb-nvme-14-wuxga-oled-intel-graphics-xam
tinhocngoisao,"Laptop Gaming Acer Predator Helios Neo 16 PHN16-I31-72XE (NH.U4RSV.001) | i7-14650HX, 32GB DDR5, SSD 512G NVMe, 16"" 2K+ 180Hz, RTX 5060 8GB, Win11, Đen",https://tinhocngoisao.com/products/laptop-gaming-acer-predator-helios-neo-16-phn16-i31-72xe-nh-u4rsv-001-i7-14650hx-32gb-ddr5-ssd-512g-nvme-16-2k-180hz-rtx-5060-8gb-win11-den
tinhocngoisao,"Laptop HP OmniBook 7 14-fr0024TU | Ultra 7-255H, 32GB LPDDR5, SSD 512GB NVMe, Intel Graphics, 14"" 2K IPS, W11H+ Office, Bạc (C1MN0PA)",https://tinhocngoisao.com/products/laptop-hp-omnibook-7-14-fr0024tu-ultra-7-255h-32gb-lpddr5-ssd-512gb-nvme-intel-graphics-14-2k-ips-w11h-office-bac-c1mn0pa
tinhocngoisao,"Laptop Fujitsu Lifebook E5410 | Intel Core i3-10110U, 4GB DDR4, SSD 256GB NVMe, 14"" HD LED",https://tinhocngoisao.com/products/laptop-fujitsu-lifebook-e5410-i3-10110u-8gb-256gb-14-hd-no-os-black
tinhocngoisao,"Laptop văn phòng HP OMNIBOOK 7 16-AZ0043TU (C2CX3PA) | i7- 240H, 32GB DDR5, SSD 512GB NVMe, 16"" WUXGA IPS, Intel Graphics, Bạc",https://tinhocngoisao.com/products/laptop-van-phong-hp-omnibook-7-16-az0043tu-c2cx3pa-i7-240h-32gb-ddr5-ssd-512gb-nvme-16-wuxga-ips-intel-graphics-bac
tinhocngoisao,"Laptop Gaming ASUS ROG Strix G16 (2025) G614PP-TS112W | R9-8940HX, 16GB DDR5, 512GB NVMe, RTX 5070 8GB GDDR7, 16"" WQXGA 300Hz, Xám",https://tinhocngoisao.com/products/laptop-gaming-asus-rog-strix-g16-2025-g614pp-ts112w-r9-8940hx-16gb-ddr5-512gb-nvme-rtx-5070-8gb-gddr7-16-wqxga-300hz-xam
tinhocngoisao,"Laptop Văn phòng AI DELL Inspiron 14 5441 | Snapdragon X Plus, 16GB, SSD 512GB, 14"" FHD+ (5MNK1)",https://tinhocngoisao.com/products/laptop-dell-inspiron-14-5441-5mnk1
tinhocngoisao,"Laptop HP OmniBook 7 Aero 13-BG1087AU (BZ7S1PA) | Ryzen AI 5 340, 16GB DDR5X, SSD 512GB NVMe, AMD Graphics, 13.3"" WUXGA",https://tinhocngoisao.com/products/laptop-hp-omnibook-7-aero-13-bg1087au-bz7s1pa-ryzen-ai-5-340-16gb-ddr5x-ssd-512gb-nvme-amd-graphics-13-3-wuxga
tinhocngoisao,"Laptop ASUS Vivobook 15 X1504VA-BQ185W | Core 5 -120U, 16GB DDR4, SSD 512GB NVMe, 15.6"" FHD IPS, Bạc",https://tinhocngoisao.com/products/laptop-asus-vivobook-15-x1504va-bq185w-core-5-120u-16gb-ddr4-ssd-512gb-nvme-15-6-fhd-ips-bac
tinhocngoisao,"Laptop Văn phòng AI HP ProBook 4 G1i 16 BQ5D3PT | U5 225U, 8GB, SSD 512GB, 16"" WUXGA",https://tinhocngoisao.com/products/laptop-hp-probook-4-g1i-16-bq5d3pt
tinhocngoisao,"Laptop văn phòng Acer Swift Go 14 AI SFG14-74T-55HD (NX.JF9SV.001) | U5-225H, 16GB LPDDR5X, SSD 1TB NVMe, 14"" FHD+ Touch, Bạc",https://tinhocngoisao.com/products/laptop-van-phong-acer-swift-go-14-ai-sfg14-74t-55hd-nx-jf9sv-001-u5-225h-16gb-lpddr5x-ssd-1tb-nvme-14-fhd-touch-bac
tinhocngoisao,"Laptop Gaming GIGABYTE A16 CMHH2VN893SH | i5 13420H, 16GB, SSD 512GB, RTX 4050, 16"" WUXGA 165Hz",https://tinhocngoisao.com/products/laptop-gaming-gigabyte-a16-cmhh2vn893sh
tinhocngoisao,"Laptop gaming Acer Nitro ProPanel ANV15-52-72BM | i7 13620H, 16GB, SSD 512GB, RTX 5050, 15.6"" FHD 180Hz",https://tinhocngoisao.com/products/laptop-gaming-acer-nitro-v-15-propanel-anv15-52-72bm-i7-13620h-16gb-ddr4-512gb-nvme-rtx-5050-8gb-15-6-inch-fhd-180hz-win-11
tinhocngoisao,"Laptop gaming Acer Nitro ProPanel ANV15-41-R7CR | R5 7535HS, 16GB, SSD 512GB, RTX 4050, 15.6"" FHD",https://tinhocngoisao.com/products/laptop-gaming-acer-nitro-anv15-41-r7cr-nh-qpesv-003-den
tinhocngoisao,"Laptop Gaming ACER Nitro Propanel ANV16-72-71T9 | Core 7-240H, 16GB DDR5, SSD 512GB NVMe, 16"" WUXGA 180Hz, RTX 5060 8GB, Win 11, Đen (NH.QUNSV.001)",https://tinhocngoisao.com/products/laptop-gaming-acer-nitro-anv16-72-71t9-core-7-240h-16gb-ddr5-ssd-512gb-nvme-16-wuxga-180hz-rtx-5060-8gb-win-11-den-nh-qunsv-001
tinhocngoisao,"Laptop Lenovo 300e Chromebook 2nd Gen | Intel Celeron N4020, 4GB RAM, 32GB eMMC, 11.6"" Multi-Touch, Chrome OS",https://tinhocngoisao.com/products/laptop-lenovo-300e-chromebook-the-he-thu-2-11-6-inch
tinhocngoisao,"Laptop Gaming ACER Predator Helios PHN16-73-98S4 (NH.QVQSV.002) | U9-275HX, 32GB DDR5, SSD 1TB NVMe, 16"" 2K 240Hz, RTX 5060 8GB, W11, Đen",https://tinhocngoisao.com/products/laptop-gaming-acer-predator-helios-phn16-73-98s4-nh-qvqsv-002-u9-275hx-32gb-ddr5-ssd-1tb-nvme-16-2k-240hz-rtx-5060-8gb-w11-den
tinhocngoisao,"Laptop Gaming Acer Predator Helios Neo 16 PHN16-I31-50H7 (NH.U4SSV.001) | i5-14450HX, 32GB DDR5, SSD 512G NVMe, 16"" FHD+ 180Hz, RTX 5050 8GB, Win11, Đen",https://tinhocngoisao.com/products/laptop-gaming-acer-predator-helios-neo-16-phn16-i31-50h7-nh-u4ssv-001-i5-14450hx-32gb-ddr5-ssd-512g-nvme-16-fhd-180hz-rtx-5050-8gb-win11-den
tinhocngoisao,"Laptop Gaming Acer Predator Helios Neo 16 PHN16-I31-74MN (NH.U4SSV.002) | i7-14650HX, 32GB DDR5, SSD 512GB NVMe, 16"" FHD+ 180Hz, RTX 5050 8GB, Win11, Đen",https://tinhocngoisao.com/products/laptop-gaming-acer-predator-helios-neo-16-phn16-i31-74mn-nh-u4ssv-002-i7-14650hx-32gb-ddr5-ssd-512gb-nvme-16-fhd-180hz-rtx-5050-8gb-win11-den
tinhocngoisao,"Laptop Gaming ACER Nitro Propanel ANV16S-61-R7KQ | Ryzen AI 5 340, 16GB DDR5, SSD 512GB NVMe, 16"" FHD+ IPS 180Hz, RTX 5060 8GB, W11 (NH.QXPSV.001)",https://tinhocngoisao.com/products/laptop-gaming-acer-nitro-anv16s-61-r7kq-nh-qxpsv-001-ryzen-ai-5-340-16gb-ddr5-ssd-512gb-nvme-16-fhd-ips-180hz-rtx-5060-8gb-w11-den
tinhocngoisao,"Laptop văn phòng Acer Swift Go 14 AI SFG14-74-58FJ (NX.JF8SV.005) | U5-225H, 16GB LPDDR5X, SSD 1TB NVMe, 14"" FHD+ OLED, Bạc",https://tinhocngoisao.com/products/laptop-van-phong-acer-swift-go-14-ai-sfg14-74-58fj-nx-jf8sv-005-u5-225h-16gb-lpddr5x-ssd-1tb-nvme-14-fhd-oled-bac
tinhocngoisao,"Laptop ASUS Zenbook Duo UX8407AA-SN439WS | X7-358H, 32GB LPDDR5X, SSD 512GB NVMe, 14"" 3K OLED 144Hz, Touch, Pen, W11H, Túi, Xám",https://tinhocngoisao.com/products/laptop-asus-zenbook-duo-ux8407aa-sn439ws-x7-358h-32gb-lpddr5x-ssd-512gb-nvme-14-3k-oled-144hz-touch-pen-w11h-tui-xam
tinhocngoisao,"Laptop ASUS TUF Gaming F16 FX610JH-TU009W | i7-14650HX, 16GB DDR5, SSD 512GB PCIe 4.0, RTX 5050 8GB, 16"" WUXGA 144Hz, Win 11, Đen",https://tinhocngoisao.com/products/laptop-asus-tuf-gaming-f16-fx610jh-tu009w-i7-14650hx-16gb-ddr5-ssd-512gb-pcie-4-0-rtx-5050-8gb-16-wuxga-144hz-win-11-den
tinhocngoisao,"Laptop HP 14-em0024AU | Ryzen 5-7520U, 16GB DDR5, SSD 512GB, 14"" FHD, Win11, Bạc (D0BG8PA)",https://tinhocngoisao.com/products/laptop-hp-14-em0024au-ryzen-5-7520u-16gb-ddr5-ssd-512gb-14-fhd-win11-bac-d0bg8pa
tinhocngoisao,"Laptop ASUS Vivobook S16 S3607CA-SH080W | U5-225H, 16GB DDR5, SSD 512GB NVMe, 16"" WUXGA OLED, Intel Arc Graphics, WF, BT, W11, Xám",https://tinhocngoisao.com/products/laptop-asus-vivobook-s16-s3607ca-sh080w-u5-225h-16gb-ddr5-ssd-512gb-nvme-16-wuxga-oled-intel-arc-graphics-wf-bt-w11-xam
tinhocngoisao,"Laptop HP Probook 465 G11 A8WS0PT | R3-7335U, 8GB DDR5, SSD 512GB NVMe, 16"" WUXGA, AMD Radeon 660M Graphics, W11H, Bạc",https://tinhocngoisao.com/products/laptop-hp-probook-465-g11-a8ws0pt-r3-7335u-8gb-ddr5-ssd-512gb-nvme-16-wuxga-amd-radeon-660m-graphics-w11h-bac
tinhocngoisao,"Laptop HP 14-em0255AU | R5-7530U, 16GB DDR4, SSD 512GB, 14"" FHD, Win 11, Bạc (C81N3PA)",https://tinhocngoisao.com/products/laptop-hp-14-em0255au-r5-7530u-16gb-ddr4-ssd-512gb-14-fhd-win-11-bac-c81n3pa
tinhocngoisao,"Laptop HP AI 14-HC0028TU D72BJPA | U5-225U, 16GB DDR5, SSD 512GB NVMe, 14"" FHD, Intel Graphics, W11H, Bạc",https://tinhocngoisao.com/products/laptop-hp-ai-14-hc0028tu-d72bjpa-u5-225u-16gb-ddr5-ssd-512gb-nvme-14-fhd-intel-graphics-w11h-bac
hangchinhhieu,Laptop Acer Aspire Lite 14 AL14-45P-R7Z3 (Ryzen 3 5400U | 8GB | 512GB | AMD Radeon Graphics | 14' FHD+ | Win 11),https://hangchinhhieu.vn/products/laptop-acer-aspire-lite-14-al14-45p-r7z3
hangchinhhieu,Laptop Acer Aspire Lite 15 AL15-411P-R7YP (R3-3200U | 8GB | 256GB | AMD Radeon | 15.6' FHD | Win 11),https://hangchinhhieu.vn/products/laptop-acer-aspire-lite-15-al15-411p-r7yp
hangchinhhieu,Laptop Acer Aspire Lite 15 AL15-48P-R5MN (R5-5625U | 8GB | 512GB | AMD Radeon | 15.6' FHD | Win 11),https://hangchinhhieu.vn/products/laptop-acer-aspire-lite-15-al15-48p-r5mn
hangchinhhieu,Laptop ASUS VivoBook Go 14 E1404FA-EB935W (Ryzen 5 40 | 16GB | 512GB | AMD Radeon 610M | 14' FHD | Win 11),https://hangchinhhieu.vn/products/laptop-asus-vivobook-go-14-e1404fa-eb935w
hangchinhhieu,Laptop ASUS VivoBook 14 X1404VA-EB509W (i3-1315U | 8GB | 512GB | Intel UHD | 14' FHD | Win 11),https://hangchinhhieu.vn/products/laptop-asus-vivobook-14-x1404va-eb509w
hangchinhhieu,Laptop Acer Aspire Go 14 AG14-72P-563L (Core 5 120U | 16GB | 512GB | Intel Graphics | 14' WUXGA | Win 11),https://hangchinhhieu.vn/products/laptop-acer-aspire-go-14-ag14-72p-563l
hangchinhhieu,Laptop MSI Modern 15 F1MG-1225VN (Core 5-120U | 16GB | 512GB | Intel Graphics | 15.6' FHD | Win 11),https://hangchinhhieu.vn/products/laptop-msi-modern-15-f1mg-1225vn
hangchinhhieu,Laptop Acer Aspire Lite 15 AL15-48P-R86Q (R7-5825U | 8GB | 512GB | AMD Radeon | 15.6' FHD | Win 11),https://hangchinhhieu.vn/products/laptop-acer-aspire-lite-15-al15-48p-r86q
hangchinhhieu,Laptop MSI Modern 15 F1MG-1264VN (Core 5-120U | 16GB | 512GB | Intel Graphics | 15.6' FHD | Win 11),https://hangchinhhieu.vn/products/laptop-msi-modern-15-f1mg-1264vn
hangchinhhieu,MacBook Neo 13 inch A18 PRO MHFD4SA/A (6 CPU | 5 GPU | 8GB | 256GB | 13 inch | Citrus | Apple Việt Nam),https://hangchinhhieu.vn/products/macbook-neo-13-inch-a18-pro-mhfd4sa-a
hangchinhhieu,MacBook Neo 13 inch A18 PRO MHFH4SA/A (6 CPU | 5 GPU | 8GB | 256GB | 13 inch | Blush | Apple Việt Nam),https://hangchinhhieu.vn/products/macbook-neo-13-inch-a18-pro-mhfh4sa-a
hangchinhhieu,MacBook Neo 13 inch A18 PRO MHFF4SA/A (6 CPU | 5 GPU | 8GB | 256GB | 13 inch | Indigo | Apple Việt Nam),https://hangchinhhieu.vn/products/macbook-neo-13-inch-a18-pro-mhff4sa-a
hangchinhhieu,MacBook Neo 13 inch A18 PRO MHFA4SA/A (6 CPU | 5 GPU | 8GB | 256GB | 13 inch | Silver | Apple Việt Nam),https://hangchinhhieu.vn/products/macbook-neo-13-inch-a18-pro-mhfa4sa-a
hangchinhhieu,Laptop ASUS ExpertBook B1 BM1403CDA-S61611W (Ryzen 5 150 | 16GB | 512GB | AMD Radeon | 14' FHD | Win 11),https://hangchinhhieu.vn/products/laptop-asus-expertbook-b1-bm1403cda-s61611w
hangchinhhieu,Laptop Acer Aspire Lite 15 AL15-21P-R91W (Ryzen 5 40 | 16GB | 512GB | AMD Radeon | 15.6' FHD | Win 11),https://hangchinhhieu.vn/products/laptop-acer-aspire-lite-15-al15-21p-r91w
hangchinhhieu,Laptop ASUS VivoBook 15 M1502NAQ-BQ021W (Ryzen 5-150 | 16GB | 512GB | AMD Radeon Graphics | 15.6' FHD | Win 11),https://hangchinhhieu.vn/products/laptop-asus-vivobook-15-m1502naq-bq021w
hangchinhhieu,Laptop ASUS ExpertBook P1 P1503CVA-C5H08-50W (Core 5-210H | 8GB | 512GB | Intel Graphics | 15.6' FHD | Win 11),https://hangchinhhieu.vn/products/laptop-asus-expertbook-p1-p1503cva-c5h08-50w
hangchinhhieu,Laptop ASUS VivoBook Go 14 E1404FA-EB1941W (Ryzen 5 40 | 8GB | 512GB | AMD Radeon 610M | 14' FHD | Win 11),https://hangchinhhieu.vn/products/laptop-asus-vivobook-go-14-e1404fa-eb1941w
hangchinhhieu,Laptop ASUS VivoBook 15 M1502NAQ-BQ031W (Ryzen 7-170 | 16GB | 512GB | AMD Radeon™ Graphics | 15.6' FHD | Win 11),https://hangchinhhieu.vn/products/laptop-asus-vivobook-15-m1502naq-bq031w
hangchinhhieu,Laptop HP 14-ep1012TU D72CPPA (Core 5 120U | 16GB | 512GB | Intel Graphics | 14' FHD | Win 11),https://hangchinhhieu.vn/products/laptop-hp-14-ep1012tu-d72cppa
hangchinhhieu,Laptop MSI Modern 14 F1MG-432VN (Core 5-120U | 16GB | 512GB | Intel Graphics | 14' FHD | Win11),https://hangchinhhieu.vn/products/laptop-msi-modern-14-f1mg-432vn
hangchinhhieu,MacBook Neo 13 inch A18 PRO MHFJ4SA/A (6 CPU | 5 GPU | 8GB | 512GB | 13 inch | Blush | Apple Việt Nam),https://hangchinhhieu.vn/products/macbook-neo-13-inch-a18-pro-mhfj4sa-a
hangchinhhieu,MacBook Neo 13 inch A18 PRO MHFE4SA/A (6 CPU | 5 GPU | 8GB | 512GB | 13 inch | Citrus | Apple Việt Nam),https://hangchinhhieu.vn/products/macbook-neo-13-inch-a18-pro-mhfe4sa-a
hangchinhhieu,MacBook Neo 13 inch A18 PRO MHFG4SA/A (6 CPU | 5 GPU | 8GB | 512GB | 13 inch | Indigo | Apple Việt Nam),https://hangchinhhieu.vn/products/macbook-neo-13-inch-a18-pro-mhfg4sa-a
hangchinhhieu,MacBook Neo 13 inch A18 PRO MHFC4SA/A (6 CPU | 5 GPU | 8GB | 512GB | 13 inch | Silver | Apple Việt Nam),https://hangchinhhieu.vn/products/macbook-neo-13-inch-a18-pro-mhfc4sa-a
hangchinhhieu,Laptop Acer Aspire Go 15 AG15-72P-776J (Core 7-150U | 16GB | 512GB | Intel Graphics | 15.6' FHD | Win 11),https://hangchinhhieu.vn/products/laptop-acer-aspire-go-15-ag15-72p-776j
hangchinhhieu,Laptop Acer Aspire Lite 15 AL15-53P-56EC (Core 5 120U | 16GB | 512GB | Intel Graphics | 15.6' FHD | Win 11),https://hangchinhhieu.vn/products/laptop-acer-aspire-lite-15-al15-53p-56ec
hangchinhhieu,Laptop ASUS VivoBook 15 X1504VA-BQ265W (Core 5-120U | 16GB | 512GB | Intel Graphics | 15.6' FHD | Win 11),https://hangchinhhieu.vn/products/laptop-asus-vivobook-15-x1504va-bq265w
hangchinhhieu,Laptop HP 240R G10 C3RU7AT (Core 5-120U | 16GB | 512GB | Intel Graphics | 14' FHD | Win 11),https://hangchinhhieu.vn/products/laptop-hp-240r-g10-c3ru7at
hangchinhhieu,Laptop Acer Aspire Go 15 AG15-52P-52WT (Ultra 5 115U | 16GB | 512GB | Intel Graphics | 15.6' FHD | Win 11),https://hangchinhhieu.vn/products/laptop-acer-aspire-go-15-ag15-52p-52wt
hangchinhhieu,Laptop HP 15-fd1486TU D0BH3PA (Ultra 5-125H | 24GB | 512GB | Intel Arc | 15.6' FHD | Win 11),https://hangchinhhieu.vn/products/laptop-hp-15-fd1486tu-d0bh3pa
hangchinhhieu,Laptop MSI Modern 14 H1M-014VN (Core 7-150U | 16GB | 512GB | Intel Graphics | 14' FHD | Win 11),https://hangchinhhieu.vn/products/laptop-msi-modern-14-h1m-014vn
hangchinhhieu,Laptop HP 14-hc0028TU D72BJPA (Ultra 5 225U | 16GB | 512GB | Intel Graphics | 14' FHD | Win 11),https://hangchinhhieu.vn/products/laptop-hp-14-hc0028tu-d72bjpa
hangchinhhieu,Laptop ASUS VivoBook S14 M3407KA-SF034WS (Ryzen AI 5 330 | 16GB | 512GB | AMD Radeon | 14' WUXGA OLED | Win 11 + Office),https://hangchinhhieu.vn/products/laptop-asus-vivobook-s14-m3407ka-sf034ws
hangchinhhieu,Laptop Acer Aspire Lite 14 AL14-53M-53E8 (Core 5 120U | 16GB | 512GB | Intel Graphics | 14' WUXGA | Win 11),https://hangchinhhieu.vn/products/laptop-acer-aspire-lite-14-al14-53m-53e8
hangchinhhieu,Laptop ASUS ExpertBook P1 P1403CVA-C5H16-50W (Core 5-210H | 16GB | 512GB | Intel Graphics | 14' FHD | Win 11),https://hangchinhhieu.vn/products/laptop-asus-expertbook-p1-p1403cva-c5h16-50w-core-5-210h
hangchinhhieu,Laptop ASUS ExpertBook P1 P1503CVA-C5H16-50W (Core 5-210H | 16GB | 512GB | Intel Graphics | 15.6' FHD | Win 11),https://hangchinhhieu.vn/products/laptop-asus-expertbook-p1-p1503cva-c5h16-50w
hangchinhhieu,Laptop ASUS VivoBook S16 S3607VA-RP056W (i7-13620H | 16GB | 512GB | Intel UHD | 16' WUXGA | Win 11),https://hangchinhhieu.vn/products/laptop-asus-vivobook-s16-s3607va-rp056w-i7-13620h
hangchinhhieu,Laptop HP Probook 450 G10 B73TNAT (i5-1334U | 8GB | 512GB | Intel Iris Xe | 15.6' FHD | Win 11),https://hangchinhhieu.vn/products/hp-probook-450-g10-b73tnat
hangchinhhieu,Laptop LG GramBook 15U50U-G.AV55A5 (Ultra 5-115U | 16GB | 512GB | Intel Graphics | 15.6' FHD | Win 11),https://hangchinhhieu.vn/products/laptop-lg-grambook-15u50u-g-av55a5
hangchinhhieu,Laptop Dell 15 DC15250 i5U165W11SLU-27 (i5-1334U | 16GB | 512GB | Intel UHD | 15.6' FHD 120Hz | Win 11 + Office Home 2024),https://hangchinhhieu.vn/products/laptop-dell-15-dc15250-71084746
hangchinhhieu,Laptop Gaming Acer Aspire 7 A715-59G-55MD (i5-13420H | GeForce RTX™ 3050 6GB | 16GB | 512GB | 15.6' FHD 144Hz | Win 11),https://hangchinhhieu.vn/products/laptop-gaming-acer-aspire-7-a715-59g-55md
hangchinhhieu,Laptop Dell 15 DC15250 CPH991 (i7-1355U | 16GB | 1TB | Intel UHD | 15.6' FHD 120Hz | Win 11 + Office Home 2024),https://hangchinhhieu.vn/products/laptop-dell-15-dc15250-cph991
hangchinhhieu,Laptop Gaming Acer Aspire 7 A715-59G-59RD (Core 5-210H | GeForce RTX™ 3050 4GB | 16GB | 512GB | 15.6' FHD 144Hz | Win 11),https://hangchinhhieu.vn/products/laptop-gaming-acer-aspire-7-a715-59g-59rd
hangchinhhieu,Laptop ASUS Vivobook 16 X1607CA-MB980W (Ultra 5-225H | 16GB | 512GB | Intel® Graphics | 16' WUXGA | Win 11),https://hangchinhhieu.vn/products/laptop-asus-vivobook-16-x1607ca-mb980w
hangchinhhieu,Laptop ASUS ExpertBook P3 PM3606CHA-MB0082W (R7-8840HS | 16GB | 512GB | AMD Radeon 780M | 16' WUXGA | Win 11),https://hangchinhhieu.vn/products/laptop-asus-expertbook-p3-pm3606cha-mb0082w
hangchinhhieu,Laptop ASUS ExpertBook P3 PM3406CHA-LY0089W (R7-8840HS | 16GB | 512GB | AMD Radeon 780M | 14' WUXGA | Win 11),https://hangchinhhieu.vn/products/laptop-asus-expertbook-p3-pm3406cha-ly0089w
hangchinhhieu,Laptop ASUS ExpertBook B3 B3405CCA-LY0077W (Ultra 5 225H | 16GB | 512GB | Intel Arc 130T | 14' WUXGA | Win 11),https://hangchinhhieu.vn/products/laptop-asus-expertbook-b3-b3405cca-ly0077w
hangchinhhieu,Laptop ASUS ExpertBook P1 P1403CVA-C5H16-63WS (Core 5-210H | 16GB | 512GB | Intel Graphics | 14' FHD | Win 11 + Office Home 2024),https://hangchinhhieu.vn/products/laptop-asus-expertbook-p1-p1403cva-c5h16-63ws-core-5-210h
hangchinhhieu,Laptop HP OmniBook 5 Flip 14-fp0057TU BZ7Q6PA (Core 5-120U | 16GB | 512GB | Intel Graphics | 14' WUXGA Touch | Win 11 + Office),https://hangchinhhieu.vn/products/laptop-hp-omnibook-5-flip-14-fp0057tu-bz7q6pa
hangchinhhieu,Laptop HP Probook 450 G10 B73TPAT (i5-1334U | 16GB | 512GB | Intel Iris Xe | 15.6' FHD | Win 11),https://hangchinhhieu.vn/products/laptop-hp-probook-450-g10-b73tpat
hangchinhhieu,Laptop ASUS ExpertBook P3 G1 P3406CCAP-U516W (Ultra 5-225H | 16GB | 512GB | Intel Arc 130T | 14' WUXGA | Win 11),https://hangchinhhieu.vn/products/laptop-asus-expertbook-p3-g1-p3406ccap-u516w
hangchinhhieu,Laptop ASUS ExpertBook P3 G1 P3606CCAP-U516W (Ultra 5-225H | 16GB | 512GB | Intel Arc 130T | 16' WUXGA | Win 11),https://hangchinhhieu.vn/products/laptop-asus-expertbook-p3-g1-p3606ccap-u516w
hangchinhhieu,Laptop Lenovo ThinkBook 14 G9 IRL 21UY008TVN (i5-13420H | 16GB | 512GB | Intel UHD | 14' WUXGA | Win 11),https://hangchinhhieu.vn/products/laptop-lenovo-thinkbook-14-g9-irl-21uy008tvn
hangchinhhieu,Laptop ASUS VivoBook S16 M3607GA-SH034W (Ryzen AI 7 445 | 16GB | 512GB | AMD Radeon | 16' FHD OLED | Win 11),https://hangchinhhieu.vn/products/laptop-asus-vivobook-s16-m3607ga-sh034w
hangchinhhieu,Laptop ASUS Vivobook 16 X1607CA-MB990W (Ultra 7-255H | 16GB | 512GB | Intel® Graphics | 16' WUXGA | Win 11),https://hangchinhhieu.vn/products/laptop-asus-vivobook-16-x1607ca-mb990w
hangchinhhieu,Laptop Lenovo IdeaPad Slim 3 14IPH11 83UQ000JVN (Ultra 5-322 | 16GB | 512GB | 14' WUXGA | Intel® Graphics | Win 11),https://hangchinhhieu.vn/products/laptop-lenovo-ideapad-slim-3-14iph11-83uq000jvn
hangchinhhieu,Laptop HP OmniBook 7 14-fr0033TU C1MN2PA (Ultra 5-225U | 16GB | 512GB | Intel Graphics | 14' WUXGA | Win 11 + Office),https://hangchinhhieu.vn/products/laptop-hp-omnibook-7-14-fr0033tu-c1mn2pa
hangchinhhieu,Laptop ASUS VivoBook S14 M3407GA-SF030W (Ryzen AI 7 445 | 16GB | 512GB | AMD Radeon | 14' WUXGA OLED | Win 11),https://hangchinhhieu.vn/products/laptop-asus-vivobook-s14-m3407ga-sf030w
hangchinhhieu,Laptop Gaming Acer Nitro Lite 16 NL16-71G-71UJ (i7-13620H | GeForce RTX™ 3050 6GB | 16GB | 512GB | 16' FHD+ 165Hz | Win 11),https://hangchinhhieu.vn/products/laptop-gaming-acer-nitro-lite-16-nl16-71g-71uj
hangchinhhieu,Laptop Gaming HP Victus 15-fa2452TX D44VLPA (i5-13420H | GeForce RTX™ 3050 6GB | 16GB | 512GB | 15.6' FHD 144Hz | Win 11),https://hangchinhhieu.vn/products/laptop-gaming-hp-victus-15-fa2452tx-d44vlpa
hangchinhhieu,Laptop Gaming HP Victus 15-fa2451TX D17WPPA (i5-13420H | GeForce RTX™ 4050 6GB | 16GB | 512GB | 15.6' FHD 144Hz | Win 11),https://hangchinhhieu.vn/products/laptop-gaming-hp-victus-15-fa2451tx-d17wppa
hangchinhhieu,Laptop Gaming MSI Cyborg 15 A13VE-2410VN (i5-13420H | GeForce RTX™ 4050 6GB | 16GB | 512GB | 15.6' FHD 144Hz | Win 11),https://hangchinhhieu.vn/products/laptop-msi-cyborg-15-a13ve-2410vn
hangchinhhieu,Laptop Gaming Acer Nitro ProPanel ANV15-42-R0QM (R5-7640HS | GeForce RTX™ 3050 6GB | 16GB | 512GB | 15.6' FHD 180Hz | Win 11),https://hangchinhhieu.vn/products/laptop-gaming-acer-nitro-propanel-anv15-42-r0qm
hangchinhhieu,Laptop Gaming MSI Cyborg 15 A13VEO-2610VN (i5-13420H | GeForce RTX™ 4050 6GB | 16GB | 512GB | 15.6' FHD 144Hz | Win 11),https://hangchinhhieu.vn/products/laptop-msi-cyborg-15-black-edition-a13veo-2610vn
hangchinhhieu,Laptop ASUS ExpertBook P1 P1503CVA-C7H16-50W (Core 7 240H | 16GB | 512GB | Intel Graphics | 15.6' FHD | Win 11),https://hangchinhhieu.vn/products/laptop-asus-expertbook-p1-p1503cva-c7h16-50w
hangchinhhieu,Laptop ASUS ZenBook A14 UX3407QA-QD299WS (Snapdragon X1 26 100 | 16GB | 512GB | Qualcomm Adreno | 14' WUXGA OLED | Win 11 + Office),https://hangchinhhieu.vn/products/laptop-asus-zenbook-a14-ux3407qa-qd299ws
hangchinhhieu,Laptop Gaming MSI Cyborg 15 A13VEO-2608VN (i7-13620H | GeForce RTX™ 4050 6GB | 16GB | 512GB | 15.6' FHD 144Hz | Win 11),https://hangchinhhieu.vn/products/laptop-gaming-msi-cyborg-15-black-edition-a13veo-2608vn
hangchinhhieu,Laptop ASUS Gaming V16 V3607VJ-TK189W (Core 5 210H | GeForce RTX™ 3050 6GB | 16GB | 512GB | 16' WUXGA 144Hz | Win 11),https://hangchinhhieu.vn/products/laptop-asus-gaming-v16-v3607vj-tk189w
hangchinhhieu,Laptop Gaming Acer Nitro Lite 16 NL16-71G-71FN (i7-13620H | GeForce RTX™ 4050 6GB | 16GB | 512GB | 16' WUXGA 180Hz | Win 11),https://hangchinhhieu.vn/products/laptop-gaming-acer-nitro-lite-16-nl16-71g-71fn
hangchinhhieu,Laptop Gaming GIGABYTE EAGLE GL6J 9LJR2VNF93SH (R5-7533HS | GeForce RTX™ 3050 6GB | 16GB | 512GB | 16' FHD+ 165Hz | Win 11),https://hangchinhhieu.vn/products/laptop-gigabyte-gaming-eagle-9ljr2vnf93sh
hangchinhhieu,Laptop ASUS TUF Gaming A15 FA506NCG-HN390W (Ryzen 7 155 | RTX™ 3050 4GB | 16GB | 512GB | 15.6' FHD 144Hz | Win 11),https://hangchinhhieu.vn/products/laptop-asus-tuf-gaming-a15-fa506ncg-hn390w
hangchinhhieu,Laptop ASUS ExpertBook P5 P5405CSA-NZ0016W (Ultra U5 226V | 16GB | 512GB | Intel Arc 130V | 14' 2K WQXGA 144Hz | Win 11),https://hangchinhhieu.vn/products/laptop-asus-expertbook-p5-p5405csa-nz0016w
hangchinhhieu,Laptop ASUS ExpertBook B3 B3405CCA-LY0080W (Ultra 7 255H | 16GB | 512GB | Intel Arc 140T | 14' WUXGA | Win 11),https://hangchinhhieu.vn/products/laptop-asus-expertbook-b3-b3405cca-ly0080w
hangchinhhieu,Laptop Gigabyte Gaming A16 CMHH2MY893SH (i5-13420H | GeForce RTX™ 4050 6GB | 16GB | 512GB | 16' WUXGA 165Hz | Win 11),https://hangchinhhieu.vn/products/laptop-gigabyte-gaming-a16-cmhh2my893sh
hangchinhhieu,Laptop ASUS ExpertBook P3 G1 P3406CCAP-U716W (Ultra 7-255H | 16GB | 512GB | Intel Arc 140T | 14' WUXGA | Win 11),https://hangchinhhieu.vn/products/laptop-asus-expertbook-p3-g1-p3406ccap-u716w
hangchinhhieu,Laptop ASUS ExpertBook P3 G1 P3606CCAP-U716W (Ultra 7-255H | 16GB | 512GB | Intel Arc 140T | 16' WUXGA | Win 11),https://hangchinhhieu.vn/products/laptop-asus-expertbook-p3-g1-p3606ccap-u716w
hangchinhhieu,Laptop ASUS ExpertBook P5 P5405CSA-NZ0450WS (Ultra 5 226V | 16GB | 512GB | Intel Arc 130V | 14' WQXGA | Win 11 + Office),https://hangchinhhieu.vn/products/laptop-asus-expertbook-p5-p5405csa-nz0450ws
hangchinhhieu,Laptop ASUS ExpertBook P1 P1503CVA-C7H16-63WS (Core 7 240H | 16GB | 512GB | Intel Graphics | 15.6' FHD | Win 11 + Office Home 2024),https://hangchinhhieu.vn/products/laptop-asus-expertbook-p1-p1503cva-c7h16-63ws
hangchinhhieu,"Laptop Lenovo IdeaPad Slim 5 OLED 14IMH10 83V6001GVN (Ultra 5-135H | 16GB | 512GB | Intel® Arc™ Graphics | 14"" WUXGA OLED | Win 11)",https://hangchinhhieu.vn/products/laptop-lenovo-ideapad-slim-5-oled-14imh10-83v6001gvn-ultra-5-135h-16gb-512gb-intel-arc-graphics-14-wuxga-oled-win-11
hangchinhhieu,Laptop HP OmniBook 7 14-fr0027TU C1MN1PA (Ultra 7-255U | 16GB | 512GB | Intel Graphics | 14' 2K | Win 11 + Office),https://hangchinhhieu.vn/products/laptop-hp-omnibook-7-14-fr0027tu-c1mn1pa
hangchinhhieu,Laptop ASUS ZenBook 14 UX3405CA-ST628W (Ultra 5-225H | 16GB | 512GB | Intel Arc 130T | 14' 3K OLED 120Hz | Win 11),https://hangchinhhieu.vn/products/laptop-asus-zenbook-14-ux3405ca-st628w
hangchinhhieu,Laptop ASUS ExpertBook P1 P1403CVA-C7H16-63WS (Core 7 240H | 16GB | 512GB | Intel Graphics | 14' FHD | Win 11 + Office Home 2024),https://hangchinhhieu.vn/products/laptop-asus-expertbook-p1-p1403cva-c7h16-63ws
hangchinhhieu,Laptop Gaming GIGABYTE EAGLE GL6J 9MJR2VNF93SH (R5-7533HS | GeForce RTX™ 4050 6GB | 16GB | 512GB | 16' FHD+ 165Hz | Win 11),https://hangchinhhieu.vn/products/laptop-gigabyte-gaming-eagle-9mjr2vnf93sh
hangchinhhieu,Laptop HP EliteBook 6 G1i 13 BQ9M6PT (Ultra 7 255U | 16GB | 512GB | Intel Graphics | 13.3' WUXGA | Win 11),https://hangchinhhieu.vn/products/laptop-hp-elitebook-6-g1i-13-bq9m6pt
hangchinhhieu,Laptop Gaming Acer Nitro ProPanel ANV15-52-74UM (Core 7 240H | GeForce RTX™ 3050 6GB | 16GB | 512GB | 15.6' FHD 180Hz | Win 11),https://hangchinhhieu.vn/products/laptop-gaming-acer-nitro-propanel-anv15-52-74um
hangchinhhieu,Laptop Gigabyte Gaming A16 CMHI2MY893SH (i7-13620H | GeForce RTX™ 4050 6GB | 16GB | 512GB | 16' WUXGA 165Hz | Win 11),https://hangchinhhieu.vn/products/laptop-gigabyte-gaming-a16-cmhi2my893sh
hangchinhhieu,Laptop Gaming Acer Nitro ProPanel ANV15-52-59RR (Core 5 210H | GeForce RTX™ 5050 8GB | 16GB | 512GB | 15.6' FHD 180Hz | Win 11),https://hangchinhhieu.vn/products/laptop-gaming-acer-nitro-propanel-anv15-52-59rr
hangchinhhieu,Laptop Gaming MSI Cyborg 15 C13WEO-417VN (i7-13620H | GeForce RTX™ 5050 8GB | 16GB | 512GB | 15.6' FHD 144Hz | Win 11),https://hangchinhhieu.vn/products/laptop-gaming-msi-cyborg-15-c13weo-417vn
hangchinhhieu,Laptop Gaming Acer Nitro ProPanel ANV15-52-50VA (Core 5 210H | GeForce RTX™ 3050 6GB | 16GB | 512GB | 15.6' FHD 180Hz | Win 11),https://hangchinhhieu.vn/products/laptop-gaming-acer-nitro-propanel-anv15-52-50va
hangchinhhieu,Laptop Gaming Acer Aspire 7 A715-59G-79XF (Core 7-240H | GeForce RTX™ 3050 6GB | 16GB | 512GB | 15.6' FHD 144Hz | Win 11),https://hangchinhhieu.vn/products/laptop-gaming-acer-aspire-7-a715-59g-79xf
hangchinhhieu,Laptop HP OmniBook 5 Flip 14-fp0055TU BZ7Q4PA (Core 7-150U | 24GB | 512GB | Intel Graphics | 14' WUXGA Touch | Win 11 + Office),https://hangchinhhieu.vn/products/laptop-hp-omnibook-5-flip-14-fp0055tu-bz7q4pa
hangchinhhieu,Laptop ASUS ZenBook 14 UX3405CA-ST1713W (Ultra 5-225H | 16GB | 512GB | Intel Arc 130T | 14' 3K OLED 120Hz | Win 11),https://hangchinhhieu.vn/products/laptop-asus-zenbook-14-ux3405ca-st1713w
hangchinhhieu,Laptop Gaming Acer Nitro ProPanel ANV15-52-50RB (Core 5 210H | GeForce RTX™ 4050 6GB | 16GB | 512GB | 15.6' FHD 180Hz | Win 11),https://hangchinhhieu.vn/products/laptop-gaming-acer-nitro-propanel-anv15-52-50rb
hangchinhhieu,Laptop HP EliteBook 6 G1i 13 BQ9Q3PT (Ultra 7 255U | 16GB | 512GB | Intel Graphics | 13.3' WUXGA Touch | Win 11),https://hangchinhhieu.vn/products/laptop-hp-elitebook-6-g1i-13-bq9q3pt
hangchinhhieu,Laptop Gaming MSI Katana 15 B13VEK-2440VN (i7-13620H | GeForce RTX™ 4050 6GB | 16GB | 1TB | 15.6' FHD 144Hz | Win 11),https://hangchinhhieu.vn/products/laptop-gaming-msi-katana-15-b13vek-2440vn
hangchinhhieu,Laptop ASUS ZenBook 14 UM3406GA-QD075W (Ryzen AI 7 445 | 16GB | 512GB | AMD Radeon | 14' WUXGA OLED | Win 11),https://hangchinhhieu.vn/products/laptop-asus-zenbook-14-um3406ga-qd075w
hangchinhhieu,Laptop HP EliteBook 6 G1i 14 BQ9N4PT (Ultra 7 255H | 16GB | 512GB | Intel Arc 140T | 14' WUXGA | Win 11),https://hangchinhhieu.vn/products/laptop-hp-elitebook-6-g1i-14-bq9n4pt
hangchinhhieu,Laptop Gaming HP Victus 16-s1142AX AZ0C7PA (R7-8845HS | GeForce RTX™ 4060 8GB | 16GB | 512GB | 16.1' FHD 165Hz | Win 11),https://hangchinhhieu.vn/products/laptop-gaming-hp-victus-16-s1142ax-az0c7pa
hangchinhhieu,Laptop Gigabyte Gaming A16 GA63H 3THK3VN893SH (Ryzen 7 260 | GeForce RTX™ 5050 8GB | 16GB | 512GB | 16' WUXGA 165Hz | Win 11),https://hangchinhhieu.vn/products/laptop-gigabyte-gaming-a16-ga63h-3thk3vn893sh
hangchinhhieu,Laptop Gaming Acer Nitro ProPanel ANV15-52-73Z8 (Core 7 240H | GeForce RTX™ 4050 6GB | 16GB | 512GB | 15.6' FHD 180Hz | Win 11),https://hangchinhhieu.vn/products/laptop-gaming-acer-nitro-propanel-anv15-52-73z8
hangchinhhieu,Laptop Gigabyte Gaming A16 CTHH3VN893SH (i5-13420H | GeForce RTX™ 5050 8GB | 16GB | 512GB | 16' WUXGA 165Hz | Win 11),https://hangchinhhieu.vn/products/laptop-gigabyte-gaming-a16-cthh3vn893sh
hangchinhhieu,MacBook Air 13 inch M5 (10 CPU | 8 GPU | 16GB | 512GB | 13 inch | Apple Việt Nam),https://hangchinhhieu.vn/products/macbook-air-13-inch-mdh74sa-a-apple-m5-chip-with-10-core-cpu-and-8-core-gpu-16gb-512gb-ssd-silver-apple-viet-nam
hangchinhhieu,Laptop ASUS ZenBook 14 UX3405CA-ST629W (Ultra 7-255H | 32GB | 512GB | Intel Arc 140T | 14' 3K OLED 120Hz | Win 11),https://hangchinhhieu.vn/products/laptop-asus-zenbook-14-ux3405ca-st629w
hangchinhhieu,Laptop ASUS Vivobook S16 S3607AA-SH042W (Ultra 5-325 | 16GB | 512GB | Intel® Graphics | 16' WUXGA) OLED | Win 11),https://hangchinhhieu.vn/products/laptop-asus-vivobook-s16-s3607aa-sh042w
hangchinhhieu,Laptop ASUS Zenbook 14 UX3405CA-ST630W (Ultra 7-255H | 16GB | 512GB | Intel® Arc™ Graphics | 14' 3K OLED 120Hz | Win 11),https://hangchinhhieu.vn/products/laptop-asus-zenbook-14-ux3405ca-st630w
hangchinhhieu,Laptop MSI Modern 14S AI+ G3MG-050VN (Ultra 7-355 | 16GB | 1TB | Intel® Arc Graphics | 14' FHD OLED | Win11),https://hangchinhhieu.vn/products/laptop-msi-modern-14s-ai-g3mg-050vn
hangchinhhieu,Laptop Gaming MSI Cyborg 15 B2RWFKG-048VN (Core 7 240H | GeForce RTX™ 5060 8GB | 16GB | 512GB | 15.6' FHD 144Hz | Win 11),https://hangchinhhieu.vn/products/laptop-msi-cyborg-15-b2rwfkg-048vn
hangchinhhieu,Laptop LG Gram Pro 16Z90U-G.AN55A5 (Ultra 5-325 | 16GB | 512GB | Intel Graphics | 16' WQXGA | Win 11),https://hangchinhhieu.vn/products/laptop-lg-gram-pro-16z90u-g-an55a5
hangchinhhieu,Laptop Lenovo LOQ 15IRX9 83DV01ALVN (i7-13650HX | GeForce RTX™ 4050 6GB | 16GB | 512GB | 15.6 inch FHD | Windows 11),https://hangchinhhieu.vn/products/laptop-lenovo-loq-15irx9-83dv01alvn
hangchinhhieu,Laptop ASUS ExpertBook P5 P5405CSA-NZ0442WS (Ultra 7 258V | 32GB | 1TB | Intel Arc 140V | 14' 2K WQXGA 144Hz | Win 11 + Office Home 2024),https://hangchinhhieu.vn/products/laptop-asus-expertbook-p5-p5405csa-nz0442ws
hangchinhhieu,Laptop ASUS TUF Gaming A16 FA607NUQ-RL007W (Ryzen 7 170 | RTX™ 4050 6GB | 16GB | 512GB | 16' FHD 144Hz | Win 11),https://hangchinhhieu.vn/products/laptop-asus-tuf-gaming-a16-fa607nuq-rl007w
hangchinhhieu,Laptop ASUS ExpertBook P5 P5405CSA-NZ0017W (Ultra 7 258V | 32GB | 1TB | Intel Arc 140V | 14' 2K WQXGA 144Hz | Win 11),https://hangchinhhieu.vn/products/laptop-asus-expertbook-p5-p5405csa-nz0017w
hangchinhhieu,Laptop Gigabyte Gaming A16 CVHI3MY893SH (i7-13620H | GeForce RTX™ 5060 8GB | 16GB | 512GB | 16' WUXGA 165Hz | Win 11),https://hangchinhhieu.vn/products/laptop-gigabyte-gaming-a16-cvhi3my893sh
hangchinhhieu,Laptop Gigabyte Gaming A16 CVHI3VN893SH (i7-13620H | GeForce RTX™ 5060 8GB | 16GB | 512GB | 16' WUXGA 165Hz | Win 11),https://hangchinhhieu.vn/products/laptop-gigabyte-gaming-a16-cvhi3vn893sh
hangchinhhieu,Laptop Lenovo LOQ 15IRX10 83JE00PEVN (i7-13650HX | GeForce RTX™ 5050 8GB | 16GB | 512GB | 15.6' FHD 144Hz | Win 11),https://hangchinhhieu.vn/products/laptop-gaming-lenovo-loq-15irx10-83je00pevn
hangchinhhieu,Laptop Gaming Acer Nitro ProPanel ANV16-72-782F (Core 7 240H | GeForce RTX™ 5050 8GB | 16GB | 512GB | 16' FHD 180Hz | Win 11),https://hangchinhhieu.vn/products/laptop-gaming-acer-nitro-propanel-anv16-72-782f
hangchinhhieu,Laptop ASUS Vivobook S16 S3607AA-SH043W (Ultra 7-355 | 16GB | 512GB | Intel® Arc™ Graphics | 16' FHD OLED | Win 11),https://hangchinhhieu.vn/products/laptop-asus-vivobook-s16-s3607aa-sh043w
hangchinhhieu,Laptop Gigabyte Gaming A16 GA63H 3VHK3VN893SH (Ryzen 7 260 | GeForce RTX™ 5060 8GB | 16GB | 512GB | 16' WUXGA 165Hz | Win 11),https://hangchinhhieu.vn/products/laptop-gigabyte-gaming-a16-ga63h-3vhk3vn893sh-ryzen-7-260-geforce-rtx-5060-8gb-16gb-512gb-16-wuxga-165hz-win-11
hangchinhhieu,Laptop Gigabyte Gaming A16 GA6EH EVHS3VN893SH (Ultra 9 185H | GeForce RTX™ 5060 8GB | 16GB | 512GB | 16' WUXGA 165Hz | Win 11),https://hangchinhhieu.vn/products/laptop-gigabyte-gaming-a16-evhs3vn893sh
hangchinhhieu,Laptop ASUS ExpertBook P5 G2 P5405CAA-NZ0223W (Ultra 7 356H | 16GB | 512GB | Intel® Graphics | 14' 2K WQXGA 144Hz | Win 11),https://hangchinhhieu.vn/products/laptop-asus-expertbook-p5-g2-p5405caa-nz0223w
hangchinhhieu,Laptop ASUS Zenbook 14 UX3405CA-ST1531W (Ultra 9-285H | 16GB | 512GB | Intel® Arc™ Graphics | 14' 3K OLED 120Hz | Win 11),https://hangchinhhieu.vn/products/laptop-asus-zenbook-14-ux3405ca-st1531w
hangchinhhieu,Laptop Gigabyte AERO X16 1VH93MY894AH (Ryzen Al 7 350 | GeForce RTX™ 5060 8GB | 16GB | 1TB | 16' WUXGA 165Hz | Win 11),https://hangchinhhieu.vn/products/laptop-gigabyte-aero-x16-1vh93my894ah
hangchinhhieu,Laptop Acer Swift X SFX14-71G-78SY (i7-13700H | GeForce RTX™ 4050 6GB | 32GB | 1TB | 14' 2.8K OLED 120Hz | Win 11),https://hangchinhhieu.vn/products/laptop-acer-swift-x-sfx14-71g-78sy
hangchinhhieu,MacBook Air 15 inch M5 (10 CPU | 10 GPU | 16GB | 512GB | 15 inch | Apple Việt Nam),https://hangchinhhieu.vn/products/macbook-air-15-inch-m5-10-cpu-10-gpu-16gb-512gb-15-inch-apple-viet-nam
hangchinhhieu,Laptop Gigabyte AERO X16 1VH93VNC94AH (Ryzen Al 7 350 | GeForce RTX™ 5060 8GB | 16GB | 1TB | 16' 2K WQXGA 165Hz | Win 11),https://hangchinhhieu.vn/products/laptop-gigabyte-aero-x16-1vh93vnc94ah
hangchinhhieu,MacBook Air 13 inch M5 (10 CPU | 10 GPU | 16GB | 1TB | 13 inch | Apple Việt Nam),https://hangchinhhieu.vn/products/macbook-air-13-inch-m5-chip-10-core-cpu-and-10-core-gpu-16gb-1tb-ssd-apple-viet-nam
hangchinhhieu,Laptop ASUS Zenbook A14 UX3407NA-QD132WS (X2E-88-100 | 16GB | 512GB | Qualcomm Adreno | 14' WUXGA OLED | Win 11 + Office),https://hangchinhhieu.vn/products/laptop-asus-zenbook-a14-ux3407na-qd132ws
hangchinhhieu,Laptop LG Gram Pro 16Z90U-G.AV85A5 (Ultra 7-355 | 32GB | 512GB | Intel Graphics | 16' WQXGA | Win 11),https://hangchinhhieu.vn/products/laptop-lg-gram-pro-16z90u-g-av85a5
hangchinhhieu,"Laptop Gaming Acer Nitro ProPanel ANV16S-71-58WQ (Core 5 210H | GeForce RTX™ 5050 8GB | 32GB | 512GB | 16"" 2K IPS 180Hz | Win 11)",https://hangchinhhieu.vn/products/laptop-gaming-acer-nitro-propanel-anv16s-71-58wq
hangchinhhieu,Laptop Acer Swift X 14 AI SFX14-72G-708X (Ultra 7 155H | GeForce RTX™ 4060 8GB | 32GB | 1TB | 14.5' 2.8K OLED 120Hz | Win 11),https://hangchinhhieu.vn/products/laptop-acer-swift-x-14-ai-sfx14-72g-708x
hangchinhhieu,Laptop Gaming Acer Nitro ProPanel ANV16S-61-R0B8 (R5 AI 340 | GeForce RTX™ 5050 8GB | 16GB | 512GB | 16' FHD+ 180Hz | Win 11),https://hangchinhhieu.vn/products/laptop-gaming-acer-nitro-propanel-anv16s-61-r0b8
hangchinhhieu,Laptop Gaming Acer Nitro ProPanel AN16S-61-R5F4 (R7 AI 350 | GeForce RTX™ 5060 8GB | 16GB | 512GB | 16' FHD+ 180Hz | Win 11),https://hangchinhhieu.vn/products/laptop-gaming-acer-nitro-propanel-an16s-61-r5f4
hangchinhhieu,Laptop Gaming MSI Katana 15 HX B14WEK-027VN (i7-14650HX | GeForce RTX™ 5050 8GB | 32GB | 512GB | 15.6' QHD 165Hz | Win 11),https://hangchinhhieu.vn/products/laptop-gaming-msi-katana-15-hx-b14wek-027vn
hangchinhhieu,Laptop Gaming Acer Nitro ProPanel ANV16S-61-R7KQ (R5 AI 340 | GeForce RTX™ 5060 8GB | 16GB | 512GB | 16' FHD+ 180Hz | Win 11),https://hangchinhhieu.vn/products/laptop-gaming-acer-nitro-propanel-anv16s-61-r7kq
hangchinhhieu,Laptop MSI Prestige 14 AI+ D3MG-022VN (Ultra 7 355 | 32GB | 1TB | Intel Arc | 14' FHD+ OLED | Win 11),https://hangchinhhieu.vn/products/laptop-msi-prestige-14-ai-d3mg-022vn
hangchinhhieu,Laptop Acer Predator Triton Neo 16 PTN16-51-78JQ (Ultra 7 155H | GeForce RTX™ 4060 8GB | 32GB | 2TB | 16' WQXGA 240Hz | Win 11),https://hangchinhhieu.vn/products/laptop-gaming-acer-predator-triton-neo-16-ptn16-51-78jq
hangchinhhieu,Laptop ASUS TUF Gaming A14 FA401UH-RG001W (AMD Ryzen™ 7 260 | RTX™ 5050 8GB | 16GB | 512GB | 14' WQXGA 2.5k 165Hz | Win 11),https://hangchinhhieu.vn/products/laptop-asus-tuf-gaming-a14-fa401uh-rg001w
hangchinhhieu,Laptop Gaming Acer Predator Helios Neo 16 AI PHN16-I31-50H7 (i5-14450HX | GeForce RTX™ 5050 8GB | 32GB | 512GB | 16' WUXGA 180Hz | Win 11),https://hangchinhhieu.vn/products/laptop-gaming-acer-predator-helios-neo-16-ai-phn16-i31-50h7
hangchinhhieu,Laptop Gaming Acer Nitro ProPanel AN16S-61-R7ZJ (Ryzen AI 7 350 | GeForce RTX™ 5060 8GB | 16GB | 512GB | 16' 2K+ 180Hz | Win 11),https://hangchinhhieu.vn/products/laptop-gaming-acer-nitro-propanel-an16s-61-r7zj
hangchinhhieu,MacBook Air 13 inch M5 (10 CPU | 10 GPU | 24GB | 1TB | 13 inch | Apple Việt Nam),https://hangchinhhieu.vn/products/macbook-air-13-inch-m5-10-cpu-10-gpu-24gb-1tb-13-inch-apple-viet-nam
hangchinhhieu,"Laptop Gaming Acer Nitro ProPanel ANV16-72-71T9 (Core 7 240H | GeForce RTX™ 5060 8GB | 16GB | 512GB | 16"" FHD IPS 180Hz | Win 11)",https://hangchinhhieu.vn/products/laptop-gaming-acer-nitro-propanel-anv16-72-71t9
hangchinhhieu,MacBook Air 15 inch M5 (10 CPU | 10 GPU | 16GB | 1TB | 15 inch | Apple Việt Nam),https://hangchinhhieu.vn/products/macbook-air-15-inch-m5-10-cpu-10-gpu-16gb-1tb-15-inch-apple-viet-nam
hangchinhhieu,Laptop Gigabyte AERO X16 4WHN3VNC93AH (Ryzen AI 9 465 | GeForce RTX™ 5070 8GB | 16GB | 512GB | 16' WQXGA 165Hz | Win 11),https://hangchinhhieu.vn/products/laptop-gigabyte-aero-x16-4whn3vnc93ah
hangchinhhieu,Laptop Gaming Acer Predator Helios Neo 16 AI PHN16-I31-74MN (i7-14650HX | GeForce RTX™ 5050 8GB | 32GB | 512GB | 16' WUXGA 180Hz | Win 11),https://hangchinhhieu.vn/products/laptop-gaming-acer-predator-helios-neo-16-ai-phn16-i31-74mn
hangchinhhieu,Laptop ASUS ROG Strix G16 G614PM-TS147W (Ryzen 9 8940HX | GeForce RTX™ 5060 8GB | 16GB | 512GB | 16' WQXGA 300Hz | Win 11),https://hangchinhhieu.vn/products/laptop-asus-rog-strix-g16-g614pm-ts147w
hangchinhhieu,Laptop HP Envy 16-h0033TX 6K7F9PA (i9-12900H | GeForce RTX™ 3060 6GB |16GB | 512GB | 16' WQXGA Touch 120Hz | Win 11),https://hangchinhhieu.vn/products/laptop-hp-envy-16-h0033tx-6k7f9pa-i9-12900h
hangchinhhieu,Laptop Gaming Acer Nitro ProPanel ANV16S-61-R9ZV (R7 AI 350 | GeForce RTX™ 5060 8GB | 32GB | 1TB | 16' 2K+ 180Hz | Win 11),https://hangchinhhieu.vn/products/laptop-gaming-acer-nitro-propanel-anv16s-61-r9zv
hangchinhhieu,MacBook Air 15 inch M5 (10 CPU | 10 GPU | 24GB | 1TB | 15 inch | Apple Việt Nam),https://hangchinhhieu.vn/products/macbook-air-15-inch-m5-10-cpu-10-gpu-24gb-1tb-15-inch-apple-viet-nam
hangchinhhieu,Laptop HP Envy 16-h0206TX 7C0T3PA (i9-12900H | GeForce RTX™ 3060 6GB | 16GB | 512GB | 16' UHD OLED Touch | Win 11),https://hangchinhhieu.vn/products/laptop-hp-envy-16-h0206tx-7c0t3pa-i9-12900h
hangchinhhieu,"Laptop Gaming Acer Nitro ProPanel AN16S-61-R9CN (Ryzen AI 7 350 | GeForce RTX™ 5070 8GB | 16GB | 512GB | 16"" 2K IPS 180Hz | Win 11)",https://hangchinhhieu.vn/products/laptop-gaming-acer-nitro-propanel-an16s-61-r9cn
hangchinhhieu,Laptop Gaming Acer Predator Helios Neo 16 AI PHN16-I31-72XE (i7-14650HX | GeForce RTX™ 5060 8GB | 32GB | 512GB | 16' 2K WQXGA 180Hz | Win 11),https://hangchinhhieu.vn/products/laptop-gaming-acer-predator-helios-neo-16-ai-phn16-i31-72xe
hangchinhhieu,Laptop Gaming Acer Predator Helios Neo 16 AI PHN16-73-757W (Ultra 7 255HX | GeForce RTX™ 5060 8GB | 32GB | 1TB | 16' WQXGA 240Hz | Win 11),https://hangchinhhieu.vn/products/laptop-gaming-predator-helios-neo-16-ai-phn16-73-757w
hangchinhhieu,Laptop Gaming MSI Crosshair 16 HX E14WEK-076VN (Core i9-14900HX | GeForce RTX™ 5050 8GB | 32GB | 1TB | 16' QHD+ 240Hz | Win 11),https://hangchinhhieu.vn/products/laptop-gaming-msi-crosshair-16-hx-e14wek-076vn
hangchinhhieu,Laptop ASUS Zenbook A14 UX3407NA-QD254W (X2E-88-100 | 32GB | 1TB | Qualcomm Adreno | 14' WUXGA OLED | Win 11),https://hangchinhhieu.vn/products/laptop-asus-zenbook-a14-ux3407na-qd254w
hangchinhhieu,Laptop ASUS ROG Strix G16 G614PP-TS112W (Ryzen 9 8940HX | GeForce RTX™ 5070 8GB | 16GB | 512GB | 16' WQXGA 300Hz | Win 11),https://hangchinhhieu.vn/products/laptop-asus-rog-strix-g16-g614pp-ts112w
hangchinhhieu,"Laptop Gaming Acer Nitro ProPanel AN16S-61-R193 (Ryzen AI 9 365 | GeForce RTX™ 5070 8GB | 16GB | 512GB | 16"" 2K IPS 180Hz | Win 11)",https://hangchinhhieu.vn/products/laptop-gaming-acer-nitro-propanel-an16s-61-r193
hangchinhhieu,Laptop MSI Prestige 14 Flip AI+ Vincent van Gogh Edition (Ultra X9 378H | 32GB | 1TB | Intel® Arc™ B390 | 14' FHD+ OLED | Win 11),https://hangchinhhieu.vn/products/laptop-msi-prestige-14-flip-ai-vincent-van-gogh-edition
hangchinhhieu,Laptop Gaming MSI Crosshair A16 HX MLG Edition E8WFK-067VN (Ryzen 9-8940HX | GeForce RTX™ 5060 8GB | 16GB | 1TB | 16' QHD+ 240Hz | Win 11),https://hangchinhhieu.vn/products/laptop-gaming-msi-crosshair-a16-hx-mlg-edition-e8wfk-067vn
hangchinhhieu,Laptop ASUS TUF Gaming A14 FA401UM-RG049W (AMD Ryzen™ 7 260 | RTX™ 5060 8GB | 32GB | 512GB | 14' WQXGA 2.5k 165Hz | Win 11),https://hangchinhhieu.vn/products/laptop-asus-tuf-gaming-a14-fa401um-rg049w
hangchinhhieu,Laptop Gaming MSI Vector 16 HX AI A2XWHG-010VN (Ultra 7 255HX | GeForce RTX™ 5070Ti 12GB | 16GB | 512GB | 16' QHD+ 240Hz | Win 11),https://hangchinhhieu.vn/products/laptop-gaming-msi-vector-16-hx-ai-a2xwhg-010vn
hangchinhhieu,Laptop ASUS ExpertBook B9 B9406CAA-X7321TW (Ultra X7 358H | 32GB | 1TB | Intel Arc | 14' 3K OLED Touch | Win 11),https://hangchinhhieu.vn/products/laptop-asus-expertbook-b9406caa-x7321tw
hangchinhhieu,MacBook Pro 14 inch M5 (10 CPU | 10 GPU | 32GB | 1TB | 14 inch | Apple Việt Nam),https://hangchinhhieu.vn/products/macbook-pro-14-inch-m5-10-cpu-10-gpu-32gb-1tb-14-inch-apple-viet-nam
hangchinhhieu,Laptop Gaming MSI Crosshair A16 HX MLG Edition E8WGK-093VN (Ryzen 9-8940HX | GeForce RTX™ 5070 8GB | 16GB | 1TB | 16' QHD+ 240Hz | Win 11),https://hangchinhhieu.vn/products/laptop-gaming-msi-crosshair-a16-hx-mlg-edition-e8wgk-093vn
hangchinhhieu,MacBook Pro 14 inch M5 Pro (15 CPU | 16 GPU | 24GB | 1TB | 14 inch | Apple Việt Nam),https://hangchinhhieu.vn/products/macbook-pro-14-inch-m5-pro-15-cpu-16-gpu-24gb-1tb-14-inch-apple-viet-nam
hangchinhhieu,Laptop ASUS ROG Strix G16 G614PR-TS103W (Ryzen 9 8940HX | GeForce RTX™ 5070Ti 12GB | 16GB | 512GB | 16' WQXGA 300Hz | Win 11),https://hangchinhhieu.vn/products/laptop-asus-rog-strix-g16-g614pr-ts103w
hangchinhhieu,Laptop MSI Stealth 16 AI+ B3WF-007VN (Ultra 9 386H | GeForce RTX™ 5060 8GB | 32GB | 1TB | 16' QHD+ OLED 240Hz | Win 11),https://hangchinhhieu.vn/products/laptop-msi-stealth-16-ai-b3wf-007vn-ultra-9-386h-rtx-5060
hangchinhhieu,Laptop ASUS ZenBook DUO UX8407AA-SN439WS (Ultra X7-358H | 32GB | 512GB | Intel Arc | 2x 14' 3K OLED 144Hz Touch | Win 11),https://hangchinhhieu.vn/products/laptop-asus-zenbook-duo-ux8407aa-sn439ws
hangchinhhieu,Laptop Gaming MSI Raider A16 HX B8WH-031VN (R9-8940HX | GeForce RTX™ 5070Ti 12GB | 32GB | 1TB | 16' QHD+ 240Hz | Win 11),https://hangchinhhieu.vn/products/laptop-gaming-msi-raider-a16-hx-b8wh-031vn
hangchinhhieu,MacBook Pro 16 inch M5 Pro (18 CPU | 20 GPU | 24GB | 1TB | 16 inch | Apple Việt Nam),https://hangchinhhieu.vn/products/macbook-pro-16-inch-m5-pro-18-cpu-20-gpu-24gb-1tb-16-inch-apple-viet-nam
hangchinhhieu,MacBook Pro 14 inch M5 Pro (15 CPU | 16 GPU | 24GB | 2TB | 14 inch | Apple Việt Nam),https://hangchinhhieu.vn/products/macbook-pro-14-inch-m5-pro-15-cpu-16-gpu-24gb-2tb-14-inch-apple-viet-nam
hangchinhhieu,Laptop MSI Stealth 16 AI+ B3WG-008VN (Ultra 9 386H | GeForce RTX™ 5070 8GB | 32GB | 1TB | 16' QHD+ OLED 240Hz | Win 11),https://hangchinhhieu.vn/products/laptop-msi-stealth-16-ai-b3wg-008vn-ultra-9-386h-rtx5070
hangchinhhieu,Laptop Gigabyte AORUS MASTER 16 6XJM4VNE64SH (Ryzen™ 9 9955HX3D | GeForce RTX™ 5070Ti 12GB | 32GB | 1TB | 16' WQXGA OLED 240Hz | Win 11),https://hangchinhhieu.vn/products/laptop-gigabyte-aorus-master-16-6xjm4vne64sh-ryzen-9-9955hx3d
hangchinhhieu,Laptop ASUS ROG Zephyrus G16 GU606AM-TB032W (Ultra 9 368H | GeForce RTX™ 5060 8GB | 32GB | 1TB | 16' 2.5K OLED 240Hz | Win 11),https://hangchinhhieu.vn/products/laptop-asus-rog-zephyrus-g16-gu606am-tb032w
hangchinhhieu,Laptop ASUS ZenBook DUO UX8407AA-SN138WS (Ultra X9-388H | 32GB | 1TB | Intel Arc | 2x 14' 3K OLED 144Hz Touch | Win 11),https://hangchinhhieu.vn/products/laptop-asus-zenbook-duo-ux8407aa-sn138ws
hangchinhhieu,MacBook Pro 14 inch M5 Pro (18 CPU | 20 GPU | 24GB | 2TB | 14 inch | Apple Việt Nam),https://hangchinhhieu.vn/products/macbook-pro-14-inch-m5-pro-18-cpu-20-gpu-24gb-2tb-14-inch-apple-viet-nam
hangchinhhieu,Laptop ASUS ROG Strix G16 G614PW-TS051W (Ryzen 9 8940HX | GeForce RTX™ 5080 16GB | 16GB | 1TB | 16' WQXGA 300Hz | Win 11),https://hangchinhhieu.vn/products/laptop-asus-rog-strix-g16-g614pw-ts051w
hangchinhhieu,Laptop ASUS ROG Zephyrus G14 GU405AR-SY016W (Ultra 9 386H | GeForce RTX™ 5070Ti 12GB | 32GB | 1TB | 14' 3K OLED 120Hz | Win 11),https://hangchinhhieu.vn/products/laptop-asus-rog-zephyrus-g14-gu405ar-sy016w
hangchinhhieu,Laptop ASUS ROG Zephyrus G16 GU606AR-TB027W (Ultra 9 386H | GeForce RTX™ 5070Ti 12GB | 32GB | 1TB | 16' 2.5K OLED 120Hz | Win 11),https://hangchinhhieu.vn/products/laptop-asus-rog-zephyrus-g16-gu606ar-tb027w
hangchinhhieu,Laptop ASUS ExpertBook B9 B9406CAA-X7642TW (Ultra X7 358H | 64GB | 2TB | Intel Arc | 14' 3K OLED Touch | Win 11),https://hangchinhhieu.vn/products/laptop-asus-expertbook-b9-b9406caa-x7642tw
hangchinhhieu,MacBook Pro 16 inch M5 Pro (18 CPU | 20 GPU | 48GB | 1TB | 16 inch | Apple Việt Nam),https://hangchinhhieu.vn/products/macbook-pro-16-inch-m5-pro-18-cpu-20-gpu-48gb-1tb-16-inch-apple-viet-nam
hangchinhhieu,MacBook Pro 14 inch M5 Max (18 CPU | 32 GPU | 36GB | 2TB | 14 inch | Apple Việt Nam),https://hangchinhhieu.vn/products/macbook-pro-14-inch-m5-max-18-cpu-32-gpu-36gb-2tb-14-inch-apple-viet-nam
hangchinhhieu,Laptop ASUS ROG Zephyrus G14 GU405AW-SY029W (Ultra 9 386H | GeForce RTX™ 5080 16GB | 32GB | 1TB | 14' 3K OLED 120Hz | Win 11),https://hangchinhhieu.vn/products/laptop-asus-rog-zephyrus-g14-gu405aw-sy029w
hangchinhhieu,MacBook Pro 16 inch M5 Max (18 CPU | 32 GPU | 36GB | 2TB | 16 inch | Apple Việt Nam),https://hangchinhhieu.vn/products/macbook-pro-16-inch-m5-max-18-cpu-32-gpu-36gb-2tb-16-inch-apple-viet-nam
hangchinhhieu,Laptop ASUS ROG Zephyrus G16 GU606AW-TB121W (Ultra 9 368H | GeForce RTX™ 5080 16GB | 32GB | 1TB | 16' 2.5K OLED 240Hz | Win 11),https://hangchinhhieu.vn/products/nhan-ban-tu-laptop-asus-rog-zephyrus-g16-gu606aw-tb121w-ultra-9-368h-geforce-rtx-5080-16gb-32gb-1tb-16-2-5k-oled-240hz-win-11
hangchinhhieu,MacBook Pro 16 inch M5 Max (18 CPU | 40 GPU | 48GB | 2TB | 16 inch | Apple Việt Nam),https://hangchinhhieu.vn/products/macbook-pro-16-inch-m5-max-18-cpu-40-gpu-48gb-2tb-16-inch-apple-viet-nam
hangchinhhieu,Laptop ASUS ROG Zephyrus G16 GU606AW-TB052WS (Ultra 9 368H | GeForce RTX™ 5080 16GB | 64GB | 1TB | 16' 2.5K OLED 240Hz | Win 11 + Office),https://hangchinhhieu.vn/products/nhan-ban-tu-laptop-asus-rog-zephyrus-g16-gu606aw-tb052ws
hangchinhhieu,Laptop ASUS ROG Zephyrus G16 GU606AX-TB042WS (Ultra 9 368H | GeForce RTX™ 5090 24GB | 64GB | 2TB | 16' 2.5K OLED 240Hz | Win 11 + Office),https://hangchinhhieu.vn/products/laptop-asus-rog-zephyrus-g16-gu606ax-tb042ws
hangchinhhieu,Laptop Gaming MSI Titan 18 HX A2WJ-1200VN (Ultra 9 290HX Plus | GeForce RTX™ 5090 24GB | 96GB | 2TB | 18' UHD+ 4K MiniLED 120Hz | Win 11),https://hangchinhhieu.vn/products/laptop-gaming-msi-titan-18-hx-a2wj-1200vn
laptopnew,"Laptop Asus TUF Gaming F16 | CPU i7-14650HX | RAM 16GB DDR5 | SSD 512GB PCIe | VGA RTX 5060 8GB | 16.0 WUXGA IPS, 100% sRGB & 165Hz | Win11. Part: FX608JMI TU241W",https://laptopnew.vn/laptop-asus-tuf-gaming-f16-fx608jmi-tu241w
laptopnew,"Laptop Lenovo LOQ 15IRX10 | CPU i7-13650HX | RAM 16GB DDR5 | SSD 512GB PCIe | VGA RTX 5050 8GB | 15.6 FHD IPS, 100% sRGB & 144Hz | Win 11. Part:",https://laptopnew.vn/laptop-lenovo-loq-15irx10-83je00pevn
laptopnew,"Laptop Dell Alienware 16 Aurora | CPU Core 7-240H | RAM 16GB DDR5 | SSD 1TB PCIe | VGA RTX 5050 8GB | 16.0 QHD 2K5 IPS, 100% sRGB & 120Hz | Win11. Part: AC16250 C7H161W11II5050",https://laptopnew.vn/laptop-dell-alienware-16-aurora-ac16250-c7h161w11ii5050
laptopnew,"Laptop Asus TUF Gaming A15 | CPU R7-170 | RAM 16GB DDR5 | SSD 512GB PCIe | VGA RTX 3050 4GB | 15.6 FHD IPS, 100% sRGB & 144Hz | Win11. Part: FA506NCQ HN005W",https://laptopnew.vn/laptop-asus-tuf-gaming-a15-fa506ncq-hn005w
laptopnew,Laptop MSI Cyborg 15 | CPU i7-13620H | RAM 16GB DDR5 | SSD 512GB PCIe | VGA RTX 4050 6GB | 15.6 FHD IPS & 144Hz | Win11. Part: A13VEO 2608VN,https://laptopnew.vn/laptop-msi-cyborg-15-a13veo-2608vn
laptopnew,Laptop MSI Cyborg 15 | CPU Core 5-210H | RAM 16GB DDR5 | SSD 512GB PCIe | VGA RTX 5060 8GB | 15.6 FHD IPS & 144Hz | Win11. Part: B2RWFKG I51651G56,https://laptopnew.vn/laptop-msi-cyborg-15-b2rwfkg-i51651g56
laptopnew,"Laptop Lenovo Legion 7A 2026 | CPU R9 HX 470 | RAM 32GB LPDDR5x | SSD 1TB PCIe | VGA RTX 5060 8GB | 16.0 QHD 2K5 OLED, 100% DCI-P3 & 240Hz | Win11. Part: R93210G56",https://laptopnew.vn/laptop-lenovo-legion-7a-r93210g56
laptopnew,"Laptop Asus ROG Zephyrus G16 GU605 | CPU Ultra 9-285H | RAM 32GB LPDDR5x | SSD 1TB PCIe | VGA RTX 5070Ti 12GB | 16.0 QHD 2K5 OLED, 100% DCI-P3 & 240Hz | Win11. Part: U93210G57TI",https://laptopnew.vn/laptop-asus-rog-zephyrus-g16-gu605-u93210g57ti
laptopnew,"Laptop HP Omen 16 slim | CPU Ultra 9-285H | RAM 16GB DDR5 | SSD 1TB PCIe | VGA RTX 5070 8GB | 16.0 WUXGA IPS, 100% sRGB & 144Hz | Win11. Part: AN0075CL U91610G57",https://laptopnew.vn/laptop-hp-omen-16-slim-u91610g57
laptopnew,"Laptop HP Omen 16 slim | CPU Ultra 9-285H | RAM 32GB DDR5 | SSD 1TB PCIe | VGA RTX 5070 8GB | 16.0 WUXGA IPS, 100% sRGB & 144Hz | Win11. Part: AN0075CL U93210G57",https://laptopnew.vn/laptop-hp-omen-16-slim-u93210g57
laptopnew,"Laptop HP Omen 17 | CPU R9 AI 365 | RAM 32GB DDR5 | SSD 1TB PCIe | VGA RTX 5060 8GB | 17.3 FHD IPS, 100% sRGB & 144Hz | Win11. Part: db100 R93210G56",https://laptopnew.vn/laptop-hp-omen-17-db100-r93210g56
laptopnew,"Laptop ASUS TUF Gaming A16 | CPU R7 260 | RAM 16GB DDR5 | SSD 512GB PCIe | VGA RTX 5060 8GB | 16.0 WUXGA IPS, 100% sRGB & 165Hz | Win11. Part: FA608 R71651G56",https://laptopnew.vn/asus-tuf-gaming-a16-fa608-r71620g56
laptopnew,"Laptop Asus Tuf F16 | CPU i7-14650HX | RAM 16GB DDR5 | SSD 512GB PCIe | VGA RTX 5060 8GB | 16.0 WUXGA IPS, 100% sRGB & 165Hz | Win11. Part: FX608 I71651G56",https://laptopnew.vn/laptop-asus-tuf-f16-fx608-i71651g56
laptopnew,"Laptop LECOO FIGHTER 7000P | CPU Core 7-245HX | RAM 16GB DDR5 | SSD 512GB PCIe | VGA RTX 5060 8GB | 16.0 QHD 2K5 IPS, 100% sRGB & 180Hz | Win11. Part: Y71651G56",https://laptopnew.vn/laptop-lecoo-fighter-7000p-y71651g56
laptopnew,Laptop HP OMEN 16 slim | CPU Ultra 5-225H | RAM 16GB DDR5 | SSD 1TB PCIe | VGA RTX 5050 8GB | 16.0 WUXGA IPS & 165Hz | Win 11. Part: U51610G55,https://laptopnew.vn/laptop-hp-omen-16-slim-u51610g55
laptopnew,"Laptop LENOVO LEGION Y7000X 2026 | CPU Core 7-245HX | RAM 16GB DDR5 | SSD 512GB PCIe | VGA RTX 5060 8GB | 15.3 QHD 2K5 OLED, 100% DCI-P3 & 165Hz | Win11 + Office 2024. Part: 15IAX11 Y71651G56 White",https://laptopnew.vn/laptop-lenovo-legion-y7000x-15iax11-white
laptopnew,"Laptop LENOVO LEGION Y7000X 2026 | CPU Core 7-245HX | RAM 16GB DDR5 | SSD 512GB PCIe | VGA RTX 5060 8GB | 15.3 QHD 2K5 OLED, 100% DCI-P3 & 165Hz | Win11 + Office 2024. Part: 15IAX11 Y71651G56",https://laptopnew.vn/laptop-lenovo-legion-y7000x-15iax11-y71651g56
laptopnew,"Laptop LENOVO LEGION R7000X 2026 | CPU R7 H 255 | RAM 16GB DDR5 | SSD 1TB PCIe | VGA RTX 5060 8GB | 15.3 QHD 2K5 OLED, 100% DCI-P3 & 165Hz | Win11 + Office 2024. Part: AHP11 R71610G56",https://laptopnew.vn/laptop-lenovo-legion-r7000x-ahp11-r71610g56
laptopnew,"Laptop Dell Alienware 16 Area 51 | CPU Ultra 7-255HX | RAM 16GB DDR5 | SSD 1TB PCIe | VGA RTX 5060 8GB | 16.0 QHD 2K5 IPS, 100% DCI-P3 & 240Hz | Win11. Part: U71610G56",https://laptopnew.vn/laptop-dell-alienware-16-area-51-u71610g56
laptopnew,"Laptop Asus TUF Gaming A15 | CPU R7-7445HS | RAM 16GB DDR5 | SSD 512GB PCIe | VGA RTX 3050 4GB | 15.6 FHD IPS, 100% sRGB & 144Hz | Win11. Part: FA506NCG HN184W",https://laptopnew.vn/laptop-asus-tuf-gaming-a15-fa506ncg-hn184w
laptopnew,"Laptop MSI Katana 15 HX | CPU i7-14650HX | RAM 16GB DDR5 | SSD 1TB PCIe | VGA RTX 5070 8GB | 15.6 QHD IPS, 100% sRGB & 165Hz | Win11. Part: I71610G57",https://laptopnew.vn/laptop-msi-katana-15-hx-i71610g57
laptopnew,Laptop MSI Katana 15 HX | CPU i7-14650HX | RAM 16GB DDR5 | SSD 512GB PCIe | VGA RTX 5050 8GB | 15.6 FHD IPS & 144Hz | Win11. Part: I71651G55,https://laptopnew.vn/laptop-msi-katana-15-hx-i71651g55
laptopnew,Laptop Acer Nitro V 15 | CPU i5-13420H | RAM 16GB DDR4 | SSD 512GB PCIe | VGA RTX 5050 8GB | 15.6 FHD IPS & 165Hz | Win11. Part: I51651G55,https://laptopnew.vn/laptop-acer-nitro-v-15-i51651g55
laptopnew,"Laptop ASUS ROG Strix G18 | CPU R9-9955HX | RAM 64GB DDR5 | SSD 4TB PCle | VGA RTX 5070 8GB | 18.0 QHD 2K5, 100% DCI-P3 & 240Hz | Win11. Part: G814 R96440G57",https://laptopnew.vn/laptop-asus-rog-strix-g18-g814-r96440g57
laptopnew,"Laptop LENOVO LEGION Pro 7 | CPU Ultra 9-275HX | RAM 32GB DDR5 | SSD 2TB PCIe | VGA RTX 5090 24GB | 16.0 QHD 2K5 OLED, 100% DCI-P3 & 240Hz | Win11. Part: U93220G59",https://laptopnew.vn/laptop-lenovo-legion-pro-7-u93220g59
laptopnew,"Laptop ASUS ROG Strix Scar 18 | CPU Ultra 9-275HX | RAM 32GB DDR5 | SSD 2TB PCIe | VGA RTX 5090 24GB | 18.0 QHD 2K5 MiniLED IPS, 100% DCI-P3 & 240Hz | Win11. Part: G835 U93220G59",https://laptopnew.vn/laptop-asus-rog-strix-scar-18-g835-u93220g59
laptopnew,Laptop ASUS TUF Gaming A16 | CPU R7-170 | RAM 16GB DDR5 | SSD 512GB PCIe | VGA RTX 4050 6GB | 16.0 WUXGA IPS & 144Hz | Win11. Part: FA607NUQ RL007W,https://laptopnew.vn/laptop-asus-tuf-gaming-a16-fa607nuq-rl007w
laptopnew,Laptop ASUS Gaming V16 | CPU Core 7-240H | RAM 16GB DDR5 | SSD 512GB PCIe | VGA RTX 4050 6GB | 16.0 WUXGA IPS & 144Hz | Win11 | Part: V3607VU RP216W,https://laptopnew.vn/laptop-asus-gaming-v16-v3607vu-rp216w
laptopnew,"Laptop Lenovo Thinkbook 16P | CPU R9-8945HX | RAM 16GB DDR5 | SSD 1TB PCIe | VGA RTX 5060 8GB | 16.0 QHD 2K5 IPS, 100% DCI-P3 & 165Hz | Win11 + Office 2024 | Part: G6 ADR R91610G56",https://laptopnew.vn/laptop-lenovo-thinkbook-16p-g6-adr-r91610g56
laptopnew,"Laptop LENOVO LEGION 5 | Ultra 7-356H | RAM 16GB DDR5 | SSD 512GB PCIe | VGA RTX 5060 8GB | 15.3 2K5 OLED, 100% DCI-P3 & 165Hz | Win11. Part: 15IPH11 83RW0023VN",https://laptopnew.vn/laptop-lenovo-gaming-legion-5-15iph11-83rw0023vn
laptopnew,"Laptop LENOVO LEGION 5 | CPU i7-13650HX | RAM 16GB DDR5 | SSD 512GB PCIe | VGA RTX 5060 8GB | 15.3 WUXGA IPS, 100% sRGB & 165Hz | Win11. Part: 15IRX10 83LY00HQVN",https://laptopnew.vn/laptop-lenovo-legion-5-15irx10-83ly00hqvn
laptopnew,"Laptop ASUS ROG Strix Scar 18 | CPU Ultra 9-275HX | RAM 32GB DDR5 | SSD 1TB PCIe | VGA RTX 5070Ti 12GB | 18.0 QHD 2K5 MiniLED IPS, 100% DCI-P3 & 240Hz | Win11. Part: G835 U93210G57TI",https://laptopnew.vn/laptop-asus-rog-strix-scar-18-g835-u93210g57ti
laptopnew,"Laptop ASUS ROG Strix G16 | CPU R9-8940HX | RAM 16GB DDR5 | SSD 1TB PCle | VGA RTX 5070 8GB | 16.0 WUXGA IPS, 100% sRGB & 165Hz | Win11. Part: G614 R91610G57",https://laptopnew.vn/laptop-asus-rog-strix-g16-g614-r91610g57
laptopnew,"Laptop ASUS ROG Strix G16 | CPU R9-8940HX | RAM 16GB DDR5 | SSD 512GB PCle | VGA RTX 5060 8GB | 16.0 WUXGA IPS, 100% sRGB & 165Hz | Win11. Part: G614PM RV233W",https://laptopnew.vn/laptop-asus-rog-strix-g16-g614pm-rv233w
laptopnew,"Laptop ASUS ROG Strix G16 | CPU R9-8940HX | RAM 16GB DDR5 | SSD 512GB PCle | VGA RTX 5070Ti 12GB | 16.0 QHD 2.5K IPS, 100% DCI-P3 & 300Hz | Win11. Part: G614PR TS103W",https://laptopnew.vn/laptop-asus-rog-strix-g16-g614pr-ts103w
laptopnew,"Laptop ASUS ROG Strix G16 | CPU R9-8940HX | RAM 16GB DDR5 | SSD 512GB PCle | VGA RTX 5070 8GB | 16.0 QHD 2.5K IPS, 100% DCI-P3 & 300Hz | Win11. Part: G614PP TS112W",https://laptopnew.vn/laptop-asus-rog-strix-g16-g614pp-ts112w
laptopnew,"Laptop ASUS ROG Strix G16 | CPU R9-8940HX | RAM 16GB DDR5 | SSD 512GB PCle | VGA RTX 5060 8GB | 16.0 QHD 2.5K IPS, 100% DCI-P3 & 300Hz | Win11. Part: G614PM TS147W",https://laptopnew.vn/laptop-asus-rog-strix-g16-g614pm-ts147w
laptopnew,"Laptop Dell Alienware 16X Aurora | CPU Ultra 7-255HX | RAM 16GB DDR5 | SSD 1TB PCIe | VGA RTX 5060 8GB | 16.0 QHD 2K5 IPS, 100% sRGB & 120Hz | Win11. Part: U71610G56",https://laptopnew.vn/laptop-dell-alienware-16x-aurora-u71610g56
laptopnew,"Laptop Dell Alienware 16 Aurora | CPU Core 5-210H | RAM 16GB DDR5 | SSD 512GB PCIe | VGA RTX 3050 6GB | 16.0 QHD 2K5 IPS, 100% sRGB & 120Hz | Win11. Part: AC16250 71072939",https://laptopnew.vn/laptop-dell-gaming-alienware-16-aurora-ac16250-71072939
laptopnew,Laptop Gaming Gigabyte A16 | CPU R7-260 | RAM 16GB DDR5 | SSD 512GB PCIe | VGA RTX 5060 8GB | 16.0 WUXGA IPS & 165Hz | Win11 | Part: GA6H 3VHK3VN893SH,https://laptopnew.vn/laptop-gaming-gigabyte-a16-ga6h-3vhk3vn893sh
laptopnew,Laptop Gaming Gigabyte A16 | CPU R7-260 | RAM 16GB DDR5 | SSD 512GB PCIe | VGA RTX 5050 8GB | 16.0 WUXGA IPS & 165Hz | Win11 | Part: GA6H 3THK3VN893SH,https://laptopnew.vn/laptop-gaming-gigabyte-a16-ga6h-3thk3vn893sh
laptopnew,Laptop Gaming Gigabyte A16 | CPU i7-13620H | RAM 16GB DDR5 | SSD 512GB PCIe | VGA RTX 5060 8GB | 16.0 WUXGA IPS & 165Hz | Win11 | Part: GA6H CVHI3MY893SH,https://laptopnew.vn/laptop-gaming-gigabyte-a16-ga6h-cvhi3my893sh
laptopnew,Laptop Gaming Gigabyte A16 | CPU i7-13620H | RAM 16GB DDR5 | SSD 512GB PCIe | VGA RTX 4050 6GB | 16.0 WUXGA IPS & 165Hz | Win11 | Part: GA6H CMHI2MY893SH,https://laptopnew.vn/laptop-gaming-gigabyte-a16-ga6h-cmhi2my893sh
laptopnew,Laptop Gaming Gigabyte A16| CPU i5-13420H | RAM 16GB DDR5 | SSD 512GB PCIe | VGA RTX 4050 6GB | 16.0 WUXGA IPS & 165Hz | Win11 | Part: GA6H CMHI2MY893SH,https://laptopnew.vn/laptop-gigabyte-a16-ga6h-cmhh2my893sh
laptopnew,"Laptop ASUS ROG Strix G16 | CPU R9-8940HX | RAM 16GB DDR5 | SSD 1TB PCle | VGA RTX 5060 8GB | 16.0 QHD 2.5K IPS, 100% DCI-P3 & 240Hz | Win11. Part: G614PM S5181WS",https://laptopnew.vn/laptop-asus-rog-strix-g16-g614pm-s5181ws
laptopnew,"Laptop ASUS ROG Strix G16 | CPU R9-8940HX | RAM 16GB DDR5 | SSD 512GB PCle | VGA RTX 5050 8GB | 16.0 QHD 2.5K IPS, 100% DCI-P3 & 240Hz | Win11. Part: G614PH S5101W",https://laptopnew.vn/laptop-asus-rog-strix-g16-g614ph-s5101w
laptopnew,Laptop MSI Katana 15 | CPU i7-13620H | RAM 16GB DDR5 | SSD 1TB PCIe | VGA RTX 4050 6GB | 15.6 FHD IPS & 144Hz | Win11 | Part: B13VEK 2440VN,https://laptopnew.vn/laptop-msi-katana-15-b13vek-2440vn
laptopnew,"Laptop Lenovo LOQ 15IAX9E | CPU i5-12450HX | RAM 16GB DDR5 | SSD 512GB PCIe | VGA RTX 3050 6GB | 15.6 FHD IPS, 100% sRGB & 144Hz | Win11 | Part: 83LK0079VN",https://laptopnew.vn/laptop-lenovo-loq-15iax9e-83lk0079vn
laptopnew,Laptop MSI Cyborg 15 Black Edition A13VE 2410VN | CPU i5-13420H | RAM 16GB DDR5 | SSD 512GB PCIe | VGA RTX 4050 6GB | 15.6 FHD IPS & 144Hz | Win11,https://laptopnew.vn/laptop-msi-cyborg-15-black-edition-a13ve-2410vn
laptopnew,"Laptop MSI Raider 16 Max HX B2WI 095VN | CPU Ultra 9-290HX Plus | RAM 64GB DDR5 | SSD 2TB PCIe | VGA RTX 5080 16GB | 16.0 QHD+ 2K5 OLED, 100% DCI-P3 & 240Hz | Win11",https://laptopnew.vn/laptop-gaming-msi-raider-16-max-hx-b2wi-095vn
laptopnew,"Laptop MSI Titan 18 HX A2WJ 1200VN | CPU Ultra 9-290HX Plus | RAM 96GB DDR5 | SSD 2TB PCIe | VGA RTX 5090 24GB | 18.0 UHD+ 4K MiniLED IPS, 100% DCI-P3 & 120Hz | Win11",https://laptopnew.vn/laptop-gaming-msi-titan-18-hx-a2wj-1200vn
laptopnew,"Laptop Hp Omen Transcend 14 fb1020tx | CPU Ultra 7-255H | RAM 32GB LPDDR5X | SSD 1TB PCIe | VGA RTX 5060 8GB | 14.0 QHD 2K8 OLED, 100% DCI-P3 & 120Hz | Win11. Part: U73210G56",https://laptopnew.vn/laptop-hp-omen-transcend-14-fb1020tx-u73210g56
laptopnew,"Laptop Dell Alienware 16X Aurora | CPU Ultra 9-275HX | RAM 16GB DDR5 | SSD 1TB PCIe | VGA RTX 5060 8GB | 16.0 QHD 2K5 IPS, 100% DCI-P3 & 240Hz | Win11. Part: U91610G56",https://laptopnew.vn/dell-alienware-16x-aurora-u91610g56
laptopnew,"Laptop Acer Shadow SH16-74-7W41 I73210G56 | CPU i7-14650HX | RAM 32GB DDR5 | SSD 1TB PCIe | VGA RTX 5060 8GB | 16.0 QHD 2K5, 100% sRGB & 240Hz | Win11",https://laptopnew.vn/laptop-acer-shadow-sh16-74-7w41-i73210g56
laptopnew,"Laptop MSI Stealth 16 AI+ B3WGX 008VN | CPU Ultra 9-386H | RAM 32GB DDR5 | SSD 1TB PCIe | VGA RTX 5070 8GB | 16.0 QHD 2K5 OLED, 100% DCI-P3 & 240Hz | Win11",https://laptopnew.vn/laptop-gaming-msi-stealth-16-ai-b3wgx-008vn
laptopnew,"Laptop MSI Stealth 16 AI+ B3WF 007VN | CPU Ultra 9-386H | RAM 32GB DDR5 | SSD 1TB PCIe | VGA RTX 5060 8GB | 16.0 QHD 2K5 OLED, 100% DCI-P3 & 240Hz | Win11",https://laptopnew.vn/laptop-gaming-msi-stealth-16-ai-b3wf-007vn
laptopnew,"Laptop ASUS TUF F16 | CPU Core i5-13450HX | RAM 16GB DDR5 | SSD 1TB PCIe | VGA RTX 5050 8GB | 16.0 WUXGA IPS, 100% sRGB & 165Hz | Win11. Part: FX608JH RV039W",https://laptopnew.vn/laptop-asus-tuf-gaming-f16-fx608jh-rv039w
laptopnew,Laptop ASUS TUF Gaming F16 | CPU Core 5-210H | RAM 16GB DDR5 | SSD 512GB PCIe | VGA RTX 3050 6GB | 16.0 WUXGA IPS & 144Hz | Win11. Part: FX607VJB RL151W,https://laptopnew.vn/laptop-asus-tuf-gaming-f16-fx607vjb-rl151w
laptopnew,"Laptop ASUS ROG Strix Scar 18 | CPU Ultra 9-275HX | RAM 32GB DDR5 | SSD 1TB PCIe | VGA RTX 5080 16GB | 18.0 QHD 2K5 MiniLED IPS, 100% DCI-P3 & 240Hz | Win11. Part: G835LW SA193W",https://laptopnew.vn/laptop-asus-rog-strix-scar-18-g835lw-sa193w
laptopnew,"Laptop LENOVO LEGION 9 | CPU Ultra 9-275HX | RAM 64GB DDR5 | SSD 4TB PCIe | VGA RTX 5090 24GB | 18.0 UHD 4K IPS, 100% DCI-P3 & 240Hz | Win11. Part: 18IAX10 U96440G59",https://laptopnew.vn/laptop-lenovo-legion-9-18iax10-u96440g59
laptopnew,"Laptop Lenovo Thinkbook 16P | CPU R9-8945HX | RAM 32GB DDR5 | SSD 1TB PCIe | VGA RTX 5060 8GB | 16.0 QHD 2K5 IPS, 100% DCI-P3 & 240Hz | Win11 + Office 2024. Part: G6 ADR R93210G56",https://laptopnew.vn/laptop-thinkbook-16p-g6-adr-r93210g56
laptopnew,"Laptop Asus Tuf F16 | CPU i7-14650HX | RAM 32GB DDR5 | SSD 1TB PCIe | VGA RTX 5060 8GB | 16.0 WUXGA IPS, 100% sRGB & 165Hz | Win11. Part: FX608 I73210G56",https://laptopnew.vn/laptop-asus-tuf-f16-fx608-i73210g56
laptopnew,Laptop MSI Katana 15 B13VEK 2416VN | CPU i5-13420H | RAM 16GB DDR5 | SSD 512GB PCIe | VGA RTX 4050 6GB | 15.6 FHD IPS & 144Hz | Win11,https://laptopnew.vn/laptop-msi-katana-15-b13vek-2416vn
laptopnew,Laptop MSI Katana 15 B13VEK 2415VN | CPU i5-13420H | RAM 8GB DDR5 | SSD 512GB PCIe | VGA RTX 4050 6GB | 15.6 FHD IPS & 144Hz | Win11,https://laptopnew.vn/laptop-msi-katana-15-b13vek-2415vn
laptopnew,Laptop MSI Katana 15 B13UDXK 2213VN | CPU i5-13500H | RAM 16GB DDR5 | SSD 1TB PCIe | VGA RTX 3050 6GB | 15.6 FHD IPS & 144Hz | Win11,https://laptopnew.vn/laptop-msi-katana-15-b13udxk-2213vn
laptopnew,"Laptop Razer Blade 16 R93220G57TI | CPU R9 AI 365 | RAM 32GB LPDDR5X | SSD 2TB PCIe | VGA RTX 5070Ti 12GB | 16.0 QHD 2K5 OLED, 100% DCI-P3 & 240Hz | Win11",https://laptopnew.vn/laptop-razer-blade-16-r93220g57ti
laptopnew,"Laptop Razer Blade 18 U93220G58 | CPU Ultra 9-275HX | RAM 32GB DDR5 | SSD 2TB PCIe | VGA RTX 5080 16GB | 18.0 UHD 4K IPS, 100% DCI-P3 & 240Hz | Win11",https://laptopnew.vn/laptop-razer-blade-18-u93220g58
laptopnew,"Laptop Dell Alienware 16 Aurora | CPU Core™ 7-240H | RAM 16GB DDR5 | SSD 1TB PCIe | VGA RTX 5060 8GB | 16.0 QHD 2K5 IPS, 100% sRGB & 120Hz | Win11. Part: C71610G56",https://laptopnew.vn/laptop-dell-alienware-16-aurora-c71610g56
laptopnew,"Laptop LENOVO LEGION Pro 7 | CPU Ultra 9-275HX | RAM 32GB DDR5 | SSD 1TB PCIe | VGA RTX 5080 16GB | 16.0 QHD 2K5 OLED, 100% DCI-P3 & 240Hz | Win11. Part: U93210G58",https://laptopnew.vn/laptop-lenovo-legion-pro-7-u93210g58
laptopnew,"Laptop Acer Predator Neo 16s | CPU Ultra 9-275HX | RAM 32GB DDR5 | SSD 1TB PCIe | VGA RTX 5070Ti 12GB | 16.0 QHD 2K5 OLED, 100% DCI-P3 & 240Hz | Win11. Part: U93210G57TI",https://laptopnew.vn/laptop-acer-predator-neo-16s-u93210g57ti
laptopnew,"Laptop ASUS ROG Strix G18 | CPU R9-9955HX | RAM 32GB DDR5 | SSD 1TB PCle | VGA RTX 5070 8GB | 18.0 QHD 2K5, 100% DCI-P3 & 240Hz | Win11. Part: G814 R93210G57",https://laptopnew.vn/asus-rog-strix-g18-g814-r93210g57
laptopnew,"Laptop MSI Stealth A16 AI+ A3XWFG 018VN | CPU R9-370 HX AI | RAM 32GB DDR5 | SSD 1TB PCIe | VGA RTX 5060 8GB | 16.0 QHD 2K5 OLED, 100% DCI-P3 & 240Hz | Win11",https://laptopnew.vn/laptop-msi-stealth-a16-ai-a3xwfg-018vn
laptopnew,Laptop MSI Cyborg 15 AI A1VEK 245VN | CPU Ultra 5-135H | RAM 16GB DDR5 | SSD 512GB PCle | VGA RTX 4050 6GB | 15.6 FHD IPS & 144Hz | Win11,https://laptopnew.vn/laptop-gaming-msi-cyborg-15-ai-a1vek-245vn
laptopnew,"Laptop Lenovo LOQ 15ARP9 R51651G45 | CPU R5-7235HS | RAM 16GB DDR5 | SSD 512GB PCIe | VGA RTX 4050 6GB | 15.6 FHD IPS, 100% sRGB & 144Hz | Win11",https://laptopnew.vn/laptop-lenovo-loq-15arp9-r51651g45
laptopnew,"Laptop LENOVO LEGION Pro 7 | CPU Ultra 9-275HX | RAM 64GB DDR5 | SSD 2TB PCIe | VGA RTX 5090 24GB | 16.0 QHD 2K5 OLED, 100% DCI-P3 & 240Hz | Win11. Part: U96420G59",https://laptopnew.vn/laptop-lenovo-legion-pro-7-u96420g59
laptopnew,Laptop Gigabyte A16 CWHI3VN864SH | CPU i7-13620H | RAM 32GB DDR5 | SSD 1TB PCIe | VGA RTX 5070 8GB | 16.0 FHD IPS & 165Hz | Win11,https://laptopnew.vn/laptop-gigabyte-a16-cwhi3vn864sh
laptopnew,"Laptop Gigabyte A16 CWHI3VNC94SH | CPU i7-13620H | RAM 16GB DDR5 | SSD 1TB PCIe | VGA RTX 5070 8GB | 16.0 QHD 2K5 IPS, 100% RGB & 165Hz | Win11",https://laptopnew.vn/laptop-gigabyte-a16-cwhi3vnc94sh
laptopnew,"Laptop Gigabyte A16 CVHI3VNC94SH | CPU i7-13620H | RAM 16GB DDR5 | SSD 1TB PCIe | VGA RTX 5060 8GB | 16.0 QHD 2K5 IPS, 100% RGB & 165Hz | Win11",https://laptopnew.vn/laptop-gigabyte-a16-cvhi3vnc94sh
laptopnew,"Laptop Gigabyte A16 CVHI3VNC93SH | CPU i7-13620H | RAM 16GB DDR5 | SSD 512GB PCIe | VGA RTX 5060 8GB | 16.0 QHD 2K5 IPS, 100% RGB & 165Hz | Win11",https://laptopnew.vn/laptop-gigabyte-a16-cvhi3vnc93sh
laptopnew,"Laptop Gigabyte A16 CVHI3VN893SH | CPU i7-13620H | RAM 16GB DDR5 | SSD 512GB PCIe | VGA RTX 5060 8GB | 16.0 FHD IPS, 100% RGB & 165Hz | Win11",https://laptopnew.vn/laptop-gigabyte-a16-cvhi3vn893sh
laptopnew,"Laptop Gigabyte A16 CTHH3VN893SH | CPU i5-13420H | RAM 16GB DDR5 | SSD 512GB PCIe | VGA RTX 5050 8GB | 16.0 FHD IPS, 100% RGB & 165Hz | Win11",https://laptopnew.vn/laptop-gigabyte-a16-cthh3vn893sh
laptopnew,"Laptop Gigabyte A16 CTHI3VN893SH | CPU i7-13620H | RAM 16GB DDR5 | SSD 512GB PCIe | VGA RTX 5050 8GB | 16.0 FHD IPS, 100% RGB & 165Hz | Win11",https://laptopnew.vn/laptop-gigabyte-a16-cthi3vn893sh
laptopnew,Laptop Gigabyte A16 CMHI2VN894SH | CPU i7-13620H | RAM 16GB DDR5 | SSD 1TB PCIe | VGA RTX 4050 6GB | 16.0 FHD IPS & 165Hz | Win11,https://laptopnew.vn/laptop-gigabyte-a16-cmhi2vn894sh
laptopnew,Laptop Gigabyte A16 CMHI2VN893SH | CPU i7-13620H | RAM 16GB DDR5 | SSD 512GB PCIe | VGA RTX 4050 6GB | 16.0 FHD IPS & 165Hz | Win11,https://laptopnew.vn/laptop-gigabyte-a16-cmhi2vn893sh
laptopnew,"Laptop LENOVO LEGION 5 | CPU i7-14700HX | RAM 16GB DDR5 | SSD 1TB PCIe | VGA RTX 5060 8GB | 15.1 QHD 2K5 OLED, 100% DCI-P3 & 165Hz | Win11. Part: 15IAX10 I71610G56",https://laptopnew.vn/laptop-lenovo-legion-5-i71610g56
laptopnew,"Laptop Acer Predator Neo 16s | CPU Ultra 9-275HX | RAM 16GB DDR5 | SSD 1TB PCIe | VGA RTX 5060 8GB | 16.0 QHD 2K5 OLED, 100% DCI-P3 & 240Hz | Win11. Part: U91610G56",https://laptopnew.vn/laptop-acer-predator-neo-16s-u91610g56
laptopnew,"Laptop Dell Alienware 16 Aurora | CPU Core 7-240H | RAM 16GB DDR5 | SSD 1TB PCIe | VGA RTX 5050 8GB | 16.0 QHD 2K5 IPS, 100% sRGB & 120Hz | Win11. Part: C71610G55",https://laptopnew.vn/laptop-dell-alienware-16-aurora-c71610g55
laptopnew,"Laptop Dell Alienware 16 Aurora | CPU Core 7-240H | RAM 16GB DDR5 | SSD 512GB PCIe | VGA RTX 5050 8GB | 16.0 QHD 2K5 IPS, 100% sRGB & 120Hz | Win11. Part: C71651G55",https://laptopnew.vn/laptop-dell-alienware-16-aurora-c71651g55
laptopnew,"Laptop Dell Alienware 16 Aurora | CPU Core™ 7-240H | RAM 16GB DDR5 | SSD 512GB PCIe | VGA RTX 5060 8GB | 16.0 QHD 2K5 IPS, 100% sRGB & 120Hz | Win11. Part: C71651G56",https://laptopnew.vn/laptop-dell-alienware-16-aurora-c71651g56
laptopnew,"Laptop MSI Stealth 18 HX AI A2XWJG 073VN | CPU Ultra 9-275HX | RAM 64GB DDR5 | SSD 2TB PCIe | VGA RTX 5090 24GB | 18.0 UHD+ MiniLED, 100% DCI-P3 & 120Hz | Win11",https://laptopnew.vn/laptop-msi-stealth-18-hx-ai-a2xwjg-073vn
laptopnew,"Laptop MSI VECTOR 16 HX AI | CPU Ultra 9-275HX | RAM 32GB DDR5 | SSD 1TB PCIe | VGA RTX 5090 24GB | 16.0 QHD 2K5 IPS, 100% DCI-P3 & 240Hz | Win11. Part: A2XWHG 470VN",https://laptopnew.vn/laptop-msi-vector-16-hx-ai-a2xwhg-470vn
laptopnew,Laptop MSI Cyborg 15 B2RWFKG 048VN | CPU Core 7-240H | RAM 16GB DDR5 | SSD 512GB PCIe | VGA RTX 5060 8GB | 15.6 FHD IPS & 144Hz | Win11,https://laptopnew.vn/laptop-msi-cyborg-15-b2rwfkg-048vn
laptopnew,Laptop MSI Cyborg 15 A13UC 2082VN | CPU i7-13620H | RAM 16GB DDR5 | SSD 512GB PCIe | VGA RTX 3050 4GB | 15.6 FHD IPS & 144Hz | Win11,https://laptopnew.vn/laptop-msi-cyborg-15-a13uc-2082vn
laptopnew,Laptop MSI Thin 15 B13UC 3247VN | CPU i5-13420H | RAM 8GB DDR4 | SSD 512GB PCIe | VGA RTX 3050 4GB | 15.6 FHD IPS & 144Hz | Win11,https://laptopnew.vn/laptop-msi-thin-15-b13uc-3247vn
laptopnew,Laptop MSI Cyborg 15 B13WFKG 658VN | CPU i7-13620H | RAM 16GB DDR5 | SSD 1TB PCIe | VGA RTX 5060 8GB | 15.6 FHD IPS & 144Hz | Win11,https://laptopnew.vn/laptop-msi-cyborg-15-b13wfkg-658vn
laptopnew,Laptop MSI Cyborg 15 B13WEKG 676VN | CPU i5-13420H | RAM 16GB DDR5 | SSD 512GB PCIe | VGA RTX 5050 8GB | 15.6 FHD IPS & 144Hz | Win11,https://laptopnew.vn/laptop-msi-cyborg-15-b13wekg-676vn
laptopnew,Laptop MSI Cyborg 15 A13VEK 2089VN | CPU i7-13620H | RAM 16GB DDR5 | SSD 512GB PCIe | VGA RTX 4050 6GB | 15.6 FHD IPS & 144Hz | Win11,https://laptopnew.vn/laptop-msi-cyborg-15-a13vek-2089vn
laptopnew,Laptop MSI Cyborg 15 A13UC 2088VN | CPU i5-13420H | RAM 16GB DDR5 | SSD 512GB PCIe | VGA RTX 3050 4GB | 15.6 FHD IPS & 144Hz | Win11. Đen,https://laptopnew.vn/laptop-msi-cyborg-15-a13uc-2088vn
laptopnew,"Laptop Acer Shadow SH16-72-7G42 | CPU i7-14650HX | RAM 16GB DDR5 | SSD 1TB PCIe | VGA RTX 4060 8GB | 16.0 QHD 2K5, 100% sRGB & 165Hz | Win11. Part: I71610G46",https://laptopnew.vn/laptop-acer-shadow-sh16-72-7g42-i71610g46
laptopnew,"Laptop Acer Shadow SH16-74-7G41 I71610G56 | CPU i7-14650HX | RAM 16GB DDR5 | SSD 1TB PCIe | VGA RTX 5060 8GB | 16.0 QHD 2K5, 100% sRGB & 240Hz | Win11",https://laptopnew.vn/laptop-acer-shadow-sh16-74-7g41-i71610g56
laptopnew,"Laptop LENOVO LEGION Pro 7 | CPU Ultra 9-275HX | RAM 32GB DDR5 | SSD 2TB PCIe | VGA RTX 5080 16GB | 16.0 QHD 2K5 OLED, 100% DCI-P3 & 240Hz | Win11. Part: U93220G58",https://laptopnew.vn/laptop-lenovo-legion-pro-7-u93220g58
laptopnew,"Laptop ASUS ROG Strix Scar 18 | CPU Ultra 9-275HX | RAM 64GB DDR5 | SSD 2TB PCIe | VGA RTX 5090 24GB | 18.0 QHD 2K5 MiniLED IPS, 100% DCI-P3 & 240Hz | Win11. Part: G835LX SA208W",https://laptopnew.vn/laptop-asus-rog-strix-scar-18-g835lx-sa208w
laptopnew,"Laptop ASUS ROG Strix Scar 16 | CPU Ultra 9-275HX | RAM 64GB DDR5 | SSD 2TB PCIe | VGA RTX 5090 24GB | 16.0 QHD 2K5 MiniLED IPS, 100% DCI-P3 & 240Hz | Win11. Part: G635LX RW192W",https://laptopnew.vn/laptop-asus-rog-strix-scar-16-g635lx-rw192w
laptopnew,"Laptop ASUS ROG Strix Scar 18 | CPU Ultra 9-275HX | RAM 64GB DDR5 | SSD 4TB PCIe | VGA RTX 5080 16GB | 18.0 QHD 2K5 MiniLED IPS, 100% DCI-P3 & 240Hz | Win11. Part: G835LW SA172W",https://laptopnew.vn/laptop-asus-rog-strix-scar-18-g835lw-sa172w
laptopnew,"Laptop ASUS ROG Strix Scar 16 | CPU Ultra 9-275HX | RAM 64GB DDR5 | SSD 4TB PCIe | VGA RTX 5080 16GB | 16.0 QHD 2K5, 100% DCI-P3 & 240Hz | Win11. Part: G635LW RW175W",https://laptopnew.vn/laptop-asus-rog-strix-scar-16-g635lw-rw175w
laptopnew,"Laptop ASUS ROG Strix Scar 18 | CPU Ultra 9-275HX | RAM 64GB DDR5 | SSD 2TB PCIe | VGA RTX 5070Ti 12GB | 18.0 QHD 2K5 MiniLED IPS, 100% DCI-P3 & 240Hz | Win11. Part: G835LR SA111W",https://laptopnew.vn/copy-of-laptop-asus-rog-strix-scar-18-g835lr-sa111w
laptopnew,"Laptop ASUS ROG Strix G16 | CPU i7-14650HX | RAM 32GB DDR5 | SSD 1TB PCle | VGA RTX 5060 8GB | 16.0 QHD 2K5, 100% DCI-P3 & 240Hz | Win11. Part: G615JMR S5155W",https://laptopnew.vn/laptop-asus-rog-strix-g16-g615jmr-s5155w
laptopnew,"Laptop Dell Alienware 16 Area 51 | CPU Ultra 9-275HX | RAM 32GB DDR5 | SSD 1TB PCIe | VGA RTX 5080 16GB | 16.0 QHD 2K5 IPS, 100% DCI-P3 & 240Hz | Win11. Part: U93210G58",https://laptopnew.vn/laptop-dell-alienware-16-area-51-u93210g58
laptopnew,"Laptop Dell Alienware 16 Area 51 | CPU Ultra 9-275HX | RAM 64GB DDR5 | SSD 2TB PCIe | VGA RTX 5080 16GB | 16.0 QHD 2K5 IPS, 100% DCI-P3 & 240Hz | Win11. Part: U96420G58",https://laptopnew.vn/laptop-dell-alienware-16-area-51-u96420g58
laptopnew,"Laptop Dell Alienware 16X Aurora | CPU Ultra 9-275HX | RAM 32GB DDR5 | SSD 1TB PCIe | VGA RTX 5060 8GB | 16.0 QHD 2K5 IPS, 100% DCI-P3 & 240Hz | Win11. Part: U93210G56",https://laptopnew.vn/laptop-dell-alienware-16x-aurora-u93210g56
laptopnew,"Laptop ASUS ROG Strix Scar 18 | CPU Ultra 9-275HX | RAM 64GB DDR5 | SSD 2TB PCIe | VGA RTX 5090 24GB | 18.0 QHD 2K5 MiniLED IPS, 100% DCI-P3 & 240Hz | Win11. Part: G835 U96420G59",https://laptopnew.vn/laptop-asus-rog-strix-scar-18-g835-u96420g59
laptopnew,"Laptop ASUS ROG Strix G16 | CPU Ultra 9-275HX | RAM 32GB DDR5 | SSD 1TB PCle | VGA RTX 5070 8GB | 16.0 QHD 2K5 IPS, 100% DCI-P3 & 240Hz | Win11. Part: G615 U93210G57",https://laptopnew.vn/laptop-asus-rog-strix-g16-g615-u93210g57
laptopnew,"Laptop Lenovo LOQ 15AHP10 83JG0047VN | CPU R7-250 | RAM 16GB DDR5 | SSD 512GB PCIe | VGA RTX 5050 8GB | 15.6 FHD IPS, 100% sRGB & 144Hz | Win 11",https://laptopnew.vn/laptop-lenovo-loq-15ahp10-83jg0047vn
laptopnew,Laptop MSI Katana 15 B13UDXK 2411VN | CPU i7-13620H | RAM 16GB DDR5 | SSD 512GB PCIe | VGA RTX 3050 6GB | 15.6 FHD IPS & 144Hz | Win11,https://laptopnew.vn/laptop-msi-katana-15-b13udxk-2411vn
laptopnew,Laptop MSI Katana 15 B13UDXK 2410VN | CPU i5-13420H | RAM 16GB DDR5 | SSD 512GB PCIe | VGA RTX 3050 6GB | 15.6 FHD IPS & 144Hz | Win11,https://laptopnew.vn/laptop-msi-katana-15-b13udxk-2410vn
laptopnew,Laptop MSI Katana 15 B13UDXK 2412VN | CPU i5-13420H | RAM 8GB DDR5 | SSD 1TB PCIe | VGA RTX 3050 6GB | 15.6 FHD IPS & 144Hz | Win11,https://laptopnew.vn/laptop-msi-katana-15-b13udxk-2412vn
laptopnew,"Laptop MSI Katana 15 HX B14WEK 286VN | CPU i5-14450HX | RAM 16GB DDR5 | SSD 512GB PCIe | VGA RTX 5050 8GB | 15.6 QHD 2K5, 100% DCI-P3 & 165Hz | Win11",https://laptopnew.vn/laptop-msi-katana-15-hx-b14wek-286vn
laptopnew,"Laptop MSI Katana 15 HX B14WEK 295VN | CPU i9-14900HX | RAM 16GB DDR5 | SSD 512GB PCIe | VGA RTX 5050 8GB | 15.6 QHD 2K5, 100% DCI-P3 & 165Hz | Win11",https://laptopnew.vn/laptop-msi-katana-15-hx-b14wek-295vn
laptopnew,"Laptop MSI Katana 15 HX B14WFK 267VN | CPU i7-14650HX | RAM 32GB DDR5 | SSD 512GB PCIe | VGA RTX 5060 8GB | 15.6 QHD 2K5, 100% DCI-P3 & 165Hz | Win11",https://laptopnew.vn/msi-katana-15-hx-b14wfk-267vn
laptopnew,"Laptop MSI Katana 15 HX B14WFK 294VN | CPU i9-14900HX | RAM 16GB DDR5 | SSD 512GB PCIe | VGA RTX 5060 8GB | 15.6 QHD 2K5, 100% DCI-P3 & 165Hz | Win11",https://laptopnew.vn/laptop-msi-katana-15-hx-b14wfk-294vn
laptopnew,"Laptop MSI Raider 18 HX AI A2XWJG 692VN | CPU Ultra 9-285HX | RAM 64GB DDR5 | SSD 4TB PCIe | VGA RTX 5090 24GB | 18.0 UHD 4K MiniILED IPS, 100% DCI-P3 & 120Hz | Win11",https://laptopnew.vn/laptop-msi-raider-18-hx-ai-a2xwjg-692vn
laptopnew,"Laptop MSI Crosshair 16 HX AI D2XWFKG 036VN | CPU Ultra 7-255HX | RAM 16GB DDR5 | SSD 1TB PCIe | VGA RTX 5060 8GB | 16.0 QHD 2K5 IPS, 100% DCI-P3 & 240Hz | Win11",https://laptopnew.vn/laptop-msi-crosshair-16-hx-ai-d2xwfkg-036vn
laptopnew,"Laptop MSI Crosshair 16 HX AI D2XWFKG 035VN | CPU Ultra 9-275HX | RAM 32GB DDR5 | SSD 1TB PCIe | VGA RTX 5060 8GB | 16.0 QHD 2K5 IPS, 100% DCI-P3 & 240Hz | Win1",https://laptopnew.vn/laptop-msi-crosshair-16-hx-ai-d2xwfkg-035vn
laptopnew,"Laptop Gigabyte A16 CMHH2VN893SH | CPU i5-13420H | RAM 16GB DDR5 | SSD 512GB PCIe | VGA RTX 4050 6GB | 16.0 WUXGA IPS, 165Hz | Win11",https://laptopnew.vn/laptop-gigabyte-a16-cmhh2vn893sh
laptopnew,Laptop Gigabyte G6X 9KG 43VN854SH | CPU i7-13650HX | RAM 16GB DDR5 | SSD 1TB PCIe | VGA RTX 4060 8GB | 16.0 FHD IPS & 165Hz | Win11,https://laptopnew.vn/laptop-gigabyte-g6x-9kg-43vn854sh
laptopnew,Laptop Gigabyte G6X 9KG 43VN853SH | CPU i7-13650HX | RAM 16GB DDR5 | SSD 512GB PCIe | VGA RTX 4060 8GB | 16.0 FHD IPS & 165Hz | Win11,https://laptopnew.vn/laptop-gigabyte-g6x-9kg-43vn853sh
laptopnew,Laptop Gigabyte G6X 9MG 42VN853SH | CPU i7-13650HX | RAM 16GB DDR5 | SSD 512GB PCIe | VGA RTX 4050 6GB | 16.0 FHD IPS & 165Hz | Win11,https://laptopnew.vn/laptop-gigabyte-g6x-9mg-42vn853sh
laptopnew,"Laptop MSI Crosshair 16 HX AI D2XWGKG 034VN | CPU Ultra 7-255HX | RAM 16GB DDR5 | SSD 1TB PCIe | VGA RTX 5070 8GB | 16.0 QHD 2K5, 100% DCI-P3 & 240Hz | Win11",https://laptopnew.vn/laptop-msi-crosshair-16-hx-ai-d2xwgkg-034vn
laptopnew,"Laptop MSI Katana 15 HX B14WEK 027VN | CPU i7-14650HX | RAM 32GB DDR5 | SSD 512GB PCIe | VGA RTX 5050 8GB | 15.6 QHD 2K5, 100% DCI-P3 & 165Hz | Win11",https://laptopnew.vn/laptop-msi-katana-15-hx-b14wek-027vn
laptopnew,"Laptop MSI Katana 15 HX B14WFK 025VN | CPU i7-14650HX | RAM 16GB DDR5 | SSD 512GB PCIe | VGA RTX 5060 8GB | 15.6 QHD 2K5, 100% DCI-P3 & 165Hz | Win11",https://laptopnew.vn/laptop-msi-katana-15-hx-b14wfk-025vn
laptopnew,"Laptop MSI Katana 15 HX B14WGK 023VN | CPU i7-14650HX | RAM 16GB DDR5 | SSD 1TB PCIe | VGA RTX 5070 8GB | 15.6 QHD 2K5, 100% DCI-P3 & 165Hz | Win11",https://laptopnew.vn/laptop-msi-katana-15-hx-b14wgk-023vn
laptopnew,"Laptop MSI Katana 15 HX B14WGK 022VN | CPU i9-14900HX | RAM 32GB DDR5 | SSD 1TB PCIe | VGA RTX 5070 8GB | 15.6 QHD 2K5, 100% DCI-P3 & 165Hz | Win11",https://laptopnew.vn/laptop-msi-katana-15-hx-b14wgk-022vn
laptopnew,"Laptop Gigabyte Aorus Master 16 BYH C5VNE64SH | CPU Ultra 9-275HX | RAM 16GB DDR5 | SSD 1TB PCIe | VGA RTX 5080 16GB | 16.0 QHD 2K5 OLED, 100% DCI-P3 & 240Hz | Win11",https://laptopnew.vn/laptop-gigabyte-aorus-master-16-byh-c5vne64sh
laptopnew,"Laptop ASUS ROG Strix Scar 18 | CPU Ultra 9-275HX | RAM 64GB DDR5 | SSD 4TB PCIe | VGA RTX 5090 24GB | 18.0 QHD 2K5 MiniLED IPS, 100% DCI-P3 & 240Hz | Win11. Part: G835LX SA193W",https://laptopnew.vn/laptop-asus-rog-strix-scar-18-g835lx-sa193w
laptopnew,"Laptop ASUS ROG Strix Scar 16 | CPU Ultra 9-275HX | RAM 64GB DDR5 | SSD 4TB PCIe | VGA RTX 5090 24GB | 16.0 QHD 2K5 MiniLED IPS, 100% DCI-P3 & 240Hz | Win11. Part: G635LX RW179W",https://laptopnew.vn/laptop-asus-rog-strix-scar-16-g635lx-rw179w
laptopnew,"Laptop MSI Titan 18 HX AI A2XWJG 622VN | CPU Ultra 9-285HX | RAM 64GB DDR5 | SSD 6TB PCIe | VGA RTX 5090 24GB | 18.0 UHD 4K MiniLED IPS, 100% DCI-P3 & 120Hz | Win11",https://laptopnew.vn/laptop-msi-titan-18-hx-ai-a2xwjg-622vn
laptopnew,"Laptop Lenovo LOQ 15IAX9E 83LK0036VN | CPU i5-12450HX | RAM 12GB DDR5 | SSD 512GB PCIe | VGA RTX 3050 6GB | 15.6 FHD IPS, 100% sRGB & 144Hz | Win11",https://laptopnew.vn/laptop-lenovo-gaming-loq-15iax9e-83lk0036vn
laptopnew,"Laptop MSI Raider 18 HX AI A2XWIG 033VN | CPU Ultra 9-285HX | RAM 64GB DDR5 | SSD 4TB PCIe | VGA RTX 5080 16GB | 18.0 UHD 4K MiniILED IPS, 100% DCI-P3 & 120Hz | Win11",https://laptopnew.vn/laptop-msi-raider-18-hx-ai-a2xwig-033vn
laptopnew,"Laptop MSI VECTOR 16 HX AI | CPU Ultra 7-255HX | RAM 16GB DDR5 | SSD 512GB PCIe | VGA RTX 5070Ti 12GB | 16.0 QHD 2K5 IPS, 100% DCI-P3 & 240Hz | Win11. Part: A2XWHG 010VN",https://laptopnew.vn/laptop-msi-vector-16-hx-ai-a2xwhg-010vn
laptopnew,"Laptop MSI VECTOR 16 HX AI | CPU Ultra 9-275HX | RAM 16GB DDR5 | SSD 1TB PCIe | VGA RTX 5080 16GB | 16.0 QHD 2K5 IPS, 100% DCI-P3 & 240Hz | Win11. Part: A2XWIG 062VN",https://laptopnew.vn/laptop-msi-vector-hx-ai-a2xwig-062vn
laptopnew,"Laptop MSI Titan 18 HX AI A2XWIG 090VN | CPU Ultra 9-285HX | RAM 64GB DDR5 | SSD 6TB PCIe | VGA RTX 5080 16GB | 18.0 UHD 4K MiniLED IPS, 100% DCI-P3 & 120Hz | Win11",https://laptopnew.vn/laptop-msi-titan-18-hx-ai-a2xwig-090vn
laptopnew,"Laptop MSI Titan 18 HX AI A2XWJG 035VN | CPU Ultra 9-285HX | RAM 96GB DDR5 | SSD 6TB PCIe | VGA RTX 5090 24GB | 18.0 UHD 4K MiniLED IPS, 100% DCI-P3 & 120Hz | Win11",https://laptopnew.vn/laptop-msi-titan-18-hx-ai-a2xwjg-035vn
laptopnew,Laptop Lenovo LOQ 15IRH8 82XV000PVN | CPU i5-13420H | RAM 8GB DDR5 | SSD 512GB PCIe | VGA RTX 4050 6GB | 15.6 FHD IPS & 144Hz | Win11,https://laptopnew.vn/laptop-lenovo-loq-15irh8-82xv000pvn
laptopnew,Laptop MSI Thin 15 B13VE 2824VN | CPU i5-13420H | RAM 16GB DDR4 | SSD 512GB PCIe | VGA RTX 4050 6GB | 15.6 FHD IPS & 144Hz | Win11,https://laptopnew.vn/laptop-msi-thin-15-b13ve-2824vn
laptopnew,Laptop MSI Katana 15 B13UDXK 2269VN | CPU i7-13620H | RAM 16GB DDR5 | SSD 1TB PCIe | VGA RTX 3050 6GB | 15.6 FHD IPS & 144Hz | Win11,https://laptopnew.vn/laptop-msi-katana-15-b13udxk-2269vn
laptopnew,"Laptop MSI Sword 16 HX B14VEKG 856VN | CPU i7 14700HX | RAM 16GB | 1TB SSD | VGA RTX 4050 | 16.1 FHD+, 165Hz | Win11",https://laptopnew.vn/laptop-msi-sword-16-hx-b14vekg-856vn
laptopnew,Laptop MSI Katana 15 B13VEK 2256VN | CPU i7-13620H | RAM 16GB DDR5 | SSD 512GB PCIe | VGA RTX 4050 6GB | 15.6 FHD IPS & 144Hz | Win11,https://laptopnew.vn/laptop-msi-katana-15-b13vfk-2256vn
laptopnew,"Laptop Lenovo LOQ 15ARP9 83JC007JVN | CPU R5-7235HS | RAM 24GB DDR5 | SSD 512GB PCIe | VGA RTX 3050 6GB | 15.6 FHD IPS, 100% sRGB & 144Hz | Win11",https://laptopnew.vn/laptop-lenovo-gaming-loq-15arp9-83jc007jvn
laptopnew,"Laptop MSI Prestige 14 AI Studio C1UDXG 058VN | CPU Ultra 7-155H | RAM 16GB DDR5 | SSD 1TB PCIe | VGA RTX 3050 6GB | 14.0 FHD+ IPS, 100% sRGB & 144Hz | Win11",https://laptopnew.vn/laptop-msi-prestige-14-ai-studio-c1udxg-058vn
laptopnew,"Laptop Lenovo LOQ 15ARP9 83JC003YVN | CPU R7-7435HS | RAM 24GB DDR5 | SSD 512GB PCIe | VGA RTX 4060 8GB | 15.6 FHD IPS, 100% sRGB & 144Hz | Win11",https://laptopnew.vn/laptop-lenovo-gaming-loq-15arp9-83jc003yvn
laptopnew,"Laptop Asus TUF Gaming F15 | CPU i7-13620H | RAM 16GB DDR5 | SSD 512GB PCIe | VGA RTX 4050 6GB | 15.6 FHD IPS, 100% sRGB & 144Hz | Win11. Part: FX507VU LP315W",https://laptopnew.vn/laptop-asus-tuf-gaming-f15-fx507vu-lp315w
laptopnew,Laptop MSI Thin 15 B13UC 1411VN | CPU i7-13620H | RAM 8GB DDR4 | SSD 512GB PCIe | VGA RTX 3050 4GB | 15.6 FHD IPS & 144Hz | Win11,https://laptopnew.vn/laptop-msi-thin-15-b13uc-1411vn
laptopnew,Laptop MSI Cyborg 15 AI A1VE 053VN | CPU Ultra 7-155H | RAM 16GB DDR5 | SSD 512GB PCle | VGA RTX 4050 6GB | 15.6 FHD IPS & 144Hz | Win11,https://laptopnew.vn/laptop-msi-cyborg-15-ai-a1ve-053vn
laptopnew,Laptop MSI Katana 15 B13VFK 676VN | CPU i7-13620H | RAM 16GB DDR5 | SSD 1TB PCIe | VGA RTX 4060 8GB | 15.6 FHD IPS & 144Hz | Win11,https://laptopnew.vn/laptop-msi-katana-15-b13vfk-676vn
laptopnew,Laptop DELL LATITUDE 5430 i5825 | CPU i5-1235U | RAM 8GB DDR4 | SSD 256GB PCIe | VGA Onboard | 14.0 FHD IPS | Win11,https://laptopnew.vn/laptop-dell-latitude-5430-i5825
laptopnew,Laptop DELL LATITUDE 5430 i51651 | CPU i5-1245U | RAM 16GB DDR4 | SSD 512GB PCIe | VGA Onboard | 14.0 FHD IPS | Win11,https://laptopnew.vn/laptop-dell-latitude-5430-i51651
laptopnew,"Laptop Acer Aspire 3 15 A315-24PT-R288 R51610 | CPU R5-7520U | RAM 16GB LPDDR5 | SSD 1TB PCIe | VGA Onboard | 15.6 FHD IPS, Touch cảm ứng | Win11",https://laptopnew.vn/laptop-acer-aspire-3-15-a315-24pt-r288-r51610
laptopnew,Laptop DELL LATITUDE 5430 i71625 | CPU i7-1265U | RAM 16GB DDR4 | SSD 256GB PCIe | VGA Onboard | 14.0 FHD IPS | Win11,https://laptopnew.vn/laptop-dell-latitude-5430-i71625
laptopnew,Laptop Thinkpad T15 Gen 2 | CPU i7-1185G7 | RAM 16GB DDR4 | SSD 512GB PCIe | VGA Onboard | 15.6 FHD IPS | Win11. Part: I71651,https://laptopnew.vn/laptop-thinkpad-t15-gen-2-i71651
laptopnew,Laptop DELL LATITUDE 7430 I71651 | CPU i7-1265U | RAM 16GB DDR4 | SSD 512GB PCIe | VGA Onboard | 14.0 FHD IPS | Win11,https://laptopnew.vn/laptop-dell-latitude-7430-i71651
laptopnew,Laptop LENOVO THINKPAD X1 Carbon | CPU i5-1145G7 | RAM 16GB LPDDR4x | SSD 256GB PCIe | VGA Onboard | 14.0 FHD IPS | Win11. Part: Gen 9 i51625,https://laptopnew.vn/laptop-lenovo-thinkpad-x1-carbon-gen-9-i51625
laptopnew,"Laptop LENOVO THINKPAD T14 | CPU I5-1245U | RAM 16GB DDR4 | SSD 256GB PCIe | VGA Onboard | 14.0 WUXGA IPS, Touch cảm ứng | Win11. Part: Gen 3 I51625",https://laptopnew.vn/lenovo-thinkpad-t14-gen-3-i51625
laptopnew,"Laptop LENOVO THINKPAD T14s | CPU i7-1185G7 | RAM 32GB LPDDR4x | SSD 512GB PCIe | VGA Onboard | 14.0 FHD IPS, Touch cảm ứng | Win11. Part: Gen 2 I73251",https://laptopnew.vn/laptop-lenovo-thinkpad-t14s-gen-2-i73251
laptopnew,Laptop Dell Inspiron 15 3520 i5U085W11SLU | CPU i5-1235U | RAM 8GB DDR4 | SSD 512GB PCIe | VGA Onboard | 15.6 FHD IPS & 120Hz | Win11 + Office 2021,https://laptopnew.vn/laptop-dell-inspiron-15-3520-i5u085w11slu
laptopnew,Laptop LENOVO THINKPAD X1 Carbon | CPU i7-1165G7 | RAM 16GB LPDDR4x | SSD 512GB PCIe | VGA Onboard | 14.0 FHD IPS | Win11. Part: Gen 9 i71651,https://laptopnew.vn/laptop-lenovo-thinkpad-x1-carbon-gen-9-i71651
laptopnew,Laptop MSI Modern 14 F13MG 240VN | CPU i5-1335U | RAM 8GB DDR4 | SSD 512GB PCIe | VGA Onboard | 14.0 FHD IPS | Win11,https://laptopnew.vn/laptop-msi-modern-14-f13mg-240vn
laptopnew,Laptop Dell Vostro 15 3520 71030559 | CPU i5-1235U | RAM 16GB DDR4 | SSD 512GB PCIe | VGA Onboard | 15.6 FHD & 120Hz | Win11 + Office 2021,https://laptopnew.vn/laptop-dell-vostro-15-3520-71030559
laptopnew,Laptop LENOVO THINKPAD T14 | CPU I7-1270P | RAM 16GB DDR4 | SSD 512GB PCIe | VGA Onboard | 14.0 WUXGA IPS | Win11. Part: Gen 3 I71651,https://laptopnew.vn/lenovo-thinkpad-t14-gen-3-i71651
laptopnew,Laptop Dell Inspiron 5440 I5851 | CPU i5-1334U | RAM 8GB DDR5 | SSD 512GB PCIe | VGA Onboard | 14.0 WUXGA IPS | Win11,https://laptopnew.vn/laptop-dell-inspiron-5440-i5851
laptopnew,Laptop ASUS Vivobook Go 14 E1404FA EB482W | CPU R5-7520U | RAM 16GB LPDDR5 | SSD 512GB PCIe | VGA Onboard | 14.0 FHD IPS | Win11,https://laptopnew.vn/laptop-asus-vivobook-go-14-e1404fa-eb482w
laptopnew,Laptop Acer Aspire 3 A314 42P R3B3 NX.KSFSV.001 | CPU R7 5700U | RAM 16GB LPDDR4X | SSD 512GB PCIe | VGA Onboard | 14.0 WUXGA IPS | Win11,https://laptopnew.vn/laptop-acer-aspire-3-a314-42p-r3b3-nx-ksfsv-001
laptopnew,Laptop HP 14 em0086AU | CPU R5-7520U | RAM 16GB LPDDR5 | SSD 512GB PCIe | VGA Onboard | 14.0 FHD IPS | Win11,https://laptopnew.vn/laptop-hp-14-em0086au
laptopnew,Laptop MSI Modern 15 B13M 438VN | CPU i5 1335U | RAM 8GB | SSD 512GB PCIe | VGA Onboard | 15.6 FHD IPS | Win 11,https://laptopnew.vn/msi-modern-15-b13m-438vn
laptopnew,Laptop MSI Modern 14 F13MG 466VN | CPU i5-1334U | RAM 8GB DDR4 | SSD 512GB PCIe | VGA Onboard | 14.0 FHD IPS | Win11,https://laptopnew.vn/laptop-msi-modern-14-f13mg-466vn
laptopnew,Laptop Acer Aspire Lite 15 AL15 41P R3U5 | CPU R7-5700U | RAM 16GB DDR4 | SSD 512GB PCIe | VGA Onboard | 15.6 FHD IPS | Win11,https://laptopnew.vn/laptop-acer-aspire-lite-15-al15-41p-r3u5
laptopnew,Laptop Acer Aspire Lite 15 AL15 42P R50R NX.D34SV.004 | CPU R5-7430U | RAM 16GB DDR4 | SSD 512GB PCIe | VGA Onboard | 15.6 FHD IPS | Win11,https://laptopnew.vn/laptop-acer-aspire-lite-15-al15-42p-r50r-nx-d34sv-004
laptopnew,Laptop Dell Inspiron 15 3530 i5U085W11BLU | CPU i5-1335U | RAM 8GB DDR4 | SSD 512GB PCIe | VGA Onboard | 15.6 FHD & 120Hz | Win11 + Office 2021,https://laptopnew.vn/laptop-dell-inspiron-15-3530-i5u085w11blu
laptopnew,Laptop MSI Modern 15 F13MG 666VN | CPU i5-1334U | RAM 16GB DDR4 | SSD 512GB PCIe | VGA Onboard | 15.6 FHD IPS | Win11,https://laptopnew.vn/laptop-msi-modern-15-f13mg-666vn
laptopnew,Laptop DELL LATITUDE 5450 | CPU Ultra 7-165U | RAM 16GB DDR5 | SSD 256GB PCIe | VGA Onboard | 14.0 FHD IPS | Win11. Part: U71625,https://laptopnew.vn/laptop-dell-latitude-5450-u71625
laptopnew,Laptop LENOVO THINKPAD T14 | CPU I7-1370P | RAM 16GB DDR5 | SSD 512GB PCIe | VGA Onboard | 14.0 WUXGA IPS | Win11. Part: Gen 4 I71651,https://laptopnew.vn/lenovo-thinkpad-t14-gen-4-i71651-1
laptopnew,Laptop Asus Expertbook P1403CVA i5SE16 50W | CPU i5-13420H | RAM 16GB DDR5 | SSD 512GB PCIe | VGA Onboard | 14.0 FHD IPS | Win11,https://laptopnew.vn/laptop-asus-expertbook-p1403cva-i5se16-50w
laptopnew,Laptop MSI Modern 14 F13MG 027VN | CPU i5-1335U | RAM 16GB DDR4 | SSD 512GB PCIe | VGA Onboard | 14.0 FHD IPS | Win11,https://laptopnew.vn/laptop-msi-modern-14-f13mg-027vn
laptopnew,"Laptop Hp Omnibook 5 16-fb0135dx XP1610 | CPU X Plus X1P-42-100 | RAM 16GB LPDDR5X | SSD 1TB PCIe | VGA Onboard | 16.0 WUXGA OLED, 100% DCI-P3 | Win11",https://laptopnew.vn/laptop-hp-omnibook-5-16-fb0135dx-xp1610
laptopnew,"Laptop LENOVO THINKPAD T14 | CPU I7-1370P | RAM 16GB DDR5 | SSD 512GB PCIe | VGA Onboard | 14.0 WUXGA IPS, Touch cảm ứng | Win11. Part: Gen 4 I71651",https://laptopnew.vn/lenovo-thinkpad-t14-gen-4-i71651
laptopnew,"Laptop Lenovo ideapad slim 5 (xiaoxin 16) | CPU R7 H 255 | RAM 16GB DDR5 | SSD 512GB PCIe | VGA Onboard | 16.0 WUXGA IPS, 100% sRGB | Win11 + Office 2024. Part: 16AHP10R R71651",https://laptopnew.vn/lenovo-ideapad-slim-5-16ahp10r-r71651-xiaoxin-16
laptopnew,"Laptop LENOVO THINKPAD X1 carbon | CPU i7-1165G7 | RAM 32GB LPDDR4x | SSD 512GB PCIe | VGA Onboard | 14.0 UHD 4K IPS, 100% sRGB | Win11. Part: Gen 9 I732514K",https://laptopnew.vn/laptop-lenovo-thinkpad-x1-carbon-gen-9-i732514k
laptopnew,"Laptop Lenovo Lecoo 14 N155C I51610 | CPU i5-13420H | RAM 16GB LPDDR5x | SSD 1TB PCIe | VGA Onboard | 14.0 QHD 2K2 IPS, 100% sRGB | Win11",https://laptopnew.vn/laptop-lenovo-lecoo-pro-14-n155c-i51610
laptopnew,Laptop Dell Inspiron 15 3530 i5U085W11SLU | CPU i5-1334U | RAM 8GB DDR4 | SSD 512GB PCIe | VGA Onboard | 15.6 FHD IPS & 120Hz | Win11 + Office 2021,https://laptopnew.vn/laptop-dell-inspiron-15-3530-i5u085w11slu
laptopnew,"Laptop LENOVO THINKPAD X1 carbon Gen 10 | CPU i7-1270P hoặc i7-1265U | RAM 16GB LPDDR5 | SSD 512GB PCIe | VGA Onboard | 14.0 WUXGA IPS, 100% sRGB | Win11. Part: I71651",https://laptopnew.vn/laptop-lenovo-thinkpad-x1-carbon-gen-10-i71651
laptopnew,Laptop MSI Modern 15 F13MG 667VN | CPU i5-1334U | RAM 8GB DDR4 | SSD 512GB PCIe | VGA Onboard | 15.6 FHD IPS | Win11,https://laptopnew.vn/laptop-msi-modern-15-f13mg-667vn
laptopnew,Laptop Dell Inspiron 14 5440 i5U085W11IBU | CPU i5-1334U | RAM 8GB DDR5 | SSD 512GB PCIe | VGA Onboard | 14.0 WUXGA IPS | Win11 + Office 2021,https://laptopnew.vn/laptop-dell-inspiron-14-5440-i5u085w11ibu
laptopnew,Laptop Asus Expertbook P1403CVA i7SE16 50W | CPU i7-13700H | RAM 16GB LPDDR5 | SSD 512GB PCIe | VGA Onboard | 14.0 FHD IPS | Win11,https://laptopnew.vn/laptop-asus-expertbook-p1403cva-i7se16-50w
laptopnew,"Laptop Acer Aspire Lite 14 | CPU i5-1335U | RAM 16GB DDR5 | SSD 512GB PCIe | VGA Onboard | 14.0 QHD 2K2 IPS, 100% sRGB | Win11. Part: AL14-52M-52UU",https://laptopnew.vn/laptop-acer-aspire-lite-14-al14-52m-52uu
laptopnew,"Laptop DELL LATITUDE 7450 | CPU Ultra 7-165U | RAM 32GB LPDDR5x | SSD 512GB PCIe | VGA Onboard | 14.0 QHD 2K5 IPS, Touch cảm ứng, 100% sRGB | Win11 | Part: U73251Touch",https://laptopnew.vn/laptop-dell-latitude-7450-u73251-touch
laptopnew,"Laptop Acer Swift SFA14-77-5WU2 C53210 | CPU Core 5-210H | RAM 32GB LPDDR5 | SSD 1TB PCIe | VGA Onboard | 14.0 QHD 2K2 IPS, 100% sRGB | Win11",https://laptopnew.vn/laptop-acer-swift-sfa14-77-5wu2-c53210
laptopnew,Laptop MSI Modern 15 H C2RMG 292VN | CPU Core 5-210H | RAM 16GB DDR4 | SSD 512GB PCIe | VGA Onboard | 15.6 FHD IPS | Win11,https://laptopnew.vn/laptop-msi-modern-15-h-c2rmg-292vn
laptopnew,Laptop Acer Aspire Lite 16 AL16 52P 76DU | CPU I7-1355U | RAM 16GB DDR5 | SSD 512GB PCIe | VGA Onboard | 16.0 WUXGA IPS | Win11,https://laptopnew.vn/laptop-acer-aspire-lite-16-al16-52p-76du
laptopnew,Laptop ASUS ExpertBook P1 P1403CVA I516 63WS | CPU i5-13420H | RAM 16GB DDR5 | SSD 512GB PCIe | VGA Onboard | 14.0 FHD IPS | Win11,https://laptopnew.vn/laptop-asus-expertbook-p1-p1403cva-i516-63ws
laptopnew,"Laptop Lenovo ideapad slim 5 14AHP10R R71651 (xiaoxin 14) | CPU R7 H 255 | RAM 16GB DDR5 | SSD 512GB PCIe | VGA Onboard | 14.0 WUXGA IPS, 100% sRGB & 120Hz | Win11 + Office 2024",https://laptopnew.vn/laptop-lenovo-ideapad-slim-5-14ahp10r-r71651-xiaoxin-14
laptopnew,Laptop Dell Inspiron 15 3530 | CPU i5-1334U | RAM 16GB DDR4 | SSD 512GB PCIe | VGA Onboard | 15.6 FHD IPS & 120Hz | Win11 + Office 2021. Part: N5I5530W1,https://laptopnew.vn/laptop-dell-inspiron-15-3530-n5i5530w1
laptopnew,Laptop Lenovo Ideapad Slim 5 (Xiaoxin Air 13) | CPU Core 5-320 | RAM 16GB LPDDR5x | SSD 512GB PCIe | VGA Onboard | 13.3 QHD 2K5 IPS & 120Hz | Win11 + Office 2024. Part: C51651,https://laptopnew.vn/laptop-lenovo-ideapad-slim-5-xiaoxin-air-13-c51651
laptopnew,Laptop HP Probook 450 G10 9H1N5PT | CPU i5-1335U | RAM 16GB DDR4 | SSD 512GB PCIe | VGA Onboard | 15.6 FHD IPS | Win 11,https://laptopnew.vn/laptop-hp-probook-450-g10-9h1n5pt
laptopnew,Laptop MSI Modern 15 F1MG 1225VN | CPU Core 5-120U | RAM 16GB DDR4 | SSD 512GB PCIe | VGA Onboard | 15.6 FHD IPS | Win11,https://laptopnew.vn/laptop-msi-modern-15-f1mg-1225vn
laptopnew,Laptop MSI Modern 14 F1MG 432VN | CPU Core 5-120U | RAM 16GB DDR4 | SSD 512GB PCIe | VGA Onboard | 14.0 FHD IPS | Win11,https://laptopnew.vn/laptop-msi-modern-14-f1mg-432vn
laptopnew,Laptop Dell Inspiron 15 3530 i5U165W11SLU | CPU i5-1334U | RAM 16GB DDR4 | SSD 512GB PCIe | VGA Onboard | 15.6 FHD IPS & 120Hz | Win11 + Office 2021,https://laptopnew.vn/laptop-dell-inspiron-15-3530-i5u165w11slu
laptopnew,Laptop LENOVO THINKPAD E14 | CPU i5-1335U | RAM 16GB LPDDR4 | SSD 512GB PCIe | VGA Onboard | 14.0 FHD IPS | Win11. Part: Gen 5 21JK006BVN,https://laptopnew.vn/laptop-lenovo-thinkpad-e14-gen-5-21jk006bvn
laptopnew,Laptop MSI Venture A15 AI A2HMG 003VN | CPU R7 260 | RAM 16GB DDR5 | SSD 512GB PCIe | VGA Onboard | 15.6 FHD IPS | Win11,https://laptopnew.vn/laptop-msi-venture-a15-ai-a2hmg-003vn
laptopnew,"Laptop Asus Expertbook P3405CVA NZ0027W | CPU i5-13420H | RAM 16GB DDR5 | SSD 512GB PCIe | VGA Onboard | 14.0 QHD 2K5 IPS, 100% sRGB & 144Hz | Win11",https://laptopnew.vn/laptop-asus-expertbook-p3405cva-nz0027w
laptopnew,Laptop Dell Inspiron 14 5440 NDY5V1 | CPU i5-1334U | RAM 16GB DDR5 | SSD 512GB PCIe | VGA Onboard | 14.0 WUXGA IPS | Win11,https://laptopnew.vn/laptop-dell-inspiron-14-5440-ndy5v1
laptopnew,"Laptop Lenovo Yoga Pro 14s | CPU R7-6800H | RAM 16GB LPDDR5x | SSD 512GB PCIe | VGA Onboard | 14.5 QHD 3K IPS, Touch cảm ứng, 100% sRGB | Win11 Pro. Part: ARH7 R71651",https://laptopnew.vn/laptop-lenovo-yoga-pro-14s-arh7-r71651
laptopnew,"Laptop Lenovo Yoga 7 2in1 | CPU Ultra 5-226V | RAM 16GB LPDDR5X | SSD 512GB PCIe | VGA Onboard | 16.0 WUXGA IPS, Touch cảm ứng | Win11. Part: 16ILL10 U51651",https://laptopnew.vn/laptop-lenovo-yoga-7-2in1-16ill10-u51651
laptopnew,"Laptop Dell XPS 9315 Tab | CPU i7-1250U | RAM 16GB LPDDR4x | SSD 1TB PCIe | VGA Onboard | 13.0 QHD 3K IPS, Touch cảm ứng, 100% sRGB | Win11 | Part: I71610K3",https://laptopnew.vn/laptop-dell-xps-9315-tab-i71610k3
laptopnew,Laptop Dell 15| CPU i5-1334U | RAM 16GB DDR4 | SSD 512GB PCIe | VGA Onboard | 15.6 FHD IPS & 120Hz | Win11 + Office| Part: DC15250 CPH992,https://laptopnew.vn/laptop-dell-15-dc15250-cph99
laptopnew,Laptop Dell Inspiron 7440 C71610 | CPU Core 7-240H | RAM 16GB LPDDR5x | SSD 1TB PCIe | VGA Onboard | 14.0 QHD 2K5 IPS & 120Hz | Win11,https://laptopnew.vn/laptop-dell-inspiron-7440-c71610
laptopnew,"Laptop Asus Expertbook P3605CVA PL0042W | CPU i5-13420H | RAM 16GB DDR5 | SSD 512GB PCIe | VGA Onboard | 16.0 QHD 2K5 IPS, 100% sRGB & 144Hz | Win11",https://laptopnew.vn/laptop-asus-expertbook-p3605cva-pl0042w
laptopnew,"Laptop Asus Vivobook 14 A1407CA LY008WS | CPU Ultra 5-225H | RAM 16GB DDR5 | SSD 512GB PCIe | VGA Onboard | 14.0 WUXGA IPS, 100% sRGB | Win11 + Office",https://laptopnew.vn/laptop-asus-vivobook-14-a1407ca-ly008ws
laptopnew,Laptop DELL LATITUDE 7440 | CPU i7-1365U | RAM 64GB LPDDR5x | SSD 512GB PCIe | VGA Onboard | 14.0 WUXGA IPS | Win11. Part: I764512,https://laptopnew.vn/laptop-dell-latitude-7440-i76451
laptopnew,"Laptop Acer Swift SFA14-77-7WU2 C73210 | CPU Core 7-240H | RAM 32GB LPDDR5 | SSD 1TB PCIe | VGA Onboard | 14.0 QHD 2K2 IPS, 100% sRGB | Win11",https://laptopnew.vn/laptop-acer-swift-sfa14-77-7wu2-c73210
laptopnew,"Laptop Lenovo Thinkbook 14 | CPU R7 H 255 | RAM 24GB LPDDR5x | SSD 512GB PCIe | VGA Onboard | 14.5 QHD 2.5K IPS, 100% sRGB | Win11. Part: G7+ AHP R72451",https://laptopnew.vn/lenovo-thinkbook-14-g7plus-ahp-r72451
laptopnew,Laptop LENOVO THINKPAD E16 | CPU Ultra 5-125H | RAM 16GB DDR5 | SSD 512GB PCIe | VGA Onboard | 16.0 FHD IPS | FreeDOS. Part: Gen 2 21MA004CVN,https://laptopnew.vn/laptop-lenovo-thinkpad-e16-gen-2-21ma004cvn
laptopnew,Laptop LENOVO THINKPAD E14 | CPU i7-1355U | RAM 16GB DDR4 | SSD 512GB PCIe | VGA Onboard | 14.0 FHD IPS | FreeDOS. Part: Gen 5 21JK00PFVA,https://laptopnew.vn/laptop-lenovo-thinkpad-e14-gen-5-21jk00pfva
laptopnew,Laptop Acer Aspire Go 15| CPU Ultra 5-115U | RAM 16GB DDR5 | SSD 512GB PCIe | VGA Onboard | 15.6 FHD IPS | Win11 | Part: AG15 52P 52WT NX.JWKSV.001,https://laptopnew.vn/laptop-acer-aspire-go-15-ag15-52p-52wt-nx-jwksv-001
laptopnew,Laptop Dell Inspiron 15 3530 | CPU i7-1355U | RAM 16GB DDR4 | SSD 512GB PCIe | VGA Onboard | 15.6 FHD IPS & 120Hz | Win11| Part: + Office 71053721,https://laptopnew.vn/laptop-dell-inspiron-15-3530-71053721
laptopnew,Laptop LENOVO THINKPAD E16 | CPU Ultra 5-125U | RAM 16GB DDR5 | SSD 1TB PCIe | VGA Onboard | 16.0 FHD IPS | FreeDOS. Part: Gen 2 21MA0048VN,https://laptopnew.vn/laptop-lenovo-thinkpad-e16-gen-2-21ma0048vn
laptopnew,"Laptop Dell Pro 14 Plus | CPU Ultra 7-268V | RAM 32GB LPDDR5x | SSD 512GB PCIe | VGA Onboard | 14.0 WUXGA IPS, 100% sRGB | Win11| Part: U73251",https://laptopnew.vn/laptop-dell-pro-14-plus-u73251
laptopnew,"Laptop Dell Pro 14 Plus | CPU Ultra 5-238V | RAM 32GB LPDDR5x | SSD 512GB PCIe | VGA Onboard | 14.0 WUXGA IPS, 100% sRGB | Win11| Part: U53251",https://laptopnew.vn/laptop-dell-pro-14-plus-u53251
laptopnew,"Laptop Asus Vivobook S14 | CPU R5 AI 330 | RAM 16GB DDR5 | SSD 512GB PCIe | VGA Onboard | 14.0 WUXGA OLED, Touch cảm ứng, 95% DCI-P3 | Win11 + Office 365. Part: M3407KA SF034WS",https://laptopnew.vn/laptop-asus-vivobook-s14-m3407ka-sf034ws
laptopnew,Laptop LENOVO THINKPAD E16 | CPU Core 7-240H | RAM 16GB DDR5 | SSD 512GB PCIe | VGA Onboard | 16.0 FHD IPS | Win11. Part: Gen 3 C71651,https://laptopnew.vn/laptop-lenovo-thinkpad-e16-gen-3-c71651
laptopnew,Laptop MSI Modern 15 H AI C2HMG 220VN | CPU Ultra 7-255H | RAM 16GB DDR5 | SSD 512GB PCIe | VGA Onboard | 15.6 FHD IPS | Win11,https://laptopnew.vn/laptop-msi-modern-15-h-ai-c2hmg-220vn
laptopnew,Laptop MSI Modern 15 H C2RMG 287VN | CPU Core 7-240H | RAM 16GB DDR4 | SSD 1TB PCIe | VGA Onboard | 15.6 FHD IPS | Win11,https://laptopnew.vn/laptop-msi-modern-15-h-c2rmg-287vn
laptopnew,Laptop HP ProBook 440 G10 873B8PA | CPU i7-1355U | RAM 16GB DDR4 | SSD 512GB PCIe | VGA Onboard | 14.1 FHD | Win11.,https://laptopnew.vn/laptop-hp-probook-440-g10-873b8pa
laptopnew,Laptop Dell 15 DC15250 i7U161W11SLU | CPU i7-1355U | RAM 16GB DDR4 | SSD 1TB PCIe | VGA Onboard | 15.6 FHD & 120Hz | Win11 + Office,https://laptopnew.vn/laptop-dell-15-dc15250-i7u161w11slu
laptopnew,"Laptop Dell Pro Max 14 | CPU Ultra 7-265H | RAM 16GB DDR5 | SSD 1TB PCIe | VGA Onboard | 14.0 WUXGA IPS, 100% sRGB | Win11| Part: U71610",https://laptopnew.vn/laptop-dell-pro-max-14-u71610
laptopnew,Laptop Dell 15 DC15250 CPH991 | CPU i7-1355U | RAM 16GB DDR5 | SSD 1TB PCIe | VGA Onboard | 15.6 FHD IPS & 120Hz | Win11 + Office| Part: DC15250 CPH991,https://laptopnew.vn/laptop-dell-15-dc15250-cph991
laptopnew,"Laptop Lenovo Thinkbook 14 G7+ | CPU R7 H 260 | RAM 32GB LPDDR5x | SSD 1TB PCIe | VGA Onboard | 14.5 QHD 3K IPS, 100% sRGB & 120Hz | Win11. Part: AKP R73210",https://laptopnew.vn/laptop-lenovo-thinkbook-14-g7-akp-r73210-cpu-r7-h-260
laptopnew,"Laptop Lenovo Lecoo Pro 14 N155A R73210 | CPU R7 H 255 | RAM 32GB DDR5 | SSD 1TB PCIe | VGA Onboard | 14.0 QHD 2K8 IPS, 100% sRGB & 120Hz | Win11",https://laptopnew.vn/laptop-lenovo-lecoo-pro-14-n155a-r73210
laptopnew,Laptop Dell Inspiron 15 3530 i7U161W11BLU | CPU i7-1355U | RAM 16GB DDR4 | SSD 1TB PCIe | VGA Onboard | 15.6 FHD & 120Hz | Win11 + Office 2021,https://laptopnew.vn/laptop-dell-inspiron-15-3530-i7u161w11blu
laptopnew,Laptop LENOVO THINKPAD E16 | CPU Ultra 5-125H | RAM 32GB DDR5 | SSD 1TB PCIe | VGA Onboard | 16.0 FHD IPS | Win11. Part: Gen 2 21MA004EVN,https://laptopnew.vn/laptop-lenovo-thinkpad-e16-gen-2-21ma004evn
laptopnew,Laptop Asus Vivobook S14 S3407CA LY095WS | CPU Ultra 5-225H | RAM 16GB LPDDR5x | SSD 512GB PCIe | VGA Onboard | 14.0 WUXGA IPS | Win11 + Office 365,https://laptopnew.vn/laptop-asus-vivobook-s14-s3407ca-ly095ws
laptopnew,Laptop ASUS VivoBook 16 | CPU Ultra 7-255H | RAM 16GB DDR5 | SSD 512GB PCIe | VGA Onboard | 16.0 WUXGA IPS | Win 11| Part: X1607CA MB990W,https://laptopnew.vn/laptop-asus-vivobook-16-x1607ca-mb990w
laptopnew,"Laptop MSI Prestige 13 AI Evo A1MG 241VN | CPU Ultra 5-125H | RAM 16GB LPDDR5x | SSD 512GB PCIe | VGA Onboard | 13.3 QHD 2K8 OLED, 100% DCI-P3 | Win11",https://laptopnew.vn/laptop-msi-prestige-13-ai-evo-a1mg-241vn
laptopnew,"Laptop Lenovo Thinkbook 14 G7+ | CPU R7 H 350 | RAM 32GB LPDDR5x | SSD 1TB PCIe | VGA Onboard | 14.5 QHD 3K IPS, 100% sRGB & 120Hz | Win11. Part: AKP R73210",https://laptopnew.vn/laptop-lenovo-thinkbook-14-g7-akp-r73210
laptopnew,"Laptop Lenovo ideapad slim 5 Oled 16AHP10R R72410 (Xiaoxin Pro 16) | CPU R7 H 255 | RAM 24GB LPDDR5x | SSD 1TB PCIe | VGA Onboard | 16.0 QHD 2K8 OLED, 100% DCI-P3 & 120Hz | Win11 + Office 2024",https://laptopnew.vn/laptop-lenovo-ideapad-slim-5-oled-16ahp10r-r72410-pro-16
laptopnew,Laptop LENOVO THINKPAD E14 | CPU U7-155H | RAM 16GB DDR5 | SSD 512GB PCIe | VGA Onboard | 14.0 FHD IPS | FreeDOS. Part: Gen 6 21M7004WVA,https://laptopnew.vn/laptop-lenovo-thinkpad-e14-gen-6-21m7004wva
laptopnew,"Laptop Asus Expertbook P3405CVA NZ0077W | CPU i7-13620H | RAM 16GB DDR5 | SSD 512GB PCIe | VGA Onboard | 14.0 QHD 2K5 IPS, 100% sRGB & 144Hz | Win11",https://laptopnew.vn/laptop-asus-expertbook-p3405cva-nz0077w
laptopnew,"Laptop Asus Zenbook 14 OLED UX3405MA PP151W | CPU Ultra 5-125H | RAM 16GB LPDDR5x | SSD 512GB PCIe | VGA Onboard | 14.0 QHD 3K OLED, 100% DCI-P3 & 120Hz | Win11",https://laptopnew.vn/laptop-asus-zenbook-14-oled-ux3405ma-pp151w
laptopnew,"Laptop Lenovo Yoga Slim 7 14ILL10 | CPU Ultra 5-226V | RAM 16GB LPDDR5X | SSD 512GB PCIe | VGA Onboard | 14.0 WUXGA OLED, 100% DCI-P3 | Win11. Part: 83JX00D5VN",https://laptopnew.vn/laptop-lenovo-yoga-slim-7-14ill10-83jx00d5vn
laptopnew,"Laptop MSI Venture A16 AI+ A3HMG 017VN | CPU R7-350 AI | RAM 16GB DDR5 | SSD 512GB PCIe | VGA Onboard | 16.0 QHD 2K OLED, 100% DCI-P3 & 120Hz | Win11",https://laptopnew.vn/laptop-msi-venture-a16-ai-a3hmg-017vn
laptopnew,"Laptop Dell 16 DC16250 C7U161W11BLU | CPU Core 7-150U | RAM 16GB DDR5 | SSD 1TB PCIe | VGA Onboard | 16.0 WUXGA IPS, Touch cảm ứng | Win11 + Office",https://laptopnew.vn/laptop-dell-16-dc16250-c7u161w11blu
laptopnew,"Laptop Dell XPS 13 9345 XE1651 | CPU X Elite | RAM 16GB LPDDR5x | SSD 512GB PCle | VGA Onboard | 13.4 WUXGA IPS, 100% DCI-P3 & 120Hz | Win11",https://laptopnew.vn/laptop-dell-xps-13-9345-xe1651
laptopnew,"Laptop Lenovo ideapad slim 5 Oled 14AKP10 R73210 (Xiaoxin Pro 14) | CPU R7 H 350 | RAM 32GB LPDDR5x | SSD 1TB PCIe | VGA Onboard | 14.0 QHD 2K8 OLED, 100% sRGB & 120Hz | Win11 + Office 2024",https://laptopnew.vn/laptop-lenovo-ideapad-slim-5-14akp10-r73210-xiaoxin-pro-14
laptopnew,Laptop Dell Inspiron 16 5640 C7U161W11IBU | CPU Core 7-150U | RAM 16GB DDR5 | SSD 1TB PCIe | VGA Onboard | 16.0 WUXGA | Win11 + Office 2021,https://laptopnew.vn/laptop-dell-inspiron-16-5640-c7u161w11ibu
laptopnew,Laptop Lenovo Ideapad Slim 5 OLED | CPU R7 H 350 | RAM 32GB DDR5 | SSD 1TB PCIe | VGA Onboard | 14.0 WUXGA OLED | Win11 | Part: 14AKP10 83HX001JVN,https://laptopnew.vn/laptop-lenovo-ideapad-slim-5-oled-14akp10-83hx001jvn
laptopnew,"Laptop Asus Zenbook 14 AI | CPU R7 AI 445 | RAM 16GB LPDDR5x | SSD 512GB PCIe | VGA Onboard | 14.0 WUXGA OLED, 100% DCI-P3 | Win11 + Office 365 Basic. Part: UM3406GA QD075WS",https://laptopnew.vn/laptop-asus-zenbook-14-ai-um3406ga-qd075ws
laptopnew,"Laptop Lenovo Yoga Slim 7 14ILL10 | CPU Ultra 5-226V | RAM 16GB LPDDR5X | SSD 512GB PCIe | VGA Onboard | 14.0 QHD 2K8 OLED, 100% DCI-P3 & 120Hz | Win11 + Office. Part: 83JX0086VN",https://laptopnew.vn/laptop-lenovo-yoga-slim-7-14ill10-83jx0086vn
laptopnew,"Lenovo Thinkbook 14 G8+ | CPU R7 H 255 | RAM 32GB LPDDR5x | SSD 1TB PCIe | VGA Onboard | 14.5 QHD 3K IPS, 100% DCI-P3 & 120Hz | Win11. Part: R73210",https://laptopnew.vn/lenovo-thinkbook-14-g8-r73210
laptopnew,"Laptop Lenovo ideapad slim 5 Oled 16AKP10 R73210 (Xiaoxin Pro 16) | CPU R7 H 350 | RAM 32GB LPDDR5x | SSD 1TB PCIe | VGA Onboard | 16.0 QHD 2K8 OLED, 100% sRGB & 120Hz | Win11 + Office 2024",https://laptopnew.vn/lenovo-ideapad-slim-5-16akp10-r73210
laptopnew,Laptop LENOVO THINKPAD E16 | CPU Ultra 7-255H | RAM 16GB DDR5 | SSD 1TB PCIe | VGA Onboard | 16.0 WUXGA IPS | Win11. Part: Gen 3 21SR002MVA,https://laptopnew.vn/laptop-lenovo-thinkpad-e16-gen-3-21sr002mva
laptopnew,Laptop LENOVO THINKPAD T14s | CPU Ultra 5-125U | RAM 16GB LPDDR5x | SSD 512GB PCIe | VGA Onboard | 14.0 FHD+ IPS | FreeDOS. Part: Gen 5 21LS005VVA,https://laptopnew.vn/laptop-lenovo-thinkpad-t14s-gen-5-21ls005vva
laptopnew,"Laptop MSI Prestige 14 AI Evo C1MG 081VN | CPU Ultra 5-125H | RAM 16GB DDR5 | SSD 512GB PCIe | VGA Onboard | 14.0 QHD 2K8 OLED, 100% DCI-P3 | Win11",https://laptopnew.vn/laptop-msi-prestige-14-ai-evo-c1mg-081vn
laptopnew,"Laptop Lenovo Thinkbook X AI | CPU Ultra 5-226V | RAM 16GB LPDDR5x | SSD 512GB PCIe | VGA Onboard | 14.0 QHD 2K8 OLED, 100% DCI-P3 & 120Hz | Win11 + Office. Part: G3 U51651",https://laptopnew.vn/laptop-lenovo-thinkbook-x-ai-cpu-g3-u51651
laptopnew,"Lenovo Thinkbook 16 G8+ | CPU R7 H 255 | RAM 32GB LPDDR5x | SSD 1TB PCIe | VGA Onboard | 16.0 QHD 3K2 IPS, 100% DCI-P3 & 165Hz | Win11. Part: R73210",https://laptopnew.vn/lenovo-thinkbook-16-g8-plus-r73210
laptopnew,"Laptop Asus Zenbook 14 OLED UX3405CA PZ187WS | CPU Ultra 5-225H | RAM 16GB LPDDR5x | SSD 512GB PCIe | VGA Onboard | 14.0 QHD 3K OLED, 100% DCI-P3 & 120Hz | Win11 + Office 365 Basic",https://laptopnew.vn/laptop-asus-zenbook-14-oled-ux3405ca-pz187ws
laptopnew,Laptop MSI Modern 14S | CPU Core 5-320U | RAM 16GB DDR5 | SSD 1TB PCIe | VGA Onboard | 14.0 WUXGA IPS | Win11 | Part: G3MG 003VN,https://laptopnew.vn/laptop-msi-modern-14s-g3mg-003vn
laptopnew,"Laptop MSI Prestige 14 AI Evo C1MG 080VN | CPU Ultra 5-125H | RAM 32GB DDR5 | SSD 512GB PCIe | VGA Onboard | 14.0 QHD 2K8 OLED, 100% DCI-P3 | Win11",https://laptopnew.vn/laptop-msi-prestige-14-ai-evo-c1mg-080vn
laptopnew,"Laptop MSI Prestige 13 AI Evo A1MG 240VN | CPU Ultra 5-125H | RAM 32GB LPDDR5 | SSD 512GB PCIe | VGA Onboard | 13.3 QHD 2K8 OLED, 100% DCI-P3 | Win11",https://laptopnew.vn/laptop-msi-prestige-13-ai-evo-a1mg-240vn
laptopnew,"Laptop Asus Zenbook S 14 Oled | CPU Ultra 7-258V | RAM 32GB LPDDR5X | SSD 1TB PCIe | VGA Onboard | 14.0 QHD 3K OLED, 100% DCI-P3 & 120Hz | Win11. Part: UX5406 U73210",https://laptopnew.vn/laptop-asus-zenbook-s-14-oled-ux5406-u73210
laptopnew,"Laptop Asus Zenbook 14 Oled UM3406 | CPU R7-350 AI | RAM 32GB LPDDR5x | SSD 1TB PCIe | VGA Onboard | 14.0 QHD 2K8 OLED, 100% DCI-P3 & 120Hz | Win11 + Office 2024. Part: R73210",https://laptopnew.vn/laptop-asus-zenbook-14-um3406-r73210
laptopnew,Laptop LENOVO THINKPAD T16 | CPU Ultra 7-155H | RAM 16GB DDR5 | SSD 512GB PCIe | VGA Onboard | 16.0 FHD IPS | FreeDOS. Part: Gen 3 21MN007EVA,https://laptopnew.vn/laptop-lenovo-thinkpad-t16-gen-3-21mn007eva
laptopnew,"Laptop Lenovo Thinkbook 16 G8+ | CPU R7 H 450 | RAM 32GB LPDDR5x | SSD 1TB PCIe | VGA Onboard | 16.0 QHD 3K2 IPS, 100% DCI-P3 & 165Hz | Win11. Part: R73210",https://laptopnew.vn/laptop-lenovo-thinkbook-16-g8-r73210-r7h450
laptopnew,"Laptop Asus Zenbook 14 OLED UX3405CA | CPU Ultra 9-285H | RAM 32GB LPDDR5x | SSD 1TB PCIe | VGA Onboard | 14.0 QHD 2K8 OLED, 100% DCI-P3 & 120Hz | Win11 + Office 2024. Part: U93210",https://laptopnew.vn/laptop-asus-zenbook-14-oled-ux3405ca-u93210
laptopnew,"Laptop Asus Zenbook 14 OLED UX3405CA PZ368WS | CPU Ultra 7-255H | RAM 16GB LPDDR5x | SSD 512GB PCIe | VGA Onboard | 14.0 QHD 3K OLED, 100% DCI-P3, Touch cảm ứng & 120Hz | Win11 + Office 365 Basic",https://laptopnew.vn/laptop-asus-zenbook-14-oled-ux3405ca-pz368ws
laptopnew,Laptop Lenovo ThinkBook 14 | CPU Core 7-240H | RAM 32GB DDR5 | SSD 1TB PCIe | VGA Onboard | 14.0 WUXGA IPS | Win 11 | Part: 21SG007VVN,https://laptopnew.vn/laptop-lenovo-thinkbook-14-21sg007vvn
laptopnew,Laptop LENOVO THINKPAD T14s | CPU Ultra 5-125U | RAM 16GB LPDDR5x | SSD 512GB PCIe | VGA Onboard | 14.0 FHD+ IPS | Win11 Pro. Part: Gen 5 21LS005RVN,https://laptopnew.vn/laptop-lenovo-thinkpad-t14s-gen-5-21ls005rvn
laptopnew,"Laptop Lenovo Ideapad Slim 5 OLED | CPU R7-445 AI | RAM 32GB DDR5 | SSD 512GB PCIe | VGA Onboard | 14.0 WUXGA OLED, 100% DCI-P3 | Win11 | Part: 14AGP11 83S1003FVN",https://laptopnew.vn/laptop-lenovo-ideapad-slim-5-oled-14agp11-83s1003fvn
laptopnew,"Laptop Lenovo Thinkbook 14 G8+ | CPU R7 H 450 | RAM 32GB LPDDR5x | SSD 1TB PCIe | VGA Onboard | 14.5 QHD 3K IPS, 100% DCI-P3 & 120Hz | Win11. Part: R73210",https://laptopnew.vn/laptop-lenovo-thinkbook-14-g8-r73210-r7h450
laptopnew,Laptop Dell Pro 14 | CPU Ultra 7-255U | RAM 16GB DDR5 | SSD 512GB PCIe | VGA Onboard | 14.0 WUXGA IPS | Win11| Part: PC14250 - 42LTU7PC14250,https://laptopnew.vn/laptop-dell-pro-14-pc14250-42ltu7pc14250
laptopnew,"Laptop Lenovo Thinkbook X AI | CPU Ultra 9-285H | RAM 32GB LPDDR5x | SSD 1TB PCIe | VGA Onboard | 13.5 QHD 2K8 IPS, 100% sRGB & 120Hz | Win11 + Office 2024. Part: G2 IAH U93210",https://laptopnew.vn/laptop-lenovo-thinkbook-x-ai-g2-iah-u93210
laptopnew,"Laptop LENOVO THINKPAD X13 | CPU Ultra 7-155H | RAM 16GB LPDDR5x | SSD 512GB PCIe | VGA Onboard | 13.3 FHD IPS, 100% sRGB | FreeDOS. Part: Gen 5 21LU004KVA",https://laptopnew.vn/laptop-lenovo-thinkpad-x13-gen-5-21lu004kva
laptopnew,Laptop LENOVO THINKPAD T14s | CPU Ultra 5-125U | RAM 16GB LPDDR5x | SSD 1TB PCIe | VGA Onboard | 14.0 FHD+ IPS | Win11 Pro. Part: Gen 5 21LS005SVN,https://laptopnew.vn/laptop-lenovo-thinkpad-t14s-gen-5-21ls005svn
laptopnew,"Laptop MSI Prestige 14 AI+ Evo C2VMG 020VN | CPU Ultra 7-258V | RAM 32GB LPDDR5x | SSD 1TB PCIe | VGA Onboard | 14.0 QHD 2K8 OLED, 100% DCI-P3 & 120Hz | Win11",https://laptopnew.vn/laptop-msi-prestige-14-ai-evo-c2vmg-020vn
laptopnew,"Laptop Lenovo Yoga Slim 7 14ILL10 | CPU Ultra 7-258V | RAM 32GB LPDDR5X | SSD 1TB PCIe | VGA Onboard | 14.0 QHD 2K8 OLED, 100% DCI-P3 & 120Hz | Win11 + Office. Part: 83JX0036VN",https://laptopnew.vn/laptop-lenovo-yoga-slim-7-14ill10-83jx0036vn
laptopnew,Laptop Lenovo ThinkBook 14 | CPU Ultra 7-255H | RAM 32GB DDR5 | SSD 1TB PCIe | VGA Onboard | 14.0 WUXGA IPS | Win 11 | Part: 21SJ006YVN,https://laptopnew.vn/laptop-lenovo-thinkbook-14-21sj006yvn
laptopnew,"Laptop Dell XPS 13 9350 U71651 | CPU Ultra 7-256V | RAM 16GB LPDDR5x | SSD 512GB PCle | VGA Onboard | 13.4 WUXGA IPS, 100% sRGB | FreeDOS",https://laptopnew.vn/laptop-dell-xps-13-9350-u71651
laptopnew,"Laptop MSI Prestige 13 AI Evo A1MG 062VN | CPU Ultra 7-155H | RAM 32GB LPDDR5x | SSD 1TB PCIe | VGA Onboard | 13.3 QHD 2K8 OLED, 100% DCI-P3 | Win11",https://laptopnew.vn/laptop-msi-prestige-13-ai-evo-a1mg-062vn
laptopnew,"Laptop Asus Zenbook 14 AI | CPU R7 AI 445 | RAM 32GB LPDDR5x | SSD 1TB PCIe | VGA Onboard | 14.0 WUXGA OLED, 100% DCI-P3 | Win11 + Office 365 Basic. Part: UM3406GA QD073WS",https://laptopnew.vn/laptop-asus-zenbook-14-ai-um3406ga-qd073ws
laptopnew,"Laptop Asus Zenbook 14 OLED UX3405CA PZ204WS | CPU Ultra 9-285H | RAM 32GB LPDDR5x | SSD 1TB PCIe | VGA Onboard | 14.0 QHD 3K OLED, 100% DCI-P3, Touch cảm ứng & 120Hz | Win11 + Office 365 Basic",https://laptopnew.vn/laptop-asus-zenbook-14-oled-ux3405ca-pz204ws
laptopnew,"Laptop ASUS Zenbook 14 UX3405CA | CPU Ultra 7-255H | RAM 32GB LPDDR5x | SSD 1TB PCIe | VGA Onboard | 14.0 QHD 3K OLED, 100% DCI-P3, Touch cảm ứng & 120Hz | Win11 | Part: PZ188WS",https://laptopnew.vn/laptop-asus-zenbook-14-ux3405ca-pz188ws
laptopnew,Laptop MSI Modern 14S AI+ | CPU Ultra 7-355 | RAM 16GB DDR5 | SSD 1TB PCIe | VGA Onboard | 14.0 WUXGA OLED & 120Hz | Win11 | Part: G3MG 050VN,https://laptopnew.vn/laptop-msi-modern-14s-ai-g3mg-050vn
laptopnew,"Laptop Lenovo Thinkbook X AI | CPU Ultra 5-228V | RAM 32GB LPDDR5x | SSD 1TB PCIe | VGA Onboard | 14.0 QHD 2K8 OLED, 100% DCI-P3 & 120Hz | Win11 + Office. Part: G3 U53210",https://laptopnew.vn/laptop-lenovo-thinkbook-x-ai-g3-u53210
laptopnew,"Laptop Lenovo Yoga Slim 7 | CPU R7-445 AI | RAM 16GB LPDDR5x | SSD 512GB PCIe | VGA Onboard | 14.0 WUXGA OLED, 100% DCI-P3 | Win11. Part: 14AGP11 83QS001DVN",https://laptopnew.vn/laptop-lenovo-yoga-slim-7-14agp11-83qs001dvn
laptopnew,"Laptop Lenovo Yoga Slim 7 14ILL10 | CPU Ultra 7-258V | RAM 32GB LPDDR5X | SSD 1TB PCIe | VGA Onboard | 14.0 QHD 2K8 OLED, 100% DCI-P3 & 120Hz | Win11 + Office. Part: 83JX0081VN",https://laptopnew.vn/laptop-lenovo-yoga-slim-7-14ill10-83jx0081vn
laptopnew,Laptop LENOVO THINKPAD T16 | CPU Ultra 7-155U | RAM 16GB DDR5 | SSD 1TB PCIe | VGA Onboard | 16.0 FHD IPS | Win11 Pro. Part: Gen 3 21MN007QVN,https://laptopnew.vn/laptop-lenovo-thinkpad-t16-gen-3-21mn007qvn
laptopnew,"Laptop Lenovo IdeaPad Slim 5 | CPU R7-445 AI | RAM 32GB DDR5 | SSD 1TB PCIe | VGA Onboard | 14.0 WUXGA OLED, 100% DCI-P3 | Win11 | Part: 14AGP11 83S1003GVN",https://laptopnew.vn/laptop-lenovo-ideapad-slim-5-14agp11-83s1003gvn
laptopnew,"Laptop MSI Prestige A16 AI+ A3HMG 045VN | CPU R9-365 AI | RAM 32GB LPDDR5x | SSD 1TB PCIe | VGA Onboard | 16.0 UHD+ 4K OLED, 100% DCI-P3 | Win11",https://laptopnew.vn/laptop-msi-prestige-a16-ai-a3hmg-045vn
laptopnew,"Laptop LENOVO THINKPAD X9 15 | CPU Ultra 7-268V | RAM 32GB LPDDR5x | SSD 1TB PCIe | VGA Onboard | 15.3 QHD 2K8 OLED, Touch cảm ứng, 100% DCI-P3 | Win 11. Part: Aura Edition Gen 1 U73210",https://laptopnew.vn/laptop-lenovo-thinkpad-x9-15-aura-edition-gen-1-u73210
laptopnew,"Laptop LENOVO THINKPAD X9 14 | CPU Ultra 7-258V | RAM 32GB LPDDR5x | SSD 1TB PCIe | VGA Onboard | 14.0 QHD 2K8 OLED + Touch cảm ứng, 100% DCI-P3 & 120Hz | Win11. Part: Aura Edition Gen 1 U73210",https://laptopnew.vn/laptop-lenovo-thinkpad-x9-14-aura-edition-gen-1-u73210
laptopnew,Laptop LENOVO THINKPAD T16 | CPU Ultra 7-155U | RAM 32GB DDR5 | SSD 1TB PCIe | VGA Onboard | 16.0 FHD IPS | Win11 Pro. Part: Gen 3 21MN007RVN,https://laptopnew.vn/laptop-lenovo-thinkpad-t16-gen-3-21mn007rvn
laptopnew,"Laptop LENOVO THINKPAD X13 | CPU Ultra 7-155H | RAM 16GB LPDDR5x | SSD 1TB PCIe | VGA Onboard | 13.3 FHD IPS, 100% sRGB | Win11 Pro. Part: Gen 5 21LU004TVN",https://laptopnew.vn/laptop-lenovo-thinkpad-x13-gen-5-21lu004tvn
laptopnew,"Laptop MSI Prestige 13 AI+ Evo A2VMG 040VN | CPU Ultra 7-258V | RAM 32GB LPDDR5x | SSD 1TB PCIe | VGA Onboard | 13.3 QHD 2K8 OLED, 100% DCI-P3 | Win11",https://laptopnew.vn/laptop-msi-prestige-13-ai-evo-a2vmg-040vn
laptopnew,"Laptop LENOVO THINKPAD X13 | CPU Ultra 7-155U | RAM 32GB LPDDR5x | SSD 1TB PCIe | VGA Onboard | 13.3 FHD IPS, Touch cảm ứng, 100% sRGB | Win11 Pro. Part: Gen 5 21LU004WVN",https://laptopnew.vn/laptop-lenovo-thinkpad-x13-gen-5-21lu004wvn
laptopnew,"Laptop MSI Prestige 13 AI+ Evo A2VMG 062VN | CPU Ultra 9-288V | RAM 32GB LPDDR5 | SSD 1TB PCIe | VGA Onboard | 13.3 QHD 2K8 OLED, 100% DCI-P3 | Win11",https://laptopnew.vn/laptop-msi-prestige-13-ai-evo-a2vmg-062vn
laptopnew,"Laptop Lenovo Yoga Slim 7 14IPH11 | CPU Ultra 7-355 Al | RAM 16GB LPDDR5X | SSD 512GB PCIe | VGA Onboard | 14.0 WUXGA OLED, 100% DCI-P3 | Win11 + Office. Part: 83QM0075VN",https://laptopnew.vn/laptop-lenovo-yoga-slim-7-14iph11-83qm0075vn
laptopnew,"Laptop LENOVO THINKPAD X13 | CPU Ultra 7-155H | RAM 32GB LPDDR5x | SSD 1TB PCIe | VGA Onboard | 13.3 FHD IPS, Touch cảm ứng, 100% sRGB | Win11 Pro. Part: Gen 5 21LU004LVN",https://laptopnew.vn/laptop-lenovo-thinkpad-x13-gen-5-21lu004lvn
laptopnew,"Laptop MSI Prestige A16 AI+ Evo B2VMG 016VN | CPU Ultra 9-288V | RAM 32GB LPDDR5x | SSD 1TB PCIe | VGA Onboard | 16.0 UHD+ 4K OLED, 100% DCI-P3 | Win11",https://laptopnew.vn/laptop-msi-prestige-a16-ai-evo-b2vmg-016vn
laptopnew,Laptop LENOVO THINKPAD T14s | CPU Ultra 7-155U | RAM 32GB LPDDR5x | SSD 1TB PCIe | VGA Onboard | 14.0 QHD 2.8K OLED & 120Hz | Win11 Pro. Part: Gen 5 21LS0062VN,https://laptopnew.vn/laptop-lenovo-thinkpad-t14s-gen-5-21ls0062vn
laptopnew,Laptop LENOVO THINKPAD T14s | CPU Ultra 7-258V | RAM 32GB LPDDR5x | SSD 1TB PCIe | VGA Onboard | 14.0 WUXGA IPS | NoOS. Part: Gen 6 21QX00LEVA,https://laptopnew.vn/laptop-lenovo-thinkpad-t14s-gen-6-21qx00leva
laptopnew,"Laptop Dell XPS 13 9350 U73210 | CPU Ultra 7-256V | RAM 32GB LPDDR5x | SSD 1TB PCle | VGA Onboard | 13.4 WUXGA IPS, 100% sRGB | Win11",https://laptopnew.vn/laptop-dell-xps-13-9350-u73210
laptopnew,"Laptop MSI Prestige 16 Al+ Mercedes AMG B2VMG 088VN | CPU Ultra 9-288V | RAM 32GB LPDDR5x | SSD 2TB PCIe | VGA Onboard | 16.0 UHD+ 4K OLED, 100% DCI-P3 | Win11",https://laptopnew.vn/laptop-msi-prestige-16-al-mercedes-amg-b2vmg-088vn
laptopnew,"Laptop LENOVO THINKPAD X1 Carbon | CPU Ultra 7-155H | RAM 16GB LPDDR5x | SSD 512GB PCIe | VGA Onboard | 14.0 FHD+ IPS, 100% sRGB | Win11 Pro. Part: Gen 12 21KC008MVN",https://laptopnew.vn/laptop-lenovo-thinkpad-x1-carbon-gen-12-21kc008mvn
laptopnew,"Laptop MSI Prestige 13 AI+ Ukiyoe Edition A2VMG 075VN | CPU U9-288V | RAM 32GB LPDDR5x | SSD 2TB PCIe | VGA Onboard | 13.3 QHD 2K8 OLED, 100% DCI-P3 | Win11",https://laptopnew.vn/laptop-msi-prestige-13-ai-ukiyoe-edition-a2vmg-075vn
laptopnew,"Laptop LENOVO THINKPAD X1 Carbon | CPU Ultra 7-155H | RAM 32GB LPDDR5x | SSD 1TB PCIe | VGA Onboard | 14.0 FHD+ IPS, 100% sRGB | Win11 Pro. Part: Gen 12 21KC008NVN",https://laptopnew.vn/laptop-lenovo-thinkpad-x1-carbon-gen-12-21kc008nvn
laptopnew,"Laptop LENOVO THINKPAD X1 Carbon | CPU Ultra 7-155H | RAM 32GB LPDDR5x | SSD 1TB PCIe | VGA Onboard | 14.0 QHD 2K8 OLED + Touch cảm ứng, 100% DCI-P3 & 120Hz | Win11 Pro. Part: Gen 12 21KC008SVN",https://laptopnew.vn/laptop-lenovo-thinkpad-x1-carbon-gen-12-21kc008svn
laptopnew,"Laptop LENOVO THINKPAD X1 Carbon | CPU Ultra 7-155H | RAM 32GB LPDDR5x | SSD 1TB PCIe | VGA Onboard | 14.0 QHD 2K8 OLED, 100% DCI-P3 & 120Hz | Win11 Pro. Part: Gen 12 21KC008PVN",https://laptopnew.vn/laptop-lenovo-thinkpad-x1-carbon-gen-12-21kc008pvn
laptopnew,"Laptop LENOVO THINKPAD X1 | CPU Ultra 7-255U | RAM 64GB DDR5 | SSD 512GB PCIe | VGA Onboard | 14.0 QHD 2K8 OLED, 100% DCI-P3 & 120Hz | Win11. Part: Carbon Gen 13 U76451",https://laptopnew.vn/laptop-lenovo-thinkpad-x1-carbon-gen-13-u76451
laptopnew,"Laptop Dell XPS 13 9350 U93210 | CPU Ultra 9-288V | RAM 32GB LPDDR5x | SSD 1TB PCle | VGA Onboard | 13.4 QHD 3K OLED & Touch cảm ứng, 100% DCI-P3 | Win11",https://laptopnew.vn/laptop-dell-xps-13-9350-u93210
laptopnew,"Laptop LENOVO THINKPAD X1 Carbon | CPU Ultra 7-165U | RAM 64GB LPDDR5x | SSD 1TB PCIe | VGA Onboard | 14.0 QHD 2K8 OLED, 100% DCI-P3 & 120Hz | Win11 Pro. Part: Gen 12 21KC00AGVN",https://laptopnew.vn/laptop-lenovo-thinkpad-x1-carbon-gen-12-21kc00agvn
memoryzone,"Laptop Lenovo ThinkPad X1 Carbon Gen 13 21NS010CVN (Ultra 7 258V, Intel Arc Graphics, RAM 32GB, SSD 1TB, 14 Inch OLED 2.8K 120Hz, Window 11 Pro)",https://memoryzone.com.vn/laptop-lenovo-thinkpad-x1-carbon-gen-13-21ns010cvn
memoryzone,"Laptop Lenovo V14 G5 IRL 83HD0062VA (i5-13420H, Intel Graphics, RAM 16GB DDR5, SSD 512GB, 14 Inch IPS FHD 60Hz, NoOS)",https://memoryzone.com.vn/laptop-lenovo-v14-g5-83hd0062va
memoryzone,"Laptop Lenovo ThinkPad E14 Gen 6 21M7004WVA (Ultra 7 155H, Intel Arc Graphics, RAM 16GB DDR5, SSD 512GB, 14 Inch IPS WUXGA 60Hz, NoOS)",https://memoryzone.com.vn/laptop-lenovo-thinkpad-e14-gen-6-21m7004wva
memoryzone,"Laptop ASUS ExpertBook P1 P1403CVA-C5H16-50W (Core 5 210H, Intel Graphics, RAM 16GB DDR5, SSD 512GB, 14 Inch IPS FHD 60Hz, Win 11 Home)",https://memoryzone.com.vn/laptop-asus-expertbook-p1-p1403cva-c5h16-50w
memoryzone,"Laptop Lenovo ThinkBook 16 G8 IRL 21SH0097VN (Core 5 210H, Intel Graphics, RAM 16GB DDR5, SDD 512GB, 16 Inch IPS WUXGA 60Hz, Window 11 Home)",https://memoryzone.com.vn/laptop-lenovo-thinkbook-16-g8-irl-21sh0097vn
memoryzone,"Laptop Lenovo V14 G5 IRL 83HD0035VN (Core 7 240H, Intel Graphics, RAM 16GB DDR5, 512GB SSD, 14 Inch IPS FHD 60Hz, Win11)",https://memoryzone.com.vn/laptop-lenovo-v14-g5-irl-83hd0035vn
memoryzone,"Laptop Lenovo ThinkPad E16 Gen 3 21SR00A6VA (Ultra 5 135H, Intel Arc Graphics, RAM 16GB DDR5, SSD 512GB, 16 Inch IPS WUXGA 60Hz, NoOS)",https://memoryzone.com.vn/laptop-lenovo-thinkpad-e16-gen-3-21sr00a6va
memoryzone,"Laptop Lenovo ThinkPad E14 Gen 7 21U2003PVA (Ultra 5 228V, Intel Arc Graphic, RAM 32GB, SSD 512GB, 14 Inch IPS WUXGA 60Hz, NoOS)",https://memoryzone.com.vn/laptop-lenovo-thinkpad-e14-gen-7-21u2003pva
memoryzone,"Laptop Lenovo ThinkPad E14 Gen 7 21SX002SVA (Ultra 7 255H, Arc Graphics, RAM 16GB DDR5, SSD 512GB, 14 Inch IPS WUXGA 60Hz, NoOS)",https://memoryzone.com.vn/laptop-lenovo-thinkpad-e14-gen-7-21sx002sva
memoryzone,"Laptop MSI Cyborg 15 C13WEO-417VN (i7-13620H, RTX 5050 8GB, RAM 16GB DDR4, SSD 512GB, 15.6 Inch IPS FHD 144Hz 100% sRGB, Win 11 Home)",https://memoryzone.com.vn/laptop-msi-cyborg-15-c13weo-417vn
memoryzone,"Laptop Lenovo LOQ 15IRX9 83DV01ALVN (i7-13650HX, RTX 4050 6GB, RAM 16GB DDR5, SSD 512GB, 15.6 Inch IPS FHD 144Hz 100% sRGB)",https://memoryzone.com.vn/laptop-lenovo-loq-15irx9-83dv01alvn
memoryzone,"Laptop Asus ExpertBook P5 P5405CSA-NZ0017W (Ultra 7 258V, Intel Arc Graphics, RAM 32GB LPDDR5X, SSD 1TB, 14 Inch WVA WQXGA 144Hz, Win 11 Home)",https://memoryzone.com.vn/laptop-asus-expertbook-p5-p5405csa-nz0017w
memoryzone,"Laptop MSI Modern 14S AI+ G3MG-050VN (Ultra 7 355, Intel Graphics, RAM 16GB DDR5, SSD 1TB, 14 Inch OLED FHD+ 60Hz 100% DCI-P3, Win 11 Home)",https://memoryzone.com.vn/laptop-msi-modern-14s-ai-plus-g3mg-050vn
memoryzone,"Laptop Lenovo ThinkPad E14 Gen 7 21U2006FVA (Ultra 7 258V, Intel Arc Graphics, RAM 32GB, SSD 512GB, 14 Inch WUXGA 60Hz, NoOS)",https://memoryzone.com.vn/laptop-lenovo-thinkpad-e14-gen-7-21u2006fva
memoryzone,"Laptop Lenovo ThinkPad E16 Gen 3 21SR002LVA (Ultra 7 255H, Intel Arc Graphics, RAM 16GB DDR5, SSD 512GB, 16 Inch IPS FHD+ 60Hz, NoOS)",https://memoryzone.com.vn/laptop-lenovo-thinkpad-e16-gen-3-21sr002lva
memoryzone,"Laptop Lenovo LOQ 15IRX10 83JE01AGVN (i7-13645HX, RTX 5050 8GB, RAM 16GB DDR5, SSD 512GB, 15.6 Inch IPS FHD 144Hz 100% sRGB, Win 11 Home)",https://memoryzone.com.vn/laptop-lenovo-loq-15irx10-83je01agvn
memoryzone,"Laptop MSI Cyborg 15 B2RWFKG-048VN (Core 7 240H, RTX 5060 8GB, RAM 16GB D5, SSD 512GB, 15.6 Inch FHD IPS 144Hz)",https://memoryzone.com.vn/laptop-msi-cyborg-15-b2rwfkg-048vn
memoryzone,"Laptop Lenovo ThinkPad E14 Gen 7 21U2006GVA (Ultra 7 258V, Intel Arc Graphics, RAM 32GB, SSD 1TB, 14 inch IPS WUXGA 60Hz, NoOS)",https://memoryzone.com.vn/laptop-lenovo-thinkpad-e14-gen-7-21u2006gva
memoryzone,"Laptop MSI Katana 15 HX B14WEK-027VN (i7-14650HX, RTX 5050 8GB, RAM 32GB DDR5, SSD 512GB, 15.6 Inch QHD IPS 165Hz 100% DCI-P3, Win 11)",https://memoryzone.com.vn/laptop-msi-katana-15-hx-b14wek-027vn
memoryzone,"Laptop Lenovo ThinkPad E14 Gen 7 21SYS33P00 (Ultra 7 255H, Intel Arc Graphics, RAM 32GB, SSD 512GB, 14 Inch IPS 2.8K 120Hz, NoOS)",https://memoryzone.com.vn/laptop-lenovo-thinkpad-e14-gen-7-21sys33p00
memoryzone,"Laptop Lenovo ThinkPad X9-14 Gen 1 Aura Edition 21QA006FVN (Ultra 5 228V, Intel Arc Graphics, RAM 32GB LPDDR5x, SSD 512GB, 14 Inch OLED WUXGA 60Hz 100% DCI-P3, Win 11 Pro)",https://memoryzone.com.vn/laptop-lenovo-thinkpad-x9-14-gen-1-aura-edition-21qa006fvn
memoryzone,"Laptop Lenovo LOQ 15IPH11 83SL000LVN (Ultra 7 356H, RTX 5060 8GB, RAM 16GB DDR5, SSD 512GB, 15.3 Inch IPS WUXGA 165Hz 100% sRGB, Win 11 Home)",https://memoryzone.com.vn/laptop-lenovo-loq-15iph11-83sl000lvn
memoryzone,"Laptop Lenovo Legion 5 15IPH11 83RW0023VN (Ultra 7 356H, RTX 5060 8GB, RAM 16GB DDR5, SSD 512GB, 15.3 Inch OLED WQXGA 165Hz 100% DCI-P3, Win 11 Home)",https://memoryzone.com.vn/laptop-lenovo-legion-5-15iph11-83rw0023vn
memoryzone,"Laptop MSI Crosshair 16 HX E14WEK-076VN (i9-14900HX, RTX 5050 8GB, RAM 32GB DDR5, SSD 1TB, 16 Inch IPS QHD+ 240Hz 100% DCI-P3, Win 11)",https://memoryzone.com.vn/laptop-msi-crosshair-16-hx-e14wek-076vn
memoryzone,"Laptop Lenovo ThinkPad X1 Carbon Gen 13 Aura Edition 21NS010BVN (Ultra 7 258V, Intel Arc Graphics, RAM 32GB LPDDR5X, SSD 512GB, 14 Inch OLED 2.8K 120Hz 100% DCI-P3, Win 11 Pro)",https://memoryzone.com.vn/laptop-lenovo-thinkpad-x1-carbon-gen-13-aura-edition-21ns010bvn
memoryzone,"Laptop MSI Stealth 16 AI+ B3WF-007VN (Ultra 9 386H, RTX 5060 8GB, RAM 32GB DDR5, SSD 1TB, 16 Inch QHD+ OLED 240Hz, Win 11 Home)",https://memoryzone.com.vn/laptop-msi-stealth-16-ai-b3wf-007vn
memoryzone,"Laptop MSI Raider A16 HX B8WH-031VN (Ryzen 9 8940HX, RTX 5070 Ti 12GB, RAM 32GB DDR5, SSD 1TB, 16 Inch IPS QHD+ 240Hz, Win 11)",https://memoryzone.com.vn/laptop-msi-raider-a16-hx-b8wh-031vn
memoryzone,"Laptop MSI Stealth 16 AI+ B3WG-008VN (Ultra 9 386H, RTX 5070 8GB, RAM 32GB, SSD 1TB, 16 Inch OLED QHD+ 240Hz 100% DCI-P3, Win 11 Home)",https://memoryzone.com.vn/laptop-msi-stealth-16-ai-plus-b3wg-008vn
memoryzone,"Laptop MSI Stealth 16 AI+ B3WGX-051VN (Ultra 9 386H, RTX 5070 12GB, RAM 32GB DDR5, SSD 1TB, 16 Inch OLED QHD+ 240Hz 100% DCI-P3, Win 11 Home)",https://memoryzone.com.vn/laptop-msi-stealth-16-ai-plus-b3wgx-051vn
memoryzone,"Laptop ASUS ROG Zephyrus G16 GU606AX-TB042WS (Ultra 9 386H, RTX 5090 24GB, RAM 64GB LPDDR5X, SSD 2TB, 16 Inch OLED 2.5K 240Hz 100% DCI-P3, Win 11 Home)",https://memoryzone.com.vn/laptop-asus-rog-zephyrus-g16-gu606ax-tb042w
cellphones,Laptop HP Omnibook 5 AI 16-AF1048TU BZ7Q9PA,https://cellphones.com.vn/laptop-hp-omnibook-5-ai-16-af1048tu-bz7q9pa.html
cellphones,MacBook Neo 13 inch A18 Pro 2026 6CPU 5GPU 8GB 256GB | Chính hãng Apple Việt Nam,https://cellphones.com.vn/macbook-neo-13-a18-pro-6-cpu-5-gpu-8gb-256gb.html
cellphones,Laptop Lenovo LOQ Essential 15ARP10E 83S0000DVN,https://cellphones.com.vn/laptop-lenovo-loq-essential-15arp10e-83s0000dvn.html
cellphones,Laptop ASUS VivoBook 14 X1407CA-LY008W,https://cellphones.com.vn/laptop-asus-vivobook-14-x1407ca-ly008w.html
cellphones,Laptop MSI Cyborg 15 A13UC-2082VN,https://cellphones.com.vn/laptop-msi-cyborg-15-a13uc-2082vn.html
cellphones,Laptop MSI Katana 15 B13VEK-2440VN,https://cellphones.com.vn/laptop-msi-katana-15-b13vek-2440vn.html
cellphones,Laptop ASUS TUF Gaming F16 FX607VJ-RL034W,https://cellphones.com.vn/laptop-asus-tuf-gaming-f16-fx607vj-rl034w.html
cellphones,MacBook Air M5 13 inch 2026 10CPU 8GPU 16GB 512GB | Chính hãng Apple Việt Nam,https://cellphones.com.vn/macbook-air-13-m5-10-cpu-8-gpu-16gb-512gb.html
cellphones,Laptop Dell 14 DC14250 DC4C5386W,https://cellphones.com.vn/laptop-dell-14-dc14250-dc4c5386w.html
cellphones,Laptop ASUS Vivobook S14 S3407VA-LY146W,https://cellphones.com.vn/laptop-asus-vivobook-s14-s3407va-ly146w.html
cellphones,Laptop Acer Aspire Lite 16 GEN 2 AL16-52P-76DU,https://cellphones.com.vn/laptop-acer-aspire-lite-16-gen-2-al16-52p-76du.html
cellphones,Laptop Lenovo LOQ 15ARP10E 83S0007AVN,https://cellphones.com.vn/laptop-lenovo-loq-15arp10e-83s0007avn.html
cellphones,Laptop Dell Pro 15 Essential PV15250 VKVKD - Nhập khẩu chính hãng,https://cellphones.com.vn/laptop-dell-pro-15-essential-pv15250-vkvkd.html
cellphones,Laptop ASUS ZenBook 14 UX3405CA-ST648W,https://cellphones.com.vn/laptop-asus-zenbook-14-ux3405ca-st648w.html
cellphones,MacBook Air M4 13 inch 2025 10CPU 8GPU 16GB 256GB | Chính hãng Apple Việt Nam,https://cellphones.com.vn/apple-macbook-air-13-m4-10cpu-8gpu-16gb-256gb-2025.html
cellphones,Laptop Acer Gaming Aspire 7 A715-59G-57TU,https://cellphones.com.vn/laptop-acer-gaming-aspire-7-a715-59g-57tu.html
cellphones,MacBook Neo 13 inch A18 Pro 2026 6CPU 5GPU 8GB 512GB Touch ID | Chính hãng Apple Việt Nam,https://cellphones.com.vn/macbook-neo-13-a18-pro-6-cpu-5-gpu-8gb-512gb.html
cellphones,Laptop Lenovo IdeaPad Slim 3 14ARP10 83K600E9VN,https://cellphones.com.vn/laptop-lenovo-ideapad-slim-3-14arp10-83k600e9vn.html
cellphones,Laptop Acer Gaming Nitro ProPanel ANV15-52-50VA,https://cellphones.com.vn/laptop-acer-gaming-nitro-v-15-propanel-anv15-52-50va.html
cellphones,MacBook Air M5 13 inch 2026 10CPU 8GPU 16GB 512GB Sạc 70W | Chính hãng Apple Việt Nam,https://cellphones.com.vn/macbook-air-13-inch-m5-10-cpu-8-gpu-16gb-512gb-2026-sac-70w.html
cellphones,Laptop Lenovo IdeaPad Slim 3 14IWC11 83RQ002PVN,https://cellphones.com.vn/laptop-lenovo-ideapad-slim-3-14iwc11-83rq002pvn.html
cellphones,Laptop Acer Gaming Aspire 7 A715-59G-59RD,https://cellphones.com.vn/laptop-acer-gaming-aspire-7-a715-59g-59rd.html
cellphones,Laptop ASUS TUF Gaming A16 FA607NUQ-RL007W,https://cellphones.com.vn/laptop-asus-tuf-gaming-a16-fa607nuq-rl007w.html
cellphones,Laptop ASUS VivoBook Go 14 E1404FA-EB935W,https://cellphones.com.vn/laptop-asus-vivobook-go-14-e1404fa-eb935w.html
cellphones,Laptop ASUS Vivobook 14 X1404VA-EB355W,https://cellphones.com.vn/laptop-asus-vivobook-14-x1404va-eb355w.html
cellphones,Laptop Lenovo IdeaPad Slim 3 14IPH11 83UQ003NVN,https://cellphones.com.vn/laptop-lenovo-ideapad-slim-3-14iph11-83uq003nvn.html
cellphones,Laptop ASUS VivoBook S14 S3407CA-SF913W,https://cellphones.com.vn/laptop-asus-vivobook-s14-s3407ca-sf913w.html
cellphones,Laptop Dell 15 DC15250 1XVHG - Nhập khẩu chính hãng,https://cellphones.com.vn/laptop-dell-15-dc15250-1xvhg.html
cellphones,Apple MacBook Air M2 2024 8CPU 8GPU 16GB 256GB I Chính hãng Apple Việt Nam,https://cellphones.com.vn/macbook-air-m2-2022-16gb.html
cellphones,Laptop ASUS ROG Strix G16 G614PH-S5101W,https://cellphones.com.vn/laptop-asus-rog-strix-g16-g614ph-s5101w.html
cellphones,Laptop HP Victus 15-FA2731TX B85LNPA,https://cellphones.com.vn/laptop-hp-victus-15-fa2731tx-b85lnpa.html
cellphones,Laptop ASUS TUF Gaming A15 FA506NCG-HN329W,https://cellphones.com.vn/laptop-asus-tuf-gaming-a15-fa506ncg-hn329w.html
cellphones,Laptop ASUS Gaming V16 V3607VJ-RP071W,https://cellphones.com.vn/laptop-asus-gaming-v16-v3607vj-rp071w.html
cellphones,Laptop Lenovo IdeaPad Slim 5 14AKP10 83HX00ABVN,https://cellphones.com.vn/laptop-lenovo-ideapad-slim-5-14akp10-83hx00abvn-ryzen-ai-5.html
cellphones,Laptop Lenovo Legion 5 15IRX10 83LY00HRVN,https://cellphones.com.vn/laptop-lenovo-legion-5-15irx10-83ly00hrvn.html
cellphones,Laptop Gigabyte Gaming A16 GA6H-CMHH2VN893SH,https://cellphones.com.vn/laptop-gigabyte-gaming-a16-ga6h-cmhh2vn893sh.html
cellphones,Laptop Acer Gaming Nitro ProPanel ANV15-41-R7CR,https://cellphones.com.vn/laptop-acer-gaming-nitro-v-15-propanel-anv15-41-r7cr.html
cellphones,Laptop Lenovo LOQ 15ARP10E 83S000DEVN,https://cellphones.com.vn/laptop-lenovo-loq-15arp10e-83s000devn.html
cellphones,Laptop ASUS VivoBook 14 X1404VA-EB609W,https://cellphones.com.vn/laptop-asus-vivobook-14-x1404va-eb609w.html
cellphones,Laptop Lenovo Legion 7 16IAX10 83KY001UVN,https://cellphones.com.vn/laptop-lenovo-legion-7-16iax10-83ky001uvn.html
cellphones,Laptop Lenovo IdeaPad Slim 5 14IMH10 83V6001HVN,https://cellphones.com.vn/laptop-lenovo-ideapad-slim-5-14imh10-83v6001hvn.html
cellphones,Laptop ASUS ZenBook 14 UX3405CA-ST628W,https://cellphones.com.vn/laptop-asus-zenbook-14-ux3405ca-st628w.html
cellphones,Laptop Lenovo V15 G5 IRL 83HF00BRVA,https://cellphones.com.vn/laptop-lenovo-v15-g5-irl-83hf00brva.html
cellphones,https://cellphones.com.vn/laptop-msi-cyborg-15-a13uc-2088vn.html,https://cellphones.com.vn/laptop-msi-cyborg-15-a13uc-2088vn.html
cellphones,https://cellphones.com.vn/laptop-acer-gaming-nitro-v-15-propanel-anv15-41-r9m1.html,https://cellphones.com.vn/laptop-acer-gaming-nitro-v-15-propanel-anv15-41-r9m1.html
cellphones,Laptop Lenovo ThinkPad E14 Gen 7 21SX005NVN,https://cellphones.com.vn/laptop-lenovo-thinkpad-e14-gen-7-21sx005nvn.html
cellphones,Laptop Dell 15 DC15250 1XVHG V2 - Nhập khẩu chính hãng,https://cellphones.com.vn/laptop-dell-15-dc15250-1xvhg-v2.html
cellphones,MacBook Pro 16 M3 Max 48GB - 1TB | Chính hãng Apple Việt Nam,https://cellphones.com.vn/macbook-pro-16-inch-m3-max-2023-48gb-1tb.html
cellphones,MacBook Pro M5 Pro 14 inch 2026 15CPU 16GPU 24GB 1TB | Chính hãng Apple Việt Nam,https://cellphones.com.vn/macbook-pro-14-m5-pro-15cpu-16-gpu-24gb-1tb.html
cellphones,MacBook Pro 14 M5 10CPU 10GPU 16GB 1TB | Chính hãng Apple Việt Nam,https://cellphones.com.vn/macbook-pro-14-inch-m5-16gb-1tb.html
cellphones,MacBook Air M4 13 inch 2025 10CPU 8GPU 16GB 256GB Sạc 70W | Chính hãng Apple Việt Nam,https://cellphones.com.vn/apple-macbook-air-13-m4-10cpu-8gpu-16gb-256gb-2025-sac-70w.html
cellphones,Laptop MSI Modern 15 F1MG-1225VN,https://cellphones.com.vn/laptop-msi-modern-15-f1mg-1225vn.html
cellphones,Laptop ASUS Zenbook A14 UX3407QA-QD299WS,https://cellphones.com.vn/laptop-asus-zenbook-a14-ux3407qa-qd299ws-copilot-x-plus.html
cellphones,Laptop ASUS Gaming V16 V3607VU-RP343W,https://cellphones.com.vn/laptop-asus-gaming-v16-v3607vu-rp343w.html
cellphones,MacBook Air M4 15 inch 2025 10CPU 10GPU 16GB 512GB | Chính hãng Apple Việt Nam,https://cellphones.com.vn/apple-macbook-air-15-m4-10cpu-10gpu-16gb-512gb-2025.html
cellphones,MacBook Pro 14 inch M3 Max 96GB - 512GB Sạc 96W | Chính hãng Apple Việt Nam,https://cellphones.com.vn/macbook-pro-14-inch-m3-max-96gb-512gb-sac-96w.html
cellphones,Laptop ASUS VivoBook 15 M1502NAQ-BQ021W,https://cellphones.com.vn/laptop-asus-vivobook-15-m1502naq-bq021w.html
cellphones,Laptop HP Victus 15-FA2451TX D17WPPA,https://cellphones.com.vn/laptop-hp-victus-15-fa2451tx-d17wppa.html
cellphones,MacBook Air M4 13 inch 2025 10CPU 10GPU 16GB 512GB Sạc 70W | Chính hãng Apple Việt Nam,https://cellphones.com.vn/apple-macbook-air-13-m4-10cpu-10gpu-16gb-512gb-2025-sac-70w.html
cellphones,Laptop HP 250 G10 B3WA7AT,https://cellphones.com.vn/laptop-hp-250-g10-b3wa7at.html
cellphones,MacBook Air M3 15 inch 2024 8CPU 10GPU 16GB 256GB Sạc 35W | Chính hãng Apple Việt Nam,https://cellphones.com.vn/macbook-air-15-m3-16-256gb-2024-sac-35w.html
cellphones,Laptop Acer Predator Helios Neo 16S PHN16S-I51-97T9,https://cellphones.com.vn/laptop-acer-predator-helios-neo-16s-phn16s-i51-97t9.html
cellphones,Laptop HP Omnibook X Flip 14-FK0092AU BZ7P5PA,https://cellphones.com.vn/laptop-hp-omnibook-x-flip-14-fk0092au-bz7p5pa-ryzen-ai-5.html
cellphones,Laptop ASUS TUF Gaming F16 FX608JHI-TU209W,https://cellphones.com.vn/laptop-asus-tuf-gaming-f16-fx608jhi-tu209w.html
cellphones,Laptop Lenovo Ideapad Slim 5 14IAH8 83BF002NVN,https://cellphones.com.vn/laptop-lenovo-ideapad-slim-5-14iah8-83bf002nvn.html
cellphones,Laptop Dell 15 DC15250 KR0N9 - Nhập khẩu chính hãng,https://cellphones.com.vn/laptop-dell-15-dc15250-kr0n9.html
cellphones,Laptop ASUS TUF Gaming F16 FX607VU-RL045W,https://cellphones.com.vn/laptop-asus-tuf-gaming-f16-fx607vu-rl045w.html
cellphones,Laptop Dell 15 DC15250 71084746,https://cellphones.com.vn/laptop-dell-15-dc15250-71084746.html
cellphones,Laptop Lenovo LOQ 15AHP11 83TN0040VN,https://cellphones.com.vn/laptop-lenovo-loq-15ahp11-83tn0040vn.html
cellphones,Laptop ASUS VivoBook 16 X1607CA-MB980W,https://cellphones.com.vn/laptop-asus-vivobook-16-x1607ca-mb980w.html
cellphones,Laptop HP 250R G10 C3RV3AT,https://cellphones.com.vn/laptop-hp-250r-g10-c3rv3at.html
cellphones,Laptop Acer Aspire Lite 15 AL15-46P-R73C,https://cellphones.com.vn/laptop-acer-aspire-lite-15-al15-46p-r73c.html
cellphones,Laptop HP 14‑EM0023AU D0BG7PA,https://cellphones.com.vn/laptop-hp-14-em0023au-d0bg7pa.html
cellphones,Laptop Acer Predator Helios Neo 16S PHN16S-I51-98CX,https://cellphones.com.vn/laptop-acer-predator-helios-neo-16s-phn16s-i51-98cx.html
cellphones,Laptop HP Victus 15-FB3116AX BX8U4PA,https://cellphones.com.vn/laptop-hp-victus-15-fb3116ax-bx8u4pa.html
cellphones,Laptop Acer Gaming Nitro V 15 ANV15-41-R732,https://cellphones.com.vn/laptop-acer-gaming-nitro-v-15-anv15-41-r732.html
cellphones,Laptop ASUS Vivobook 15 X1504VA-BQ165W,https://cellphones.com.vn/laptop-asus-vivobook-15-x1504va-bq165w.html
cellphones,Laptop Acer Gaming Aspire 7 A715-59G-73LB,https://cellphones.com.vn/laptop-acer-gaming-aspire-7-a715-59g-73lb.html
cellphones,MacBook Air M4 15 inch 2025 10CPU 10GPU 24GB 256GB Sạc 70W | Chính hãng Apple Việt Nam,https://cellphones.com.vn/macbook-air-15-inch-m4-10cpu-10gpu-24gb-256gb-2025-sac-70w.html
cellphones,MacBook Air M5 13 inch 2026 10CPU 10GPU 16GB 512GB Sạc 30W | Chính hãng Apple Việt Nam,https://cellphones.com.vn/macbook-air-13-inch-m5-10-cpu-10-gpu-16gb-512gb-2026-sac-30w.html
cellphones,Laptop Dell 14 DC14250 C3U085W11SLU,https://cellphones.com.vn/laptop-dell-14-dc14250-c3u085w11slu.html
cellphones,Laptop ASUS VivoBook 14 A1407QA-LY114W,https://cellphones.com.vn/laptop-asus-vivobook-14-a1407qa-ly114w.html
cellphones,Laptop HP 250 G10 B73TQAT,https://cellphones.com.vn/laptop-hp-250-g10-b73tqat.html
cellphones,Laptop Dell 15 DC15255 G8MK9 - Nhập khẩu chính hãng,https://cellphones.com.vn/laptop-dell-15-dc15255-g8mk9.html
cellphones,Laptop Acer Gaming Predator Helios Neo 16S AI PHN16S-71-95MS,https://cellphones.com.vn/laptop-acer-gaming-predator-helios-neo-16s-ai-phn16s-71-95ms.html
cellphones,MacBook Air M5 13 inch 2026 10CPU 10GPU 24GB 512GB Sạc 70W | Chính hãng Apple Việt Nam,https://cellphones.com.vn/macbook-air-13-inch-m5-10-cpu-10-gpu-24gb-512gb-2026-sac-70w.html
cellphones,MacBook Air M5 13 inch 2026 10CPU 10GPU 16GB 1TB | Chính hãng Apple Việt Nam,https://cellphones.com.vn/macbook-air-13-m5-10-cpu-10-gpu-16gb-1tb.html
cellphones,Laptop Lenovo IdeaPad Slim 3 16IPH11 83US002TVN,https://cellphones.com.vn/laptop-lenovo-ideapad-slim-3-16iph11-83us002tvn.html
cellphones,Laptop HP 15-FD1289TU C2CV8PA,https://cellphones.com.vn/laptop-hp-15-fd1289tu-c2cv8pa.html
cellphones,MacBook Pro M5 Pro 14 inch 2026 15CPU 16GPU 24GB 1TB Sạc 96W | Chính hãng Apple Việt Nam,https://cellphones.com.vn/macbook-pro-14-inch-m5-pro-15cpu-16-gpu-24gb-1tb-2026-sac-96w.html
cellphones,Laptop Acer Gaming Predator Helios Neo 16 PHN16-I31-72XE,https://cellphones.com.vn/laptop-acer-gaming-predator-helios-neo-16-phn16-i31-72xe.html
cellphones,Laptop Lenovo LOQ 15IAX9E 83LK0079VN,https://cellphones.com.vn/laptop-lenovo-loq-15iax9e-83lk0079vn.html
cellphones,Laptop Lenovo ThinkBook 16 G9 IRL 21US008FVN,https://cellphones.com.vn/laptop-lenovo-thinkbook-16-g9-irl-21us008fvn.html
cellphones,Laptop Acer Gaming Nitro Lite 16 NL16-71G-56WQ,https://cellphones.com.vn/laptop-acer-gaming-nitro-lite-16-nl16-71g-56wq.html
cellphones,Laptop Dell 16 Plus DB16250 DB6U5387W1,https://cellphones.com.vn/laptop-dell-16-plus-db16250-db6u5387w1.html
cellphones,Laptop ASUS Vivobook S14 S3407VA-LY053W,https://cellphones.com.vn/laptop-asus-vivobook-s14-s3407va-ly053w.html
cellphones,Laptop Lenovo IdeaPad Slim 3 15ARP10 83K700YVVN,https://cellphones.com.vn/laptop-lenovo-ideapad-slim-3-15arp10-83k700yvvn.html
cellphones,Laptop Lenovo LOQ 15IRX9 83DV01ALVN,https://cellphones.com.vn/laptop-lenovo-loq-15irx9-83dv01alvn.html
cellphones,Laptop ASUS VivoBook 16 X1607CA-MB990W,https://cellphones.com.vn/laptop-asus-vivobook-16-x1607ca-mb990w.html
cellphones,MacBook Pro 14 M5 10CPU 10GPU 24GB 1TB | Chính hãng Apple Việt Nam,https://cellphones.com.vn/macbook-pro-14-inch-m5-24gb-1tb.html
cellphones,Laptop Acer Swift Go SFG14-41-R251,https://cellphones.com.vn/laptop-acer-swift-go-14-sfg14-41-r251.html
cellphones,Laptop Gigabyte Gaming A16 GA6H-CMHI2VN893SH,https://cellphones.com.vn/laptop-gigabyte-gaming-a16-ga6h-cmhi2vn893sh.html
cellphones,Laptop Acer Gaming Predator Helios Neo 16 AI PHN16-73-757W,https://cellphones.com.vn/laptop-acer-gaming-predator-helios-neo-16-ai-phn16-73-757w.html
cellphones,MacBook Air M4 15 inch 2025 10CPU 10GPU 16GB 512GB Sạc 70W | Chính hãng Apple Việt Nam,https://cellphones.com.vn/apple-macbook-air-15-m4-10cpu-10gpu-16gb-512gb-2025-sac-70w.html
cellphones,Laptop Lenovo LOQ 15IRX9 83DV01H3VN,https://cellphones.com.vn/laptop-lenovo-loq-15irx9-83dv01h3vn.html
cellphones,Apple MacBook Air M1 256GB 2020 I Chính hãng Apple Việt Nam,https://cellphones.com.vn/macbook-air-2020-m1.html
cellphones,MacBook Air M3 13 inch 2024 8GB - 256GB | Chính hãng Apple Việt Nam,https://cellphones.com.vn/macbook-air-m3-13-inch-2024.html
cellphones,Laptop Dell Inspiron 15 3530 J9XFD - Nhập khẩu chính hãng,https://cellphones.com.vn/laptop-dell-inspiron-15-3530-j9xfd.html
cellphones,Laptop ASUS Gaming V16 V3607VH-RP025W,https://cellphones.com.vn/laptop-asus-gaming-v16-v3607vh-rp025w.html
cellphones,Laptop ASUS Vivobook Go 15 E1504FA-BQ4821W,https://cellphones.com.vn/laptop-asus-vivobook-go-15-e1504fa-bq4821w.html
cellphones,Laptop Lenovo ThinkBook 14 G9 AHP 21V0005NVN,https://cellphones.com.vn/laptop-lenovo-thinkbook-14-g9-ahp-21v0005nvn.html
cellphones,Laptop Dell 15 DC15250 71073959,https://cellphones.com.vn/laptop-dell-15-dc15250-71073959.html
cellphones,Surface Pro 12 inch,https://cellphones.com.vn/laptop-surface-pro-12-inch-x-plus-16gb-512gb.html
cellphones,Laptop HP Gaming OMEN 16-AM0176TX BX9D3PA,https://cellphones.com.vn/laptop-hp-gaming-omen-16-am0176tx-bx9d3pa.html
cellphones,Laptop HP 14-EP0110TU 8C5K9PA,https://cellphones.com.vn/laptop-hp-14-ep0110tu-8c5k9pa.html
cellphones,MacBook Air M4 15 inch 2025 10CPU 10GPU 16GB 256GB Sạc 70W | Chính hãng Apple Việt Nam,https://cellphones.com.vn/apple-macbook-air-15-m4-10cpu-10gpu-16gb-256gb-2025-sac-70w.html
cellphones,Laptop Acer Gaming Predator Helios Neo 16 PHN16-I31-50H7,https://cellphones.com.vn/laptop-acer-gaming-predator-helios-neo-16-phn16-i31-50h7.html
cellphones,Laptop Acer Gaming Nitro Lite 16 NL16-71G-71UJ,https://cellphones.com.vn/laptop-acer-gaming-nitro-lite-16-nl16-71g-71uj.html
hoanghamobile,ASUS Zenbook chip ADM Ryzen AI 400,https://hoanghamobile.com/laptop/asus
hoanghamobile,Macbook Neo,https://hoanghamobile.com/laptop/macbook-neo-256gb
hoanghamobile,"Laptop Lenovo | Bền bỉ bên ngoài, mạnh mẽ bên trong",https://hoanghamobile.com/laptop/lenovo
hoanghamobile,MacBook,https://hoanghamobile.com/laptop/macbook
hoanghamobile,Laptop MSI,https://hoanghamobile.com/laptop/msi
hoanghamobile,Laptop Dell,https://hoanghamobile.com/laptop/dell
hoanghamobile,Laptop HP,https://hoanghamobile.com/laptop/hp
hoanghamobile,LG gram,https://hoanghamobile.com/laptop/lg-gram
hoanghamobile,Laptop Acer,https://hoanghamobile.com/laptop/acer
hoanghamobile,Laptop văn phòng - sinh viên,https://hoanghamobile.com/laptop/van-phong-sinh-vien
hoanghamobile,Laptop đồ họa - kĩ thuật,https://hoanghamobile.com/laptop/do-hoa-ki-thuat
hoanghamobile,Laptop gaming,https://hoanghamobile.com/laptop/gaming
hoanghamobile,Laptop AI,https://hoanghamobile.com/laptop/ai
hoanghamobile,MacBook Air M5 13 inch 10CPU 8GPU 16GB/512GB,https://hoanghamobile.com/laptop/macbook-air-m5
hoanghamobile,MacBook Air M5 13 inch 10CPU 10GPU 16GB/1TB,https://hoanghamobile.com/laptop/macbook-air-m5-16gb-1tb
hoanghamobile,MacBook Air M5 15 inch 10CPU 10GPU 16GB/512GB,https://hoanghamobile.com/laptop/macbook-air-m5-15-inch
hoanghamobile,MacBook Air M5 13 inch 10CPU 10GPU 16GB/512GB,https://hoanghamobile.com/laptop/macbook-air-m5-16gb-512gb
hoanghamobile,MacBook Air M5 13 inch 10CPU 8GPU 16GB/512GB - Sạc nhanh 70W,https://hoanghamobile.com/laptop/macbook-air-m5-16gb-512gb-70w
hoanghamobile,MacBook Pro 14 inch M5 10CPU 10GPU (16GB/1TB),https://hoanghamobile.com/laptop/macbook-pro-14-inch-m5-10cpu-10gpu-16gb-1tb
hoanghamobile,Laptop Lenovo LOQ 15IRX10 83JE00PEVN,https://hoanghamobile.com/laptop/laptop-lenovo-loq-15irx10-83je00pevn
hoanghamobile,Laptop ASUS ExpertBook P1 P1503CVA-C3U08-50W,https://hoanghamobile.com/laptop/asus-expertbook-p1-p1503cva-c3u08-50w
hoanghamobile,Laptop ASUS TUF Gaming A15 FA506NCG-HN329W,https://hoanghamobile.com/laptop/asus-tuf-gaming-a15-fa506ncg-hn329w
hoanghamobile,"Laptop Dell Latitude 3450 (i3-1315U/8GB/256GB/14""/W11/Đen) - NK chính hãng",https://hoanghamobile.com/laptop/dell-latitude-3450
hoanghamobile,Asus Vivobook Go E1504FA BQ340W (R5-7520U/16GB/512GB/15.6 inch/W11/Bạc),https://hoanghamobile.com/laptop/asus-vivobook-go-15-e1504fa-bq340w
hoanghamobile,MacBook Neo 2026 8GB/512GB,https://hoanghamobile.com/laptop/macbook-neo-512gb
hoanghamobile,ASUS Vivobook S,https://hoanghamobile.com/laptop/asus-vivobook-s
hoanghamobile,Laptop Mobell,https://hoanghamobile.com/laptop/mobell
hoanghamobile,Laptop ASUS Vivobook 14 X1407CA-LY008W,https://hoanghamobile.com/laptop/asus-vivobook-14-x1407ca-ly008w
hoanghamobile,Laptop Acer Aspire Lite 14 AL14-52M-52UU,https://hoanghamobile.com/laptop/acer-aspire-lite-14-al14-52m-52uu
hoanghamobile,Laptop ASUS Vivobook X1404VA-EB355W,https://hoanghamobile.com/laptop/laptop-asus-vivobook-x1404va-eb355w
hoanghamobile,Laptop Lenovo IdeaPad Slim 3 14IPH11 83UQ000JVN,https://hoanghamobile.com/laptop/lenovo-ideapad-slim-3-14iph11-83uq000jvn
hoanghamobile,Laptop ASUS TUF Gaming F16 FX608JHI-TU209W,https://hoanghamobile.com/laptop/asus-tuf-gaming-f16-fx608jhi-tu209w
hoanghamobile,Laptop ASUS TUF Gaming F16 FX608JMI-TU241W,https://hoanghamobile.com/laptop/asus-tuf-gaming-f16-fx608jmi-tu241w
hoanghamobile,Laptop Dell 15 DC15250 71092480,https://hoanghamobile.com/laptop/dell-15-dc15250-71092480
hoanghamobile,Laptop MSI Modern 15 H C2RMG-292VN,https://hoanghamobile.com/laptop/laptop-msi-modern-15-h-c2rmg-292vn
hoanghamobile,Laptop Lenovo IdeaPad Slim 3 14IRH10 83K00009VN,https://hoanghamobile.com/laptop/laptop-lenovo-ideapad-slim-3-14irh10-83k00009vn
hoanghamobile,Laptop Dell 14 DC14250 DC4C5386W,https://hoanghamobile.com/laptop/dell-14-dc14250-dc4c5386w
hoanghamobile,Laptop Asus Vivobook 14 M1405NAQ-LY010W,https://hoanghamobile.com/laptop/laptop-asus-vivobook-14-m1405naq-ly010w
hoanghamobile,Laptop ASUS ExpertBook B1 BM1403CDA-S61611W,https://hoanghamobile.com/laptop/asus-expertbook-b1-bm1403cda-s61611w
hoanghamobile,Laptop ASUS Vivobook S14 S3407VA LY146W,https://hoanghamobile.com/laptop/asus-vivobook-s14-s3407va-ly146w
hoanghamobile,ASUS Vivobook S14 S3407VA-LY256W (Core 7-240H/16GB/512GB/14 inch/W11/Bạc),https://hoanghamobile.com/laptop/asus-vivobook-s14-s3407va-ly256w
hoanghamobile,ASUS Vivobook Go 14 E1404FA-EB935W,https://hoanghamobile.com/laptop/asus-vivobook-go-14-e1404fa-eb935w
hoanghamobile,HP Pavilion 15-eg3094TU (8C5L5PA),https://hoanghamobile.com/laptop/laptop-hp-pavilion-15-eg3094tu-8c5l5pa-chinh-hang
hoanghamobile,HP Pavilion 15-EG3092TU (8C5L3PA),https://hoanghamobile.com/laptop/hp-pavilion-15-eg3092tu-8c5l3pa
hoanghamobile,Laptop MSI Thin 15 B13UC-3247VN,https://hoanghamobile.com/laptop/laptop-msi-thin-15-b13uc-3247vn
hoanghamobile,HP VICTUS 15 FA2452TX-D44VLPA,https://hoanghamobile.com/laptop/hp-victus-15-fa2452tx-d44vlpa
hoanghamobile,Laptop Lenovo IdeaPad Slim 5 15ARP10 83J3001DVN,https://hoanghamobile.com/laptop/laptop-lenovo-ideapad-slim-5-15arp10-83j3001dvn
hoanghamobile,Laptop Asus ExpertBook P1403CVA-C5H08-50W,https://hoanghamobile.com/laptop/asus-expertbook-p1403cva-c5h08-50w
hoanghamobile,Lenovo IdeaPad Slim 3 14IWC11 83RQ002PVN (I5-320/8GB/512GB/14 inch/Win11),https://hoanghamobile.com/laptop/lenovo-ideapad-slim-3-14iwc11-83rq002pvn
hoanghamobile,"MacBook Pro 14"" M4 Max 36GB/1TB",https://hoanghamobile.com/laptop/macbook-pro-m4-max-14-inch-36gb-1tb
hoanghamobile,"MacBook Pro 16"" M4 Pro 24GB/512GB",https://hoanghamobile.com/laptop/macbook-pro-m4-pro-16-inch-24gb-512gb
hoanghamobile,"MacBook Pro 16"" M4 Max 48GB/1TB",https://hoanghamobile.com/laptop/macbook-pro-m4-max-16-inch-48gb-1tb
hoanghamobile,"MacBook Pro 16"" M4 Pro 48GB/512GB",https://hoanghamobile.com/laptop/macbook-pro-m4-pro-16-inch-48gb-512gb
hoanghamobile,MacBook Air M4 13 inch 16GB/512GB,https://hoanghamobile.com/laptop/macbook-air-m4-13-6-inch-16gb-512gb
hoanghamobile,MacBook Air M4 13 inch 24GB/512GB,https://hoanghamobile.com/laptop/macbook-air-m4-13-6-inch-24gb-512gb
hoanghamobile,MacBook Air M4 15 inch 16GB/256GB,https://hoanghamobile.com/laptop/macbook-air-m4-15-3-inch-16gb-256gb
hoanghamobile,MacBook Air M4 15 inch 16GB/512GB,https://hoanghamobile.com/laptop/macbook-air-m4-15-3-inch-16gb-512gb
hoanghamobile,MacBook Air M4 15 inch 24GB/512GB,https://hoanghamobile.com/laptop/macbook-air-m4-15-3-inch-24gb-512gb
hoanghamobile,MacBook Pro 14 inch M5 10CPU 10GPU (16GB/512GB),https://hoanghamobile.com/laptop/macbook-pro-14-inch-m5-10cpu-10gpu-16gb-512gb
hoanghamobile,MacBook Pro M5 Pro 14 inch 15CPU 16GPU 24GB/1TB,https://hoanghamobile.com/laptop/macbook-pro-m5-pro-1tb
hoanghamobile,MacBook Pro M5 14 inch 10CPU 10GPU 32GB/1TB,https://hoanghamobile.com/laptop/macbook-pro-m5-32gb
hoanghamobile,MacBook Pro M5 Pro 14 inch 18CPU 20GPU 24GB/2TB,https://hoanghamobile.com/laptop/macbook-pro-m5-pro-18cpu
hoanghamobile,MacBook Pro M5 Max 14 inch 18CPU 32GPU 36GB/2TB,https://hoanghamobile.com/laptop/macbook-pro-m5-max
hoanghamobile,MacBook Pro M5 Pro 16 inch 18CPU 20GPU 24GB/1TB,https://hoanghamobile.com/laptop/macbook-pro-m5-pro-16-inch
hoanghamobile,MacBook Pro M5 Pro 16 inch 18CPU 20GPU 48GB/1TB,https://hoanghamobile.com/laptop/macbook-pro-m5-pro-16-inch-48gb
hoanghamobile,MacBook Pro M5 Max 16 inch 18CPU 32GPU 36GB/2TB,https://hoanghamobile.com/laptop/macbook-pro-m5-max-16-inch
hoanghamobile,MacBook Pro M5 Max 16 inch 18CPU 40GPU 48GB/2TB,https://hoanghamobile.com/laptop/macbook-pro-m5-max-16-inch-48gb
hoanghamobile,Laptop Lenovo IdeaPad Slim 5 14IMH10 83V6001GVN,https://hoanghamobile.com/laptop/lenovo-ideapad-slim-5-14imh10-83v6001gvn
hoanghamobile,Dell Inspiron 14 5440 (N4I5211W1),https://hoanghamobile.com/laptop/laptop-dell-inspiron-14-5440-n4i5211w1
hoanghamobile,MacBook Pro 14 inch M5 10CPU 10GPU (24GB/1TB),https://hoanghamobile.com/laptop/macbook-pro-14-inch-m5-10cpu-10gpu-24gb-1tb
hoanghamobile,"MacBook Pro 14"" M4 16GB/512GB",https://hoanghamobile.com/laptop/macbook-pro-m4-14-inch-16gb-512gb
hoanghamobile,"MacBook Pro 14"" M4 16GB/1TB",https://hoanghamobile.com/laptop/macbook-pro-m4-14-inch-16gb-1tb
hoanghamobile,"MacBook Pro 14"" M4 Pro 24GB/512GB",https://hoanghamobile.com/laptop/macbook-pro-m4-pro-14-inch-24gb-512gb
hoanghamobile,MacBook Air M4 13 inch 16GB/256GB,https://hoanghamobile.com/laptop/macbook-air-m4-13-6-inch-16gb-256gb
hoanghamobile,Laptop Dell 15 DC15250 DC5I7952W1,https://hoanghamobile.com/laptop/laptop-dell-15-dc15250-dc5i7952w1
hoanghamobile,MacBook Air M5 13 inch 10CPU 10GPU 24GB/1TB,https://hoanghamobile.com/laptop/macbook-air-m5-24gb-1tb
hoanghamobile,MacBook Air M5 15 inch 10CPU 10GPU 16GB/1TB,https://hoanghamobile.com/laptop/macbook-air-m5-15-inch-16gb-1tb
hoanghamobile,MacBook Air M5 15 inch 10CPU 10GPU 24GB/1TB,https://hoanghamobile.com/laptop/macbook-air-m5-15-inch-24gb-1tb
hoanghamobile,MacBook Pro M5 Pro 14 inch 15CPU 16GPU 24GB/2TB,https://hoanghamobile.com/laptop/macbook-pro-m5-pro-2tb
hoanghamobile,Laptop Acer Gaming Predator Helios Neo 16 PHN16-I31-50H7 NH.U4SSV.001,https://hoanghamobile.com/laptop/acer-gaming-predator-helios-neo-16-phn16-i31-50h7-nh-u4ssv-001
hoanghamobile,Laptop Acer Gaming Predator Helios Neo 16 PHN16-I31-74MN NH.U4SSV.002,https://hoanghamobile.com/laptop/acer-gaming-predator-helios-neo-16-phn16-i31-74mn-nh-u4ssv-002
hoanghamobile,Laptop Acer Gaming Predator Helios Neo 16 PHN16-I31-72XE NH.U4RSV.001,https://hoanghamobile.com/laptop/acer-gaming-predator-helios-neo-16-phn16-i31-72xe-nh-u4rsv-001
laptopworld,Laptop MSI Venture A14 AI+ A3HMG-004VN (Ryzen AI 5 340 | 16GB | 512GB | AMD Radeon™ Graphics | 14inch 2.8K OLED 120Hz | Win 11 | Xám),https://laptopworld.vn/laptop-msi-venture-a14-ai-a3hmg-004vn
laptopworld,Laptop LG Gram Pro 16Z90U-G.AN55A5 (Ultra 5 325 | 16GB | 512GB | Intel® graphics | 16 inch WQXGA 60Hz | Win 11 | Đen),https://laptopworld.vn/laptop-lg-gram-pro-16z90u-g-an55a5
laptopworld,Laptop ASUS ExpertBook P1 P1503CVA-C5H16-63WS (Core 5 210H | 16GB | 512GB | Intel® Graphics | 15.6inch FHD | Win11 | Office | Xám),https://laptopworld.vn/laptop-asus-expertbook-p1-p1503cva-c5h16-63ws
laptopworld,Laptop ASUS ExpertBook P1 P1403CVA-C5H16-63WS (Core 5 210H | 16GB | 512GB | Intel® Graphics | 14.0inch FHD | Win11 | Office | Xám),https://laptopworld.vn/laptop-asus-expertbook-p1-p1403cva-c5h16-63ws
laptopworld,Laptop ASUS Zenbook 14 UX3405CA-ST628W (Ultra 5 225H | 16GB | 512GB | Intel® Arc™ Graphics | 14.0inch 3K OLED | Win 11 | Xanh),https://laptopworld.vn/laptop-asus-zenbook-14-ux3405ca-st628w
laptopworld,Lenovo IdeaPad Slim 3 15Q8X10 83N3002PVN (Snapdragon® X X1-26-100 | 16GB | 512GB | Qualcomm® Adreno™ | 15.3 inch WUXGA | Win 11 | Office | Xám),https://laptopworld.vn/lenovo-ideapad-slim-3-15q8x10-83n3002pvn
laptopworld,Laptop ASUS Vivobook S14 M3407HA-SF480W (Ryzen™ 5 220 | 16GB | 512GB | AMD Radeon™ Graphics | 14inch WUXGA OLED | Win 11 | Xám),https://laptopworld.vn/laptop-asus-vivobook-s14-m3407ha-sf480w
laptopworld,Laptop Lenovo Thinkbook 14 G9 IRL 21UY008XVN (Core 5 210H | 16GB | 512GB | Intel® Graphics |14inch WUXGA | Win 11 | Xám),https://laptopworld.vn/laptop-lenovo-thinkbook-14-g9-irl-21uy008xvn
laptopworld,Laptop Asus ExpertBook B3 B3405CCA-LY0077W (Ultra 5 225H | 16GB | 512GB | Intel Graphics | 14inch WUXGA | Win11 | Xám ),https://laptopworld.vn/laptop-asus-expertbook-b3-b3405cca-ly0077w
laptopworld,Laptop LG Gram Pro 16Z90U-G.AV85A5 (Ultra 7 355 | 32GB | 512GB | Intel® graphics | 16 inch WQXGA 60Hz | Win 11 | Đen),https://laptopworld.vn/laptop-lg-gram-pro-16z90u-g-av85a5
laptopworld,Laptop ASUS Vivobook S16 M3607GA-SH034W (Ryzen™ AI 7 445 | 16GB | 512GB | AMD Radeon Graphics | 16inch WUXGA OLED | Win 11 | Xám),https://laptopworld.vn/laptop-asus-vivobook-s16-m3607ga-sh034w
laptopworld,Laptop ASUS ExpertBook P3 G1 P3606CCAP-U516W (Ultra 5 225H | 16GB | 512GB | Intel® Arc™ Graphics | 16.0inch WUXGA | Win 11 | Xám),https://laptopworld.vn/laptop-asus-expertbook-p3-g1-p3606ccap-u516w
laptopworld,Laptop ASUS ExpertBook P1 P1503CVAY-308D4256-63WS (Core™ 3 100U | 8GB | 256GB | Intel® Graphics | 15.6inch FHD | Win 11 | Office | Xám),https://laptopworld.vn/laptop-asus-expertbook-p1-p1503cvay-308d4256-63ws
laptopworld,Laptop ASUS ExpertBook P1 P1503CVAY-516D4-63WS (Core™ 5 210H | 16GB | 512GB | Intel® Graphics | 15.6inch FHD | Win 11 | Office | Xám),https://laptopworld.vn/laptop-asus-expertbook-p1-p1503cvay-516d4-63ws
laptopworld,Laptop ASUS ExpertBook P1 P1503CVAY-716D4-63WS (Core 7 240H | 16GB | 512GB | Intel® Graphics | 15.6inch FHD | Win 11 | Office | Xám),https://laptopworld.vn/laptop-asus-expertbook-p1-p1503cvay-716d4-63ws
laptopworld,Laptop ASUS ExpertBook P1 P1403CVAY-716D4-63WS (Core 7 240H | 16GB | 512GB | Intel® Graphics | 14inch FHD | Win 11 | Office | Xám),https://laptopworld.vn/laptop-asus-expertbook-p1-p1403cvay-716d4-63ws
laptopworld,Laptop MSI Prestige 14 Flip AI+ Vincent van Gogh Edition - Starry Night Over the Rhone-260VN (Ultra X9 378H | 32GB | 1TB | Intel® Arc Graphics | 14inch FHD+ OLED | Cảm ứng | Bút cảm ứng | Win 11 | The Starry Night),https://laptopworld.vn/laptop-msi-prestige-14-flip-ai-vincent-van-gogh-edition-starry-night-over-the-rhone-260vn
laptopworld,Laptop MSI Prestige 14 Flip AI+ Vincent van Gogh Edition - The Starry Night-259VN (Ultra X9 378H | 32GB | 1TB | Intel® Arc Graphics | 14inch FHD+ OLED | Cảm ứng | Bút cảm ứng | Win 11 | The Starry Night),https://laptopworld.vn/laptop-msi-prestige-14-flip-ai-vincent-van-gogh-edition-the-starry-night-259vn
laptopworld,Laptop Lenovo IdeaPad Slim 3 16IWC11 83RS002KVN (Core™ 5 320 | 8GB | 512GB | Intel® Graphics | 16inch WUXGA | Win 11 | Xám),https://laptopworld.vn/laptop-lenovo-ideapad-slim-3-16iwc11-83rs002kvn
laptopworld,Laptop Lenovo IdeaPad Slim 3 14IPH11 83UQ006VVN (Ultra 7 355 | 16GB | 512GB | Intel® Graphics | 14inch WUXGA | Win 11 | Office | Xám),https://laptopworld.vn/laptop-lenovo-ideapad-slim-3-14iph11-83uq006vvn
laptopworld,Laptop Lenovo IdeaPad Slim 3 14IPH11 83UQ006UVN (Ultra 5 322 | 16GB | 512GB | Intel® Graphics | 14inch WUXGA | Win 11 | Office | Xám),https://laptopworld.vn/laptop-lenovo-ideapad-slim-3-14iph11-83uq006uvn
laptopworld,Laptop Lenovo IdeaPad Slim 5 15IWC11 83UF000DVN (Core™ 7 350 | 32GB | 512GB | Intel® Graphics | 15.3inch WQXGA | Win 11 | Office | Xám),https://laptopworld.vn/laptop-lenovo-ideapad-slim-5-15iwc11-83uf000dvn
laptopworld,Laptop Lenovo IdeaPad Slim 5 15IWC11 83UF000CVN (Core™ 5 315 | 16GB | 512GB | Intel® Graphics | 15.3inch WQXGA | Win 11 | Office | Xám),https://laptopworld.vn/laptop-lenovo-ideapad-slim-5-15iwc11-83uf000cvn
laptopworld,Laptop Lenovo IdeaPad Slim 5 13IWC11 83UE000UVN (Core™ 5 315 | 16GB | 512GB | Intel® Graphics | 13.3inch WQXGA | Win 11 | Office | Xám),https://laptopworld.vn/laptop-lenovo-ideapad-slim-5-13iwc11-83ue000uvn
laptopworld,Laptop Dell,https://laptopworld.vn/may-tinh-xach-tay/laptop-dell.html
laptopworld,Dell Inspiron Series,https://laptopworld.vn/laptop-dell/dell-inspiron-series.html
laptopworld,Dell Inspiron 3000 Series,https://laptopworld.vn/dell-inspiron-3000-series.html
laptopworld,Dell Inspiron 5000 Series,https://laptopworld.vn/dell-inspiron-5000-series.html
laptopworld,Dell Inspiron 7000 Series,https://laptopworld.vn/dell-inspiron-7000-series.html
laptopworld,Dell Latitude Series,https://laptopworld.vn/laptop-dell/dell-latitude-series.html
laptopworld,Dell Latitude 3000 Series,https://laptopworld.vn/dell-latitude-3000-series
laptopworld,Dell Latitude 5000 Series,https://laptopworld.vn/dell-latitude-5000-series
laptopworld,Dell XPS Series,https://laptopworld.vn/laptop-dell/dell-xps-series.html
laptopworld,XPS 16inch,https://laptopworld.vn/xps-16inch
laptopworld,XPS 14inch,https://laptopworld.vn/xps-14inch
laptopworld,XPS 13inch,https://laptopworld.vn/xps-13inch.html
laptopworld,Laptop Asus,https://laptopworld.vn/may-tinh-xach-tay/laptop-asus.html
laptopworld,Asus Zenbook,https://laptopworld.vn/asus-zenbook.html
laptopworld,Zenbook 14 inch,https://laptopworld.vn/zenbook-14-inch.html
laptopworld,Zenbook 16 inch,https://laptopworld.vn/zenbook-16-inch.html
laptopworld,"Asus Vivobook S, K",https://laptopworld.vn/asus-vivobook-s-k
laptopworld,Vivobook S16 S3607,https://laptopworld.vn/vivobook-s16-s3607
laptopworld,Vivobook S14 S3407,https://laptopworld.vn/vivobook-s14-s3407
laptopworld,Vivobook 14 S5406,https://laptopworld.vn/vivobook-14-s5406
laptopworld,Vivobook S 16 S5606,https://laptopworld.vn/vivobook-s-16-s5606
laptopworld,Asus Vivobook M,https://laptopworld.vn/asus-vivobook-m
laptopworld,Vivobook 15 M1502,https://laptopworld.vn/vivobook-15-m1502
laptopworld,Vivobook 14 M1407,https://laptopworld.vn/vivobook-14-m1407
laptopworld,Vivobook S14 M3407,https://laptopworld.vn/vivobook-s14-m3407
laptopworld,Vivobook S16 M3607,https://laptopworld.vn/vivobook-s16-m3607
laptopworld,Asus Vivobook X,https://laptopworld.vn/asus-vivobook-x
laptopworld,Vivobook 16 X1607,https://laptopworld.vn/vivobook-16-x1607
laptopworld,Vivobook 14 X1404,https://laptopworld.vn/vivobook-14-x1404.html
laptopworld,Vivobook 15 X1504,https://laptopworld.vn/vivobook-15-x1504.html
laptopworld,Asus Vivobook Go,https://laptopworld.vn/asus-vivobook-go.html
laptopworld,Vivobook Go 15,https://laptopworld.vn/vivobook-go-15.html
laptopworld,Laptop Asus ExpertBook,https://laptopworld.vn/laptop-asus-expertbook
laptopworld,Asus ExpertBook B,https://laptopworld.vn/asus-expertbook-b
laptopworld,Asus ExpertBook B3,https://laptopworld.vn/asus-expertbook-b3
laptopworld,Asus ExpertBook B9,https://laptopworld.vn/asus-expertbook-b9
laptopworld,Asus ExpertBook P1,https://laptopworld.vn/asus-expertbook-p1
laptopworld,Asus ExpertBook P3,https://laptopworld.vn/asus-expertbook-p3
laptopworld,Asus ExpertBook P5,https://laptopworld.vn/asus-expertbook-p5
laptopworld,Laptop lenovo thinkpad,https://laptopworld.vn/may-tinh-xach-tay/laptop-lenovo-thinkpad.html
laptopworld,Lenovo Thinkpad E,https://laptopworld.vn/laptop-lenovo-thinkpad/lenovo-thinkpad-e.html
laptopworld,Lenovo ThinkPad E14,https://laptopworld.vn/lenovo-thinkpad-e14.html
laptopworld,Lenovo ThinkPad E16,https://laptopworld.vn/lenovo-thinkpad-e16
laptopworld,Lenovo Thinkpad X,https://laptopworld.vn/laptop-lenovo-thinkpad/lenovo-thinkpad-x.html
laptopworld,ThinkPad X1,https://laptopworld.vn/thinkpad-x1
laptopworld,ThinkPad X13,https://laptopworld.vn/thinkpad-x13
laptopworld,ThinkPad X9,https://laptopworld.vn/thinkpad-x9
laptopworld,Lenovo Thinkpad T,https://laptopworld.vn/lenovo-thinkpad-t
laptopworld,ThinkPad T14 / T14s,https://laptopworld.vn/thinkpad-t14-t14s
laptopworld,ThinkPad T16,https://laptopworld.vn/thinkpad-t16
laptopworld,Lenovo ThinkPad L,https://laptopworld.vn/lenovo-thinkpad-l.html
laptopworld,Lenovo Thinkbook,https://laptopworld.vn/lenovo-thinkbook.html
laptopworld,Lenovo ThinkBook 14,https://laptopworld.vn/lenovo-thinkbook-14.html
laptopworld,Lenovo ThinkBook 16,https://laptopworld.vn/lenovo-thinkbook-16.html
laptopworld,Lenovo Thinkpad P,https://laptopworld.vn/lenovo-thinkpad-p.html
laptopworld,Lenovo ThinkPad P16,https://laptopworld.vn/lenovo-thinkpad-p16
laptopworld,Lenovo ThinkPad P14,https://laptopworld.vn/lenovo-thinkpad-p14
laptopworld,Laptop HP,https://laptopworld.vn/laptop-hp.html
laptopworld,HP Pavilion Series,https://laptopworld.vn/laptop-hp/hp-pavilion-series.html
laptopworld,HP Pavilion 15,https://laptopworld.vn/hp-pavilion-15.html
laptopworld,HP Probook Series,https://laptopworld.vn/laptop-hp/hp-probook-series.html
laptopworld,HP Probook 460/465,https://laptopworld.vn/hp-probook-460
laptopworld,HP ProBook 450,https://laptopworld.vn/hp-probook-450
laptopworld,HP ProBook 440,https://laptopworld.vn/hp-probook-440
laptopworld,HP ProBook 4 G1i,https://laptopworld.vn/hp-probook-4-g1i
laptopworld,HP EliteBook Series,https://laptopworld.vn/hp-elitebook-series.html
laptopworld,HP EliteBook 8,https://laptopworld.vn/hp-elitebook-8
laptopworld,HP EliteBook X,https://laptopworld.vn/hp-elitebook-x
laptopworld,HP EliteBook Ultra,https://laptopworld.vn/hp-elitebook-ultra
laptopworld,HP EliteBook 6,https://laptopworld.vn/hp-elitebook-6
laptopworld,HP Elitebook 630,https://laptopworld.vn/hp-elitebook-630
laptopworld,HP EliteBook Dragon Fly G4,https://laptopworld.vn/hp-elitebook-dragon-fly-g4
laptopworld,HP EliteBook 640,https://laptopworld.vn/hp-elitebook-640
laptopworld,HP OmniBook Series,https://laptopworld.vn/hp-omnibook
laptopworld,HP OmniBook 5,https://laptopworld.vn/hp-omnibook-5
laptopworld,HP OmniBook 7,https://laptopworld.vn/hp-omnibook-7
laptopworld,HP OmniBook X Flip,https://laptopworld.vn/hp-omnibook-x
laptopworld,Laptop LG Gram,https://laptopworld.vn/laptop-lg-gram.html
laptopworld,LG Gram,https://laptopworld.vn/lg-gram
laptopworld,LG Gram 14inch,https://laptopworld.vn/lg-gram-2024-14inch
laptopworld,LG Gram 15inch,https://laptopworld.vn/lg-gram-15inch
laptopworld,LG Gram 16inch,https://laptopworld.vn/lg-gram-16inch
laptopworld,LG Gram 17inch,https://laptopworld.vn/lg-gram-17inch
laptopworld,Laptop Acer,https://laptopworld.vn/laptop-acer
laptopworld,Acer Swift,https://laptopworld.vn/acer-swift.html
laptopworld,Acer Swift Edge,https://laptopworld.vn/acer-swift-edge
laptopworld,Acer Swift Go,https://laptopworld.vn/acer-swift-go.html
laptopworld,Acer Swift 14,https://laptopworld.vn/acer-swift-14
laptopworld,Acer Aspire,https://laptopworld.vn/acer-aspire.html
laptopworld,Acer Aspire 5,https://laptopworld.vn/acer-aspire-5.html
laptopworld,Aspire Go,https://laptopworld.vn/aspire-go
laptopworld,Aspire Lite,https://laptopworld.vn/aspire-lite
laptopworld,Acer Aspire Lite 14,https://laptopworld.vn/acer-aspire-lite-14
laptopworld,Acer Aspire Lite 15,https://laptopworld.vn/acer-aspire-lite-15
laptopworld,Laptop MSI,https://laptopworld.vn/laptop-msi
laptopworld,MSI Prestige 13 Series,https://laptopworld.vn/msi-prestige-13-series.html
laptopworld,MSI Prestige 14 Series,https://laptopworld.vn/msi-prestige.html
laptopworld,MSI Prestige 16 Series,https://laptopworld.vn/msi-prestige-16-series.html
laptopworld,MSI Modern 14/15/16,https://laptopworld.vn/msi-modern-141516
laptopworld,MSI Modern 15 Series,https://laptopworld.vn/msi-modern-15-series.html
laptopworld,MSI Modern 14 Series,https://laptopworld.vn/msi-modern-14-series
laptopworld,MSI Modern 16 Series,https://laptopworld.vn/msi-modern-16-series
laptopworld,Laptop Lenovo,https://laptopworld.vn/laptop-lenovo
laptopworld,Lenovo Ideapad,https://laptopworld.vn/lenovo-ideapad.html
laptopworld,IdeaPad Slim 3,https://laptopworld.vn/ideapad-slim-3
laptopworld,Ideapad Slim 5,https://laptopworld.vn/ideapad-slim-5
laptopworld,IdeaPad 5 2in1,https://laptopworld.vn/ideapad-flex-5
laptopworld,Laptop công nghệ AI,https://laptopworld.vn/laptop-cong-nghe-ai
laptopworld,MSI Stealth Series,https://laptopworld.vn/msi-stealth-series
laptopworld,MSI Katana Series,https://laptopworld.vn/msi-katana-series
laptopworld,MSI Cyborg Series,https://laptopworld.vn/msi-cyborg-series.html
laptopworld,Gaming Vivobook,https://laptopworld.vn/gaming-vivobook
laptopworld,Lenovo LOQ,https://laptopworld.vn/lenovo-loq
laptopworld,Lenovo Legion,https://laptopworld.vn/lenovo-legion-2025
laptopworld,Legion Pro 7,https://laptopworld.vn/legion-pro-7-1
laptopworld,Legion Pro 5,https://laptopworld.vn/legion-pro-5-1
laptopworld,Legion 5,https://laptopworld.vn/legion-5-1-2
laptopworld,Legion 7,https://laptopworld.vn/legion-7-1
laptopworld,Gigabyte AORUS Series,https://laptopworld.vn/gigabyte-aorus.html
laptopworld,Acer Gaming Aspire,https://laptopworld.vn/acer-gaming-aspire
laptopworld,Acer Gaming Aspire 7,https://laptopworld.vn/acer-gaming-aspire-7
laptopworld,Acer Gaming Nitro,https://laptopworld.vn/acer-gaming-nitro
laptopworld,Acer Gaming Nitro V,https://laptopworld.vn/acer-gaming-nitro-v
laptopworld,Acer Gaming Nitro Lite,https://laptopworld.vn/acer-gaming-nitro-lite
laptopworld,Acer Nitro ProPanel,https://laptopworld.vn/acer-nitro-propanel
laptopworld,Acer Gaming Predator,https://laptopworld.vn/acer-gaming-predator
laptopworld,Acer Predator Helios Neo 2025,https://laptopworld.vn/acer-predator-helios-neo-2025
laptopworld,Acer Predator Helios Neo 2026,https://laptopworld.vn/acer-predator-helios-neo-2026
laptopworld,Acer Predator Triton,https://laptopworld.vn/acer-predator-triton
laptopworld,HP Victus,https://laptopworld.vn/hp-victus.html
laptopworld,Laptop công nghệ AI,https://laptopworld.vn/laptop-cong-nghe-ai-1
laptopworld,Laptop Apple,https://laptopworld.vn/san-pham-apple/laptop-apple.html
laptopworld,Macbook Air M5 (2026),https://laptopworld.vn/macbook-air-m5-2026
laptopworld,Macbook Air M5 13.6inch,https://laptopworld.vn/macbook-air-m5-136inch
laptopworld,Macbook Air M5 15.3inch,https://laptopworld.vn/macbook-air-m5-153inch
laptopworld,MacBook Pro M5 PRO (2026),https://laptopworld.vn/macbook-pro-m5-pro-2026
laptopworld,MacBook Pro 14inch M5 PRO,https://laptopworld.vn/macbook-pro-14inch-m5-pro
laptopworld,MacBook Pro 16inch M5 PRO,https://laptopworld.vn/macbook-pro-16inch-m5-pro
laptopworld,MacBook Pro M5 MAX (2026),https://laptopworld.vn/macbook-pro-m5-max-2026
laptopworld,MacBook Neo (2026),https://laptopworld.vn/macbook-neo-2026
laptopworld,MacBook Pro M5 (2025),https://laptopworld.vn/macbook-pro-m5-2025
laptopworld,MacBook Pro 14 inch M5 (2025),https://laptopworld.vn/macbook-pro-14-inch-m5-2025
laptopworld,Lenovo Legion Tab,https://laptopworld.vn/lenovo-legion-tab
laptopworld,Túi xách Laptop,https://laptopworld.vn/tui-boc-tui-xach-ba-lo/tui-xach-laptop.html
laptopworld,Túi chống sốc laptop,https://laptopworld.vn/tui-boc-tui-xach-ba-lo/tui-chong-soc-laptop.html
laptopworld,BànPhím Laptop Samsung,https://laptopworld.vn/ban-phim-laptop/banphim-laptop-samsung.html
laptopworld,Sạc nguồn Laptop,https://laptopworld.vn/phu-kien-laptop-dt/sac-nguon-laptop.html
laptopworld,Đế tỏa nhiệt laptop,https://laptopworld.vn/de-toa-nhiet-ban-laptop/de-toa-nhiet-laptop.html
laptopworld,Laptop lai 2 trong 1,https://laptopworld.vn/tim
laptopworld,MacBook,https://laptopworld.vn/san-pham-apple.html
laptopworld,Laptop chính hãng,https://laptopworld.vn/may-tinh-xach-tay.html
laptopworld,Laptop doanh nhân,https://laptopworld.vn/collection/laptop-doanh-nhan-cao-cap
laptopworld,Laptop giá rẻ,https://laptopworld.vn/collection/laptop-sinh-vien-gia-re
laptopworld,Laptop Lenovo IdeaPad Slim 5 13IWC11 83UE000VVN (Core™ 7 350 | 16GB | 512GB | Intel® Graphics | 13.3inch WQXGA | Win 11 | Office | Xám),https://laptopworld.vn/laptop-lenovo-ideapad-slim-5-13iwc11-83ue000vvn
laptopworld,Laptop Lenovo IdeaPad Slim 3 14IPH11 83UQ006TVN (Ultra 5 322 | 16GB | 512GB | Intel® Graphics | 14inch WUXGA | Win 11 | Office | Breeze Moss),https://laptopworld.vn/laptop-lenovo-ideapad-slim-3-14iph11-83uq006tvn
laptopworld,Laptop Lenovo IdeaPad Slim 3 14IWC11 83RQ00D6VN (Core™ 5 315 | 8GB | 512GB | Intel® Graphics | 14inch WUXGA | Win 11 | Office | Xám),https://laptopworld.vn/laptop-lenovo-ideapad-slim-3-14iwc11-83rq00d6vn
laptopworld,Laptop Lenovo IdeaPad Slim 3 16IWC11 83RS0063VN (Core™ 3 304 | 8GB | 512GB | Intel® Graphics | 16inch WUXGA | Win 11 | Office | Xám),https://laptopworld.vn/laptop-lenovo-ideapad-slim-3-16iwc11-83rs0063vn
laptopworld,Laptop Lenovo ThinkPad E14 Gen 7 21SX00BNVN (Ultra 5 135H | 16GB | 512GB | Intel® Arc™ Graphics | 14inch WUXGA | Win 11 | Đen),https://laptopworld.vn/laptop-lenovo-thinkpad-e14-gen-7-21sx00bnvn
laptopworld,Laptop HP EliteBook X G2i DJ9J5PT (Ultra 7 356H | 32GB | 1TB | Intel® Arc™ Graphics | 14 inch 2.8K | Cảm ứng | Win 11 | Bạc),https://laptopworld.vn/laptop-hp-elitebook-x-g2i-dj9j5pt
laptopworld,Laptop HP EliteBook X G2i DJ9J4PT (Ultra 7 356H | 32GB | 1TB | Intel® Arc™ Graphics | 14 inch 2.8K | Cảm ứng | Win 11 | Xanh),https://laptopworld.vn/laptop-hp-elitebook-x-g2i-dj9j4pt
laptopworld,Laptop HP EliteBook X G2i D8SS9AT (Ultra 7 356H | 32GB | 1TB | Intel® Arc™ Graphics | 14 inch WUXGA | Cảm ứng | Win 11 | Xanh),https://laptopworld.vn/laptop-hp-elitebook-x-g2i-d8ss9at
laptopworld,Laptop Lenovo ThinkPad T14 Gen 6 21QHS48100 (Ultra 7 258V | 32GB | 1TB | Intel® Arc™ Graphics 140V | 14.0inch WUXGA | NO OS | Đen),https://laptopworld.vn/laptop-lenovo-thinkpad-t14-gen-6-21qhs48100
laptopworld,Laptop HP EliteBook X G2i D8ST4AT (Ultra 7 356H | 32GB | 1TB | Intel® Arc™ Graphics | 14 inch WUXGA | Cảm ứng | Win 11 | Bạc),https://laptopworld.vn/laptop-hp-elitebook-x-g2i-d8st4at
laptopworld,Laptop Lenovo IdeaPad Slim 3 16AHP10 83KB0060VN (Ryzen™ 7-155 | 8GB | 512GB | Intel® Graphics | 16inch WUXGA | Win 11 | Office | Xám),https://laptopworld.vn/laptop-lenovo-ideapad-slim-3-16ahp10-83kb0060vn
laptopworld,Laptop Lenovo IdeaPad Slim 3 16AHP10 83KB005YVN (Ryzen™ 5-125 | 8GB | 512GB | Intel® Graphics | 16inch WUXGA | Win 11 | Office | Xám),https://laptopworld.vn/laptop-lenovo-ideapad-slim-3-16ahp10-83kb005yvn
laptopworld,Laptop Lenovo IdeaPad Slim 5 14AKP10 83HX00F5VN (Ryzen AI 5 330 | 16GB | 512GB | AMD Radeon 820M Graphics | 14 inch WUXGA | Win 11 | Office | Xám),https://laptopworld.vn/laptop-lenovo-ideapad-slim-5-14akp10-83hx00f5vn
laptopworld,Laptop Lenovo IdeaPad Slim 3 14IWC11 83RQ00DBVN (Core™ 3 304 | 8GB | 512GB | Intel® Graphics | 14inch WUXGA | Win 11 | Office | Xám),https://laptopworld.vn/laptop-lenovo-ideapad-slim-3-14iwc11-83rq00dbvn
laptopworld,Laptop Lenovo ThinkPad E14 Gen 7 21U2S04N00 (Ultra 7 256V | 16GB | 512GB | Intel® Arc™ Graphics 140V | 14.0inch WUXGA | No OS | Đen),https://laptopworld.vn/laptop-lenovo-thinkpad-e14-gen-7-21u2s04n00
laptopworld,Laptop Lenovo ThinkPad T14 Gen 6 21QGS0HF00 (Ultra 5 228V | 32GB | 512GB | Intel® Arc™ Graphics 130V | 14.0inch WUXGA | NO OS | Đen),https://laptopworld.vn/laptop-lenovo-thinkpad-t14-gen-6-21qgs0hf00
laptopworld,Laptop Acer Aspire Lite 15 AL15-410P-R1W8 NX.X0RSV.001 (Ryzen™ 5 3500U | 8GB | 512GB | AMD Radeon™ Graphics | 15.6 inch FHD | Win 11 | Xám),https://laptopworld.vn/laptop-acer-aspire-lite-15-al15-410p-r1w8-nx-x0rsv-001
laptopworld,Laptop Acer Aspire Lite 14 AL14-47P-R0TR NX.X0PSV.002 (Ryzen™ 5 3500U | 8GB | 512GB | AMD Radeon™ Graphics | 14 inch FHD | Win 11 | Xám),https://laptopworld.vn/laptop-acer-aspire-lite-14-al14-47p-r0tr-nx-x0psv-002
laptopworld,Laptop Dell Pro 14 PC14250 (Ultra 5 235U | 8GB | 512GB | Intel Graphics | 14 inch FHD+ | Win 11 | Bạc),https://laptopworld.vn/laptop-dell-pro-14-pc14250-ultra-5-235u-8gb-512gb-intel-graphics-14-inch-fhd-win-11-bac
laptopworld,Laptop Lenovo ThinkPad T14 Gen 6 21QHS3RT00 (Ultra 7 258V | 32GB | 512GB | Intel® Arc™ Graphics 140V | 14.0inch WUXGA | NO OS | Đen),https://laptopworld.vn/laptop-lenovo-thinkpad-t14-gen-6-21qhs3rt00
laptopworld,Laptop Lenovo ThinkPad X1 Carbon Gen 13 Aura Edition 21NS010EVN (Ultra 5 226V | 16GB | 1TB | Intel Arc Graphics 130V | 14.0inch 2.8K OLED | Win 11 Pro | Đen),https://laptopworld.vn/laptop-lenovo-thinkpad-x1-carbon-gen-13-aura-edition-21ns010evn
laptopworld,Laptop Lenovo ThinkPad X1 Carbon Gen 13 Aura Edition 21NS010DVN (Ultra 5 226V | 16GB | 512GB | Intel Arc Graphics 130V | 14.0inch 2.8K OLED | Win 11 Pro | Đen),https://laptopworld.vn/laptop-lenovo-thinkpad-x1-carbon-gen-13-aura-edition-21ns010dvn
laptopworld,Laptop Lenovo ThinkPad X1 Carbon Gen 13 Aura Edition 21NS0107VN (Ultra 5 226V | 16GB | 512GB | Intel Arc Graphics 130V | 14.0inch 2.8K OLED | Win 11 Pro | Đen),https://laptopworld.vn/laptop-lenovo-thinkpad-x1-carbon-gen-13-aura-edition-21ns0107vn
laptopworld,Laptop Lenovo ThinkPad E16 Gen 3 21SR00ADVN (Ultra 5 135H | 32GB | 1TB | Intel Arc Graphics | 16.0inch WUXGA | Win 11 | Đen),https://laptopworld.vn/laptop-lenovo-thinkpad-e16-gen-3-21sr00advn
laptopworld,Laptop Lenovo ThinkPad E16 Gen 3 21SR00ACVN (Ultra 5 135H | 32GB | 512GB | Intel Arc Graphics | 16.0inch WUXGA | Win 11 | Đen),https://laptopworld.vn/laptop-lenovo-thinkpad-e16-gen-3-21sr00acvn
laptopworld,Laptop Lenovo ThinkPad E16 Gen 3 21SR00ABVN (Ultra 5 135H | 16GB | 1TB | Intel Arc Graphics | 16.0inch WUXGA | Win 11 | Đen),https://laptopworld.vn/laptop-lenovo-thinkpad-e16-gen-3-21sr00abvn
laptopworld,Laptop Lenovo ThinkPad E16 Gen 3 21SR00A9VA (Ultra 5 135H | 32GB | 1TB | Intel Arc Graphics | 16.0inch WUXGA | No OS | Đen),https://laptopworld.vn/laptop-lenovo-thinkpad-e16-gen-3-21sr00a9va
laptopworld,Laptop Lenovo ThinkPad E16 Gen 3 21SR00A8VA (Ultra 5 135H | 32GB | 512GB | Intel Arc Graphics | 16.0inch WUXGA | No OS | Đen),https://laptopworld.vn/laptop-lenovo-thinkpad-e16-gen-3-21sr00a8va
laptopworld,Laptop Lenovo ThinkPad E16 Gen 3 21SR00A7VA (Ultra 5 135H | 16GB | 1TB | Intel Arc Graphics | 16.0inch WUXGA | No OS | Đen),https://laptopworld.vn/laptop-lenovo-thinkpad-e16-gen-3-21sr00a7va
laptopworld,Laptop HP 15-fd2184TU DP2C1PA (Ultra 7 255U | 16GB | 512GB | Intel Graphics | 15.6 inch FHD | Win 11 | Bạc),https://laptopworld.vn/laptop-hp-15-fd2184tu-dp2c1pa
laptopworld,Laptop Lenovo ThinkPad E14 Gen 8 21Y8002JVN (Ultra 7 350 | 32GB | 512GB | Intel® Graphics | 14.0inch WUXGA | Win 11 | Đen),https://laptopworld.vn/laptop-lenovo-thinkpad-e14-gen-8-21y8002jvn
laptopworld,Laptop Lenovo ThinkPad E14 Gen 8 21Y8002HVN (Ultra 7 350 | 16GB | 1TB | Intel® Graphics | 14.0inch WUXGA | Win 11 | Đen),https://laptopworld.vn/laptop-lenovo-thinkpad-e14-gen-8-21y8002hvn
laptopworld,Laptop Lenovo ThinkPad E14 Gen 8 21Y8002GVN (Ultra 7 350 | 16GB | 512GB | Intel® Graphics | 14.0inch WUXGA | Win 11 | Đen),https://laptopworld.vn/laptop-lenovo-thinkpad-e14-gen-8-21y8002gvn
laptopworld,Laptop Lenovo ThinkPad E14 Gen 8 21Y8002FVA (Ultra 7 350 | 32GB | 512GB | Intel® Graphics | 14.0inch WUXGA | No OS | Đen),https://laptopworld.vn/laptop-lenovo-thinkpad-e14-gen-8-21y8002fva
laptopworld,Laptop Lenovo ThinkPad E14 Gen 8 21Y8002EVA (Ultra 7 350 | 16GB | 1TB | Intel® Graphics | 14.0inch WUXGA | No OS | Đen),https://laptopworld.vn/laptop-lenovo-thinkpad-e14-gen-8-21y8002eva
laptopworld,Laptop Lenovo ThinkPad E14 Gen 8 21Y8002BVA (Ultra 7 350 | 16GB | 512GB | Intel® Graphics | 14.0inch WUXGA | No OS | Đen),https://laptopworld.vn/laptop-lenovo-thinkpad-e14-gen-8-21y8002bva
laptopworld,Laptop Lenovo ThinkPad E14 Gen 8 21Y6007EVN (Ultra 7 356H | 32GB | 1TB | Intel® Graphics | 14.0inch WUXGA | Win 11 | Đen),https://laptopworld.vn/laptop-lenovo-thinkpad-e14-gen-8-21y6007evn
laptopworld,Laptop Lenovo ThinkPad E14 Gen 8 21Y6007FVN (Ultra 7 356H | 16GB | 1TB | Intel® Graphics | 14.0inch WUXGA | Win 11 | Đen),https://laptopworld.vn/laptop-lenovo-thinkpad-e14-gen-8-21y6007fvn
laptopworld,Laptop Lenovo ThinkPad E14 Gen 8 21Y6007GVN (Ultra 7 356H | 16GB | 512GB | Intel® Graphics | 14.0inch WUXGA | Win 11 | Đen),https://laptopworld.vn/laptop-lenovo-thinkpad-e14-gen-8-21y6007gvn
laptopworld,Laptop Lenovo ThinkPad E14 Gen 8 21Y6007UVA (Ultra 7 356H | 32GB | 512GB | Intel® Graphics | 14.0inch WUXGA | No OS | Đen),https://laptopworld.vn/laptop-lenovo-thinkpad-e14-gen-8-21y6007uva
laptopworld,Laptop Lenovo ThinkPad E14 Gen 8 21Y6007TVA (Ultra 7 356H | 16GB | 1TB | Intel® Graphics | 14.0inch WUXGA | No OS | Đen),https://laptopworld.vn/laptop-lenovo-thinkpad-e14-gen-8-21y6007tva
laptopworld,Laptop Lenovo ThinkPad E14 Gen 8 21Y6007SVA (Ultra 7 356H | 16GB | 512GB | Intel® Graphics | 14.0inch WUXGA | No OS | Đen),https://laptopworld.vn/laptop-lenovo-thinkpad-e14-gen-8-21y6007sva
laptopworld,Laptop Lenovo ThinkPad E14 Gen 8 21Y6007DVN (Ultra 7 355 | 32GB | 1TB | Intel® Graphics | 14.0inch WUXGA | Win 11 | Đen),https://laptopworld.vn/laptop-lenovo-thinkpad-e14-gen-8-21y6007dvn
laptopworld,Laptop Lenovo ThinkPad E14 Gen 8 21Y6007CVN (Ultra 7 355 | 16GB | 1TB | Intel® Graphics | 14.0inch WUXGA | Win 11 | Đen),https://laptopworld.vn/laptop-lenovo-thinkpad-e14-gen-8-21y6007cvn
laptopworld,Laptop Lenovo ThinkPad E14 Gen 8 21Y6007BVN (Ultra 7 355 | 16GB | 512GB | Intel® Graphics | 14.0inch WUXGA | Win 11 | Đen),https://laptopworld.vn/laptop-lenovo-thinkpad-e14-gen-8-21y6007bvn
laptopworld,Laptop Lenovo ThinkPad E14 Gen 8 21Y6007RVA (Ultra 7 355 | 32GB | 512GB | Intel® Graphics | 14.0inch WUXGA | No OS | Đen),https://laptopworld.vn/laptop-lenovo-thinkpad-e14-gen-8-21y6007rva
laptopworld,Laptop Lenovo ThinkPad E14 Gen 8 21Y6007QVA (Ultra 7 355 | 16GB | 1TB | Intel® Graphics | 14.0inch WUXGA | No OS | Đen),https://laptopworld.vn/laptop-lenovo-thinkpad-e14-gen-8-21y6007qva
laptopworld,Laptop Lenovo ThinkPad E14 Gen 8 21Y6007PVA (Ultra 7 355 | 16GB | 512GB | Intel® Graphics | 14.0inch WUXGA | No OS | Đen),https://laptopworld.vn/laptop-lenovo-thinkpad-e14-gen-8-21y6007pva
laptopworld,Laptop Lenovo ThinkPad E14 Gen 8 21Y2009FVN (Ryzen™ AI 7 445 | 16GB | 1TB | AMD Radeon™ 840M Graphics | 14.0inch WUXGA | Win 11 | Đen),https://laptopworld.vn/laptop-lenovo-thinkpad-e14-gen-8-21y2009fvn
laptopworld,Laptop Lenovo ThinkPad E14 Gen 8 21Y2009EVN (Ryzen™ AI 7 445 | 16GB | 512GB | AMD Radeon™ 840M Graphics | 14.0inch WUXGA | Win 11 | Đen),https://laptopworld.vn/laptop-lenovo-thinkpad-e14-gen-8-21y2009evn
laptopworld,Laptop Lenovo ThinkPad E14 Gen 8 21Y2009CVA (Ryzen™ AI 7 445 | 32GB | 512GB | AMD Radeon™ 840M Graphics | 14.0inch WUXGA | No OS | Đen),https://laptopworld.vn/laptop-lenovo-thinkpad-e14-gen-8-21y2009cva
laptopworld,Laptop Lenovo ThinkPad E14 Gen 8 21Y2009DVA (Ryzen™ AI 7 445 | 16GB | 1TB | AMD Radeon™ 840M Graphics | 14.0inch WUXGA | No OS | Đen),https://laptopworld.vn/laptop-lenovo-thinkpad-e14-gen-8-21y2009dva
laptopworld,Laptop Lenovo ThinkPad E14 Gen 8 21Y2009BVA (Ryzen™ AI 7 445 | 16GB | 512GB | AMD Radeon™ 840M Graphics | 14.0inch WUXGA | No OS | Đen),https://laptopworld.vn/laptop-lenovo-thinkpad-e14-gen-8-21y2009bva
laptopworld,Laptop Lenovo ThinkPad E14 Gen 8 21Y2009AVN (Ryzen™ AI 7 345 | 16GB | 1TB | AMD Radeon™ 820M Graphics | 14.0inch WUXGA | Win 11 | Đen),https://laptopworld.vn/laptop-lenovo-thinkpad-e14-gen-8-21y2009avn
laptopworld,Laptop Lenovo ThinkPad E14 Gen 8 21Y20099VN (Ryzen™ AI 7 345 | 16GB | 512GB | AMD Radeon™ 820M Graphics | 14.0inch WUXGA | Win 11 | Đen),https://laptopworld.vn/laptop-lenovo-thinkpad-e14-gen-8-21y20099vn
laptopworld,Laptop Lenovo ThinkPad E14 Gen 8 21Y2008YVA (Ryzen™ AI 7 345 | 32GB | 512GB | AMD Radeon™ 820M Graphics | 14.0inch WUXGA | No OS | Đen),https://laptopworld.vn/laptop-lenovo-thinkpad-e14-gen-8-21y2008yva
laptopworld,Laptop Lenovo ThinkPad E14 Gen 8 21Y20098VA (Ryzen™ AI 7 345 | 16GB | 1TB | AMD Radeon™ 820M Graphics | 14.0inch WUXGA | No OS | Đen),https://laptopworld.vn/laptop-lenovo-thinkpad-e14-gen-8-21y20098va
laptopworld,Laptop Lenovo ThinkPad E14 Gen 8 21Y2008UVA (Ryzen™ AI 7 345 | 16GB | 512GB | AMD Radeon™ 820M Graphics | 14.0inch WUXGA | No OS | Đen),https://laptopworld.vn/laptop-lenovo-thinkpad-e14-gen-8-21y2008uva
laptopworld,Laptop Lenovo ThinkPad E14 Gen 8 21Y2007HVN (Ryzen™ AI 7 345 | 16GB | 1TB | AMD Radeon™ 820M Graphics | 14.0inch WUXGA | Win 11 | Đen),https://laptopworld.vn/laptop-lenovo-thinkpad-e14-gen-8-21y2007hvn
laptopworld,Laptop Lenovo ThinkPad E14 Gen 8 21Y2007JVN (Ryzen™ AI 7 345 | 16GB | 512GB | AMD Radeon™ 820M Graphics | 14.0inch WUXGA | Win 11 | Đen),https://laptopworld.vn/laptop-lenovo-thinkpad-e14-gen-8-21y2007jvn
laptopworld,Laptop Lenovo ThinkPad E14 Gen 8 21Y2007GVN (Ryzen™ AI 7 345 | 16GB | 1TB | AMD Radeon™ 820M Graphics | 14.0inch WUXGA | Win 11 | Đen),https://laptopworld.vn/laptop-lenovo-thinkpad-e14-gen-8-21y2007gvn
laptopworld,Laptop Lenovo ThinkPad E14 Gen 8 21Y2007FVN (Ryzen™ AI 7 345 | 16GB | 512GB | AMD Radeon™ 820M Graphics | 14.0inch WUXGA | Win 11 | Đen),https://laptopworld.vn/laptop-lenovo-thinkpad-e14-gen-8-21y2007fvn
laptopworld,Laptop Lenovo ThinkBook 16 G9 IRL 21US008QVN (Core™ 7 240H | 32GB | 1TB | Intel® Graphics | 16inch WUXGA | Win 11 | Xám),https://laptopworld.vn/laptop-lenovo-thinkbook-16-g9-irl-21us008qvn
laptopworld,Laptop Lenovo ThinkBook 16 G9 IRL 21US008SVN (Core™ 7 240H | 32GB | 512GB | Intel® Graphics | 16inch WUXGA | Win 11 | Xám),https://laptopworld.vn/laptop-lenovo-thinkbook-16-g9-irl-21us008svn
laptopworld,Laptop Lenovo ThinkBook 16 G9 IRL 21US008PVN (Core™ 7 240H | 16GB | 1TB | Intel® Graphics | 16inch WUXGA | Win 11 | Xám),https://laptopworld.vn/laptop-lenovo-thinkbook-16-g9-irl-21us008pvn
laptopworld,Laptop Lenovo ThinkBook 16 G9 IRL 21US008MVN (Core™ 7 240H | 16GB | 512GB | Intel® Graphics | 16inch WUXGA | Win 11 | Xám),https://laptopworld.vn/laptop-lenovo-thinkbook-16-g9-irl-21us008mvn
laptopworld,Laptop Lenovo ThinkBook 16 G9 IRL 21US008KVA (Core™ 7 240H | 32GB | 1TB | Intel® Graphics | 16inch WUXGA | No OS | Xám),https://laptopworld.vn/laptop-lenovo-thinkbook-16-g9-irl-21us008kva
laptopworld,Laptop Lenovo ThinkBook 16 G9 IRL 21US008RVA (Core™ 7 240H | 32GB | 512GB | Intel® Graphics | 16inch WUXGA | No OS | Xám),https://laptopworld.vn/laptop-lenovo-thinkbook-16-g9-irl-21us008rva
laptopworld,Laptop Lenovo ThinkBook 16 G9 IRL 21US008LVA (Core™ 7 240H | 16GB | 1TB | Intel® Graphics | 16inch WUXGA | No OS | Xám),https://laptopworld.vn/laptop-lenovo-thinkbook-16-g9-irl-21us008lva
laptopworld,Laptop Lenovo ThinkBook 16 G9 IRL 21US008NVA (Core™ 7 240H | 16GB | 512GB | Intel® Graphics | 16inch WUXGA | No OS | Xám),https://laptopworld.vn/laptop-lenovo-thinkbook-16-g9-irl-21us008nva
laptopworld,Laptop Lenovo V15 G7 IWC 83VF0088VN (Core™ 5 320 | 16GB | 1TB | Intel® Graphics | 15.6 inch FHD | Win 11 | Đen),https://laptopworld.vn/laptop-lenovo-v15-g7-iwc-83vf0088vn
laptopworld,Laptop Lenovo V15 G7 IWC 83VF0087VN (Core™ 5 320 | 16GB | 512GB | Intel® Graphics | 15.6 inch FHD | Win 11 | Đen),https://laptopworld.vn/laptop-lenovo-v15-g7-iwc-83vf0087vn
laptopworld,Laptop Lenovo V15 G7 IWC 83VF0086VN (Core™ 5 320 | 8GB | 512GB | Intel® Graphics | 15.6 inch FHD | Win 11 | Đen),https://laptopworld.vn/laptop-lenovo-v15-g7-iwc-83vf0086vn
laptopworld,Laptop Lenovo V15 G7 IWC 83VF0085VN (Core™ 5 320 | 8GB | 256GB | Intel® Graphics | 15.6 inch FHD | Win 11 | Đen),https://laptopworld.vn/laptop-lenovo-v15-g7-iwc-83vf0085vn
laptopworld,Laptop Lenovo V15 G7 IWC 83VF0080VA (Core™ 5 320 | 16GB | 1TB | Intel® Graphics | 15.6 inch FHD | No OS | Đen),https://laptopworld.vn/laptop-lenovo-v15-g7-iwc-83vf0080va
laptopworld,Laptop Lenovo V15 G7 IWC 83VF007YVA (Core™ 5 320 | 16GB | 512GGB | Intel® Graphics | 15.6 inch FHD | No OS | Đen),https://laptopworld.vn/laptop-lenovo-v15-g7-iwc-83vf007yva
laptopworld,Laptop Lenovo V15 G7 IWC 83VF007XVA (Core™ 5 320 | 8GB | 512GGB | Intel® Graphics | 15.6 inch FHD | No OS | Đen),https://laptopworld.vn/laptop-lenovo-v15-g7-iwc-83vf007xva
laptopworld,Laptop Lenovo V15 G7 IWC 83VF007WVA (Core™ 5 320 | 8GB | 256GB | Intel® Graphics | 15.6 inch FHD | No OS | Đen),https://laptopworld.vn/laptop-lenovo-v15-g7-iwc-83vf007wva
laptopworld,Laptop Dell Pro 15 Essential PV15250 71103297 (Core 3 100U | 8GB | 512GB | Intel Graphics | 15.6 inch FHD | Win 11 | Bạc),https://laptopworld.vn/laptop-dell-pro-15-essential-pv15250-71103297
laptopworld,Laptop ASUS Vivobook S14 S3407VA-LY147W (Core 5 210H | 16GB | 512GB | Intel® Graphics | 14inch WUXGA | Win 11 | Bạc),https://laptopworld.vn/laptop-asus-vivobook-s14-s3407va-ly147w
laptopworld,Laptop ASUS Vivobook S16 S5652MA-TK094W (Core™ 7 350 | 16GB | 512GB | Intel® Graphics | 16 inch WUXGA | Win 11 | Bạc),https://laptopworld.vn/laptop-asus-vivobook-s16-s5652ma-tk094w
laptopworld,Laptop ASUS Vivobook 14 Flip TP3407AA-SG029W (Ultra 7 355 | 16GB | 512GB | Intel® Arc™ Graphics | 14inch WUXGA | Win 11 | Xám),https://laptopworld.vn/laptop-asus-vivobook-14-flip-tp3407aa-sg029w
laptopworld,Laptop Acer Aspire Lite 15 AL15-44P-R4UH NX.DJVSV.002 (Ryzen™ 7 7730U | 16GB | 512GB | AMD Radeon™ Graphics | 15.6inch FHD | Win 11 | Bạc),https://laptopworld.vn/laptop-acer-aspire-lite-15-al15-44p-r4uh-nx-djvsv-002
laptopworld,Laptop Acer Aspire Lite 14 AL14-53M-53E8 NX.DEFSV.001 (Core™ 5 120U | 16GB | 512GB | Intel® UHD Graphics | 14.0inch FHD+ | Win 11 | Bạc),https://laptopworld.vn/laptop-acer-aspire-lite-14-al14-53m-53e8-nx-defsv-001
laptopworld,Laptop ASUS Vivobook 15 X1504VA-BQ285W (Core™ 5 120U | 16GB | 512GB | Intel® Graphics | 15.6inch FHD | Win 11 | Bạc),https://laptopworld.vn/laptop-asus-vivobook-15-x1504va-bq285w
laptopworld,Laptop Dell 15 DC15250 CPH993 (Core 3 100U | 8GB | 512GB | Intel UHD | 15.6 inch FHD | Win 11 | Office | Bạc),https://laptopworld.vn/laptop-dell-15-dc15250-cph993
laptopworld,Laptop Dell 15 DC15250 CPH995 (Core i5-1334U | 16GB | 512GB | Intel UHD | 15.6 inch FHD | Win 11 | Office | Bạc),https://laptopworld.vn/laptop-dell-15-dc15250-cph995
laptopworld,Laptop Dell 15 DC15250 CPH996 (Core i7-1355U | 16GB | 1TB | Intel UHD Graphics | 15.6 inch FHD | Win 11 | Office | Bạc),https://laptopworld.vn/laptop-dell-15-dc15250-cph996
laptopworld,Laptop Dell 14 DC14250 F0FTK52 (Core 5 120U | 16GB | 1TB | Intel Graphics | 14 inch FHD+ | Win 11 | Office | Bạc),https://laptopworld.vn/laptop-dell-14-dc14250-f0ftk52
laptopworld,Laptop Asus Vivobook 15 X1504VA-BQ295W (Core™ 7 150U | 16GB | 512GB | Intel® Graphics | 15.6inch FHD | Win 11 | Bạc),https://laptopworld.vn/laptop-asus-vivobook-15-x1504va-bq295w
laptopworld,Laptop Dell 16 Plus DB16250 X65NW72 (Ultra 7 256V | 16GB | 1TB | Intel Arc™ Graphics | 16.0 inch QHD+ | Win 11 | Office | Xanh),https://laptopworld.vn/laptop-dell-16-plus-db16250-x65nw72
laptopworld,Laptop Dell 15 DC15255 X9YM42 (Ryzen 7-7730U | 16GB | 1TB | AMD Radeon™ Graphics | 15.6 inch FHD | Win 11 | Office 24 | Bạc),https://laptopworld.vn/laptop-dell-15-dc15255-x9ym42
laptopworld,Laptop Dell 14 DC14255 YKMXX2 (Ryzen 5 220 | 16GB | 512GB | AMD Radeon Graphics | 14 inch FHD+ | Win 11 | Office | Bạc),https://laptopworld.vn/laptop-dell-14-dc14255-ykmxx2
laptopworld,Laptop ASUS ExpertBook P3 G1 P3406CCAP-U716S8W (Ultra 7 255H | 16GB | 512GB | Intel® Graphics | 14.0inch WUXGA | Win 11 | Xám),https://laptopworld.vn/laptop-asus-expertbook-p3-g1-p3406ccap-u716s8w
laptopworld,Laptop ASUS ExpertBook P3 G1 P3406CCAP-U516S8W (Ultra 5 225H | 16GB | 512GB | Intel® Graphics | 14.0inch WUXGA | Win 11 | Xám),https://laptopworld.vn/laptop-asus-expertbook-p3-g1-p3406ccap-u516s8w
laptopworld,Laptop ASUS ExpertBook P1 P1403CVAY-716D4-50W (Core 7 240H | 16GB | 512GB | Intel® Graphics | 14inch FHD | Win 11 | Xám),https://laptopworld.vn/laptop-asus-expertbook-p1-p1403cvay-716d4-50w
laptopworld,Laptop ASUS ExpertBook P1 P1403CVAY-516D4-50W (Core 5 210H | 16GB | 512GB | Intel® Graphics | 14inch FHD | Win 11 | Xám),https://laptopworld.vn/laptop-asus-expertbook-p1-p1403cvay-516d4-50w
laptopworld,Laptop ASUS ExpertBook P1 P1403CVAY-508D4-50W (Core 5 210H | 8GB | 512GB | Intel® Graphics | 14inch FHD | Win 11 | Xám),https://laptopworld.vn/laptop-asus-expertbook-p1-p1403cvay-508d4-50w
laptopworld,Laptop ASUS ExpertBook P1 P1403CVAY-508D4256-50W (Core 5 210H | 8GB | 256GB | Intel® Graphics | 14inch FHD | Win 11 | Xám),https://laptopworld.vn/laptop-asus-expertbook-p1-p1403cvay-508d4256-50w
laptopworld,Laptop ASUS ExpertBook P1 P1403CVAY-308D4256-50W (Core 3 100U | 8GB | 256GB | Intel® Graphics | 14inch FHD | Win 11 | Xám),https://laptopworld.vn/laptop-asus-expertbook-p1-p1403cvay-308d4256-50w
laptopworld,Laptop ASUS Zenbook A16 UX3607OA-SQ137WS (Snapdragon X2 Elite Extreme X2E-94-100 | 24GB | 512GB | Qualcomm® Adreno™ GPU | 16inch 3K OLED 120Hz | Win 11 | Office | Be),https://laptopworld.vn/laptop-asus-zenbook-a16-ux3607oa-sq137ws
laptopworld,Laptop Asus Vivobook 16 X1607CA-MB399W (Ultra 7 255H | 16GB | 512GB | Intel® Graphics | 16inch WUXGA | Win 11 | Bạc),https://laptopworld.vn/laptop-asus-vivobook-16-x1607ca-mb399w
laptopworld,Laptop ASUS Zenbook 14 UX3405CA-ST1531W (Ultra 9 285H | 16GB | 512GB | Intel® Arc™ Graphics | 14.0inch 3K OLED | Win 11 | Xanh),https://laptopworld.vn/laptop-asus-zenbook-14-ux3405ca-st1531w
laptopworld,Laptop ASUS Zenbook 14 UX3405CA-ST630W (Ultra 7 255H | 16GB | 512GB | Intel® Arc™ Graphics | 14.0inch 3K OLED | Win 11 | Xanh),https://laptopworld.vn/laptop-asus-zenbook-14-ux3405ca-st630w
laptopworld,Laptop ASUS Zenbook 14 UX3405CA-ST1713W (Ultra 5 225H | 16GB | 512GB | Intel® Arc™ Graphics | 14.0inch 3K OLED | Win 11 | Xanh),https://laptopworld.vn/laptop-asus-zenbook-14-ux3405ca-st1713w
laptopworld,Laptop HP OmniBook 5 AI 14-hh0075TU D72CTPA (Ultra 5 322 | 16GB | 512GB | Intel® Graphics | 14inch 2K | Win 11 | Bạc),https://laptopworld.vn/laptop-hp-omnibook-5-ai-14-hh0075tu-d72ctpa
laptopworld,Laptop HP AI 14-hc0055TU DP2B7PA (Ultra 7 255U | 16GB | 512GB | Intel® Graphics | 14 inch FHD | Win 11 | Bạc),https://laptopworld.vn/laptop-hp-ai-14-hc0055tu-dp2b7pa
laptopworld,Laptop Dell 14 DC14250-C3U085W11SLU-27 (Core 3 100U | 8GB | 512GB | Intel Graphics | 14 inch FHD+ | Win 11 | Office | Bạc),https://laptopworld.vn/laptop-dell-14-dc14250-c3u085w11slu-27
laptopworld,Laptop HP 250R G9 C40LJAT (Core 5 120U | 8GB | 512GB | Intel Graphics | 15.6 inch FHD | Win 11 | Bạc đen),https://laptopworld.vn/laptop-hp-250r-g9-c40ljat
laptopworld,Laptop Lenovo ThinkPad X13 Gen 6 (Ultra 7-255H | 16GB | 512GB | Intel® Arc™ Graphics | 13.3 inch WUXGA | Win 11 Pro | Đen),https://laptopworld.vn/laptop-lenovo-thinkpad-x13-gen-6-ultra-7-255h-16gb-512gb-intel-arc-graphics-13-3-inch-wuxga-win-11-pro-den
laptopworld,Laptop Lenovo ThinkPad X9-14 Gen1 Aura Edition (Ultra 5 228V | 16GB | 1TB | Intel Arc Graphics 140V | 14 inch WUXGA OLED | Win 11 Pro | Xám),https://laptopworld.vn/laptop-lenovo-thinkpad-x9-14-gen1-aura-edition
laptopworld,Laptop Dell 15 DC15250 71100516 (Core i7-1355U | 16GB | 512GB | Intel UHD Graphics | 15.6 inch FHD | Win 11 | Office | Bạc),https://laptopworld.vn/laptop-dell-15-dc15250-71100516
laptopworld,Laptop Dell 15 DC15250 71100514 (Core i5-1334U | 16GB | 512GB | Intel UHD Graphics | 15.6 inch FHD | Win 11 | Office | Bạc),https://laptopworld.vn/laptop-dell-15-dc15250-71100514
laptopworld,Laptop Lenovo Yoga Slim 7 Ultra 14IPH11 83QK009PVN (Ultra X9 378H | 32GB | 1TB | Intel® Arc™ B390 GPU | 14inch 2.8K POLED | Cảm ứng | Win 11 | Office | Trắng kem),https://laptopworld.vn/laptop-lenovo-yoga-slim-7-ultra-14iph11-83qk009pvn
laptopworld,Laptop Dell 16 DC16250 DC16250-C7U161W11BLU-2Y (Core™ 7 150U | 16GB | 1TB | Intel Graphics | 16.0 inch FHD+ | Cảm ứng | Win 11 | Office | Đen),https://laptopworld.vn/laptop-dell-16-dc16250-dc16250-c7u161w11blu-2y
laptopworld,Laptop Dell 15 DC15250 DC15250-i7U161W11SLU-2Y (Core i7-1355U | 16GB | 1TB | Intel UHD Graphics | 15.6 inch FHD | Win 11 | Office | Bạc),https://laptopworld.vn/laptop-dell-15-dc15250-i7u161w11slu-1
laptopworld,Laptop Dell 14 DC14250 DC14250-C7U161W11SLU-2Y (Core™ 7 150U | 16GB | 1TB | Intel Graphics | 14 inch FHD+ | Win 11 | Office | Bạc),https://laptopworld.vn/laptop-dell-14-dc14250-dc14250-c7u161w11slu-2y
laptopworld,Laptop Dell 14 DC14255 DC14255-R7165W11SLU-2Y (Ryzen 7 250 | 16GB | 512GB | AMD Radeon Graphics | 14 inch FHD+ | Win 11 | Office | Bạc),https://laptopworld.vn/laptop-dell-14-dc14255-dc14255-r7165w11slu-2y
laptopworld,Laptop Dell 15 DC15250 DC15250-i5U165W11SLU-2Y (Core i5-1334U | 16GB | 512GB | Intel UHD Graphics | 15.6 inch FHD | Win 11 | Office | Bạc),https://laptopworld.vn/laptop-dell-15-dc15250-dc15250-i5u165w11slu-2y
laptopworld,Laptop Dell 15 DC15250 DC15250-i5U085W11SLU-2Y (Core 3 100U | 8GB | 512GB | Intel UHD Graphics | 15.6 inch FHD | Win 11 | Office | Bạc),https://laptopworld.vn/laptop-dell-15-dc15250-dc15250-i5u085w11slu-2y
laptopworld,Laptop Dell 15 DC15250 DC15250-C3U085W11SLU-2Y (Core 3 100U | 8GB | 512GB | Intel Graphics | 15.6 inch FHD | Win 11 | Office | Bạc),https://laptopworld.vn/laptop-dell-15-dc15250-dc15250-c3u085w11slu-2y
laptopworld,Laptop Dell 14 DC14250-C3U085W11SLU-2Y (Core 3 100U | 8GB | 512GB | Intel Graphics | 14 inch FHD+ | Win 11 | Office | Bạc),https://laptopworld.vn/laptop-dell-14-dc14250-c3u085w11slu-2y
laptopworld,Laptop ASUS Vivobook S14 M3407KA-SF034W ( Ryzen AI 5 330 | 16GB | 512GB | AMD Radeon™ Graphics | 14inch WUXGA OLED | Win 11 | Bạc),https://laptopworld.vn/laptop-asus-vivobook-s14-m3407ka-sf034w
laptopworld,Laptop Dell Pro 14 Essential PV14250 PV14250-120U-08512U (Core 5 120U | 8GB | 512GB | Intel Graphics | 14 inch FHD+ | Ubuntu | Bạc),https://laptopworld.vn/laptop-dell-pro-14-essential-pv14250-pv14250-120u-08512u
laptopworld,Laptop Dell Pro 14 PC14250 (Ultra 7 255U | 16GB | 512GB | Intel Graphics | 14 inch FHD+ | Win 11 | Đen),https://laptopworld.vn/laptop-dell-pro-14-pc14250-ultra-7-255u-16gb-512gb-intel-graphics-14-inch-fhd-win-11-den
laptopworld,Laptop Acer Aspire Lite 15 AL15-36P-30TN NX.DDASV.001 (Core™ 3 N350 | 8GB | 512GB | Intel® Graphics | 15.6inch FHD | Win 11 | Bạc),https://laptopworld.vn/laptop-acer-aspire-lite-15-al15-36p-30tn-nx-ddasv-001
laptopworld,Laptop Acer Aspire Lite 15 AL15-53P-56EC NX.DG3SV.002 (Core™ 5 120U | 16GB | 512GB | Intel® UHD Graphics | 15.6inch FHD | Win 11 | Bạc),https://laptopworld.vn/laptop-acer-aspire-lite-15-al15-53p-56ec-nx-dg3sv-002
laptopworld,Laptop Acer Aspire Go 14 AI AG14-I71M-50AL NX.W25SV.001 (Ultra 5 125H | 16GB | 512GB | Intel® Arc™ Graphics | 14inch FHD+ | Win 11 | Xám),https://laptopworld.vn/laptop-acer-aspire-go-14-ai-ag14-i71m-50al-nx-w25sv-001
laptopworld,Laptop Acer Swift Go 14 AI SFG14-I71-70RP NX.JZHSV.003 (Ultra X7 358H | 32GB | 1TB | Intel® Arc™ B390 | 14inch 2.8K OLED | Win 11 | Bạc),https://laptopworld.vn/laptop-acer-swift-go-14-ai-sfg14-i71-70rp-nx-jzhsv-003
laptopworld,Laptop MSI Modern 15 F1MG-1264VN (Core 5 120U | 16GB | 512GB | Intel Graphics | 15.6inch FHD | Win 11 | Xám),https://laptopworld.vn/laptop-msi-modern-15-f1mg-1264vn
laptopworld,Laptop HP 250R G9 C40LKAT (Core 5 120U | 16GB | 512GB | Intel Graphics | 15.6 inch FHD | Win 11 | Bạc đen),https://laptopworld.vn/laptop-hp-250r-g9-c40lkat
laptopworld,Laptop HP 240R G10 CC9B9PT (Core 7 150U | 16GB | 512GB | Intel® Graphics | 14 inch FHD | Win 11 | Bạc),https://laptopworld.vn/laptop-hp-240r-g10-cc9b9pt
laptopworld,Laptop Dell 15 DC15250 DC5C3259W1 (Core 3 100U | 8GB | 512GB | Intel Graphics | 15.6 inch FHD | Win 11 | Office | Bạc),https://laptopworld.vn/laptop-dell-15-dc15250-dc5c3259w1
laptopworld,Laptop Dell 15 DC15250 71100520 (Core 3 100U | 8GB | 512GB | Intel Graphics | 15.6 inch FHD | Win 11 | Office | Bạc),https://laptopworld.vn/laptop-dell-15-dc15250-71100520
laptopworld,Laptop Dell 14 DC14250 71100515 (Core 7 150U | 16GB | 512GB | Intel Graphics | 14 inch FHD+ | Win 11 | Office | Bạc),https://laptopworld.vn/laptop-dell-14-dc14250-71100515
laptopworld,Laptop Dell 16 DC16250 71100513 (Core 5 120U | 16GB | 1TB | Intel Graphics | 16.0 inch FHD+ | Win 11 | Office | Đen),https://laptopworld.vn/laptop-dell-16-dc16250-71100513
laptopworld,Laptop Dell XPS 13 9350 71100521 (Ultra 5 226V | 16GB | 1TB | Intel® Arc™ graphics | 13.4inch 2.5K | Cảm ứng | Win 11 | Office | Đen),https://laptopworld.vn/laptop-dell-xps-13-9350-71100521
laptopworld,Laptop Dell 14 DC14255 71100517 (Ryzen™ AI 7 350 | 16GB | 1TB | AMD Radeon Graphics | 14 inch FHD+ | Win 11 | Office | Bạc),https://laptopworld.vn/laptop-dell-14-dc14255-71100517
laptopworld,Laptop Acer Aspire Lite 15 AL15-21P-R87W NX.DNUSV.001 (Ryzen™ 3 30 | 8GB | 512GB | AMD Radeon™ Graphics | 15.6inch FHD+ | Win 11 | Bạc),https://laptopworld.vn/laptop-acer-aspire-lite-15-al15-21p-r87w-nx-dnusv-001
laptopworld,Laptop Acer Aspire Lite 15 AL15-21P-R91W NX.DNRSV.002 (Ryzen™ 5 40 | 16GB | 512GB | AMD Radeon™ Graphics | 15.6inch FHD | Win 11 | Bạc),https://laptopworld.vn/laptop-acer-aspire-lite-15-al15-21p-r91w-nx-dnrsv-002
laptopworld,Laptop HP OmniBook 5 AI 14-hh0072TU D72CQPA (Ultra 7 355 | 16GB | 512GB | Intel® Graphics | 14inch 2K | Win 11 | Bạc),https://laptopworld.vn/laptop-hp-omnibook-5-ai-14-hh0072tu-d72cqpa
laptopworld,Laptop HP OmniBook 5 AI 14-hh0074TU D72CSPA (Ultra 5 322 | 16GB | 512GB | Intel® Graphics | 14inch 2K | Win 11 | Bạc),https://laptopworld.vn/laptop-hp-omnibook-5-ai-14-hh0074tu-d72cspa
laptopworld,Laptop HP OmniBook X Flip 14-kb0048TU D72BYPA (Ultra 7 355 | 32GB | 512GB | Intel® Graphics | 14 inch 2K | Cảm ứng | Bút cảm ứng | Win 11 | Office | Bạc),https://laptopworld.vn/laptop-hp-omnibook-x-flip-14-kb0048tu-d72bypa
laptopworld,Laptop HP OmniBook 5 AI 14-hh0073TU D72CRPA (Ultra 7 355 | 16GB | 512GB | Intel® Graphics | 14inch 2K | Win 11 | Bạc),https://laptopworld.vn/laptop-hp-omnibook-5-ai-14-hh0073tu-d72crpa
laptopworld,Laptop Lenovo Yoga Pro 7 15ASH11 83W5000SVN (Ryzen AI Max+ 388 | 32GB | 512GB | AMD Radeon 8060S | 15.3inch WQXGA OLED 165Hz | Win 11 | Office | Xám),https://laptopworld.vn/laptop-lenovo-yoga-pro-7-15ash11-83w5000svn
laptopworld,Laptop Lenovo IdeaPad Slim 3 14IWC11 83RQ002PVN (Core™ 5 320 | 8GB | 512GB | Intel® Graphics | 14inch WUXGA | Win 11 | Xám),https://laptopworld.vn/laptop-lenovo-ideapad-slim-3-14iwc11-83rq002pvn
laptopworld,Laptop Dell 14 DC14255 DC4A5330W1 (Ryzen™ AI 5 330 | 16GB | 512GB | AMD Radeon Graphics | 14 inch FHD+ | Win 11 | Office | Bạc),https://laptopworld.vn/laptop-dell-14-dc14255-dc4a5330w1
laptopworld,Laptop Dell Inspiron 5441 N4O10552W1 (Snapdragon X Plus X1P-64-100 | 16GB | 1TB | Qualcomm Adreno GPU | 14 inch FHD+ | Win 11 | Office | Xám),https://laptopworld.vn/laptop-dell-inspiron-5441-n4o10552w1
laptopworld,Laptop Asus Vivobook 16 X1607CA-MB387W (Ultra 5 225H | 16GB | 512GB | Intel® Graphics | 16inch WUXGA | Win 11 | Bạc),https://laptopworld.vn/laptop-asus-vivobook-16-x1607ca-mb387w
laptopworld,Laptop Lenovo ThinkPad X1 Carbon Gen 13 U7 Aura Edition 21NSS2AX00 (Ultra 7 258V | 32GB | 1TB | Intel® Arc™ Graphics | 14.0 inch WUXGA | Win 11 Pro | Đen),https://laptopworld.vn/laptop-lenovo-thinkpad-x1-carbon-gen-13-u7-aura-edition-21nss2ax00
laptopworld,Laptop MSI Modern 14 H1M-014VN (Core 7 150U | 16GB | 512GB | Intel Graphics | 14inch FHD | Win 11 | Bạc),https://laptopworld.vn/laptop-msi-modern-14-h1m-014vn
laptopworld,Laptop Asus Vivobook 14 X1404MA-EB029W (Core 7 350 | 16GB | 512GB | Intel® Graphics | 14 inch FHD | Win 11 | Bạc),https://laptopworld.vn/laptop-asus-vivobook-14-x1404ma-eb029w
laptopworld,Laptop Asus Vivobook 14 X1407CA-LY203W (Ultra 5 225H | 16GB | 512GB | Intel® Graphics | 14 inch WUXGA | Win 11 | Bạc),https://laptopworld.vn/laptop-asus-vivobook-14-x1407ca-ly203w
laptopworld,Laptop ASUS Zenbook S 14 UX5406AA-SU348W (Ultra 9 386H | 16GB | 512GB | Intel® Graphics | 14 inch 3K OLED 120Hz | Win 11 | Trắng),https://laptopworld.vn/laptop-asus-zenbook-s-14-ux5406aa-su348w
laptopworld,Laptop Asus Vivobook 14 X1404MA-EB027W (Core 3 304 | 8GB | 512GB | Intel® Graphics | 14 inch FHD | Win 11 | Bạc),https://laptopworld.vn/laptop-asus-vivobook-14-x1404ma-eb027w
laptopworld,Laptop Asus Vivobook 14 X1404MA-EB028W (Core 5 320 | 16GB | 512GB | Intel® Graphics | 14 inch FHD | Win 11 | Bạc),https://laptopworld.vn/laptop-asus-vivobook-14-x1404ma-eb028w
laptopworld,Laptop ASUS Zenbook 14 UM3406GA-QD075W (Ryzen™ AI 7 445 | 16GB | 512GB | AMD Radeon™ Graphics | 14inch WUXGA OLED | Win 11 | Đen),https://laptopworld.vn/laptop-asus-zenbook-14-um3406ga-qd075w
laptopworld,Laptop MSI Modern 16S G3MG-016VN (Core Ultra 7 350 | 16GB | 1TB | Intel® Arc™ graphics | 16inch FHD 120Hz | Win 11 | Xám),https://laptopworld.vn/laptop-msi-modern-16s-g3mg-016vn
laptopworld,Laptop MSI Modern 16S AI+ G3MG-058VN (Core Ultra 7 355 | 32GB | 1TB | Intel® Arc™ graphics | 16inch FHD OLED | Win 11 | Xám),https://laptopworld.vn/laptop-msi-modern-16s-ai-g3mg-058vn
laptopworld,Laptop ASUS ExpertBook B1 BM1403CDA-S61612 (Ryzen 5 150 | 8GB | 512GB | AMD Radeon | 14 inch FHD | Win 11 | Xám),https://laptopworld.vn/laptop-asus-expertbook-b1-bm1403cda-s61612
laptopworld,Laptop ASUS Zenbook A14 UX3407NA-QD132WS (Snapdragon X2 Elite X2E-88-100 | 16GB | 512GB | Qualcomm® Adreno™ GPU | 14inch WUXGA OLED | Win 11 | Office | Be),https://laptopworld.vn/laptop-asus-zenbook-a14-ux3407na-qd132ws
laptopworld,Laptop ASUS Zenbook A14 UX3407NA-QD254W (Snapdragon X2 Elite X2E-88-100 | 32GB | 1TB | Qualcomm® Adreno™ GPU | 14inch WUXGA OLED | Win 11 | Xám),https://laptopworld.vn/laptop-asus-zenbook-a14-ux3407na-qd254w
laptopworld,Laptop MSI Modern 15 F1MG-1225VN (Core 5 120U | 16GB | 512GB | Intel Graphics | 15.6inch FHD | Win 11 | Xám),https://laptopworld.vn/laptop-msi-modern-15-f1mg-1225vn
laptopworld,Laptop Asus Vivobook 14 X1404MA-EB219W (Core 5 320 | 8GB | 512GB | Intel® Graphics | 14 inch FHD | Win 11 | Bạc),https://laptopworld.vn/laptop-asus-vivobook-14-x1404ma-eb219w
laptopworld,Laptop Asus Zenbook Duo UX8407AA-SN439WS (Ultra X7 358H | 32GB | 512GB | Intel® Arc™ Graphics | 14 inch 3K OLED 144Hz | Cảm ứng | Win 11 | Office | Xám),https://laptopworld.vn/laptop-asus-zenbook-duo-ux8407aa-sn439ws
laptopworld,Laptop Lenovo ThinkBook 14 G9 IPL 21UX001NVN (Ultra 7 355 | 32GB | 1TB | Intel® Graphics | 14inch WUXGA | Win 11 | Xám),https://laptopworld.vn/laptop-lenovo-thinkbook-14-g9-ipl-21ux001nvn
laptopworld,Laptop Lenovo ThinkBook 14 G9 IPL 21UX001PVN (Ultra 7 355 | 32GB | 512GB | Intel® Graphics | 14inch WUXGA | Win 11 | Xám),https://laptopworld.vn/laptop-lenovo-thinkbook-14-g9-ipl-21ux001pvn
laptopworld,Laptop Lenovo ThinkBook 14 G9 IPL 21UX001MVN (Ultra 7 355 | 16GB | 1TB | Intel® Graphics | 14inch WUXGA | Win 11 | Xám),https://laptopworld.vn/laptop-lenovo-thinkbook-14-g9-ipl-21ux001mvn
laptopworld,Laptop Lenovo ThinkBook 14 G9 IPL 21UX001LVN (Ultra 7 355 | 16GB | 512GB | Intel® Graphics | 14inch WUXGA | Win 11 | Xám),https://laptopworld.vn/laptop-lenovo-thinkbook-14-g9-ipl-21ux001lvn
laptopworld,Laptop Lenovo ThinkBook 14 G9 IPL 21UX001EVA (Ultra 7 355 | 32GB | 1TB | Intel® Graphics | 14inch WUXGA | No OS | Xám),https://laptopworld.vn/laptop-lenovo-thinkbook-14-g9-ipl-21ux001eva
laptopworld,Laptop Lenovo ThinkBook 14 G9 IPL 21UX001FVA (Ultra 7 355 | 32GB | 512GB | Intel® Graphics | 14inch WUXGA | No OS | Xám),https://laptopworld.vn/laptop-lenovo-thinkbook-14-g9-ipl-21ux001fva
laptopworld,Laptop Lenovo ThinkBook 14 G9 IPL 21UX001CVA (Ultra 7 355 | 16GB | 1TB | Intel® Graphics | 14inch WUXGA | No OS | Xám),https://laptopworld.vn/laptop-lenovo-thinkbook-14-g9-ipl-21ux001cva
laptopworld,Laptop Lenovo ThinkBook 14 G9 IPL 21UX001DVA (Ultra 7 355 | 16GB | 512GB | Intel® Graphics | 14inch WUXGA | No OS | Xám),https://laptopworld.vn/laptop-lenovo-thinkbook-14-g9-ipl-21ux001dva
laptopworld,Laptop Lenovo ThinkBook 16 G9 AHP 21UT005LVN (Ryzen™ 7 250 | 32GB | 1TB | AMD Radeon™ 740M Graphics | 16inch WUXGA | Win 11 | Xám),https://laptopworld.vn/laptop-lenovo-thinkbook-16-g9-ahp-21ut005lvn
laptopworld,Laptop Lenovo ThinkBook 16 G9 AHP 21UT005FVN (Ryzen™ 7 250 | 32GB | 512GB | AMD Radeon™ 740M Graphics | 16inch WUXGA | Win 11 | Xám),https://laptopworld.vn/laptop-lenovo-thinkbook-16-g9-ahp-21ut005fvn
laptopworld,Laptop Lenovo ThinkBook 16 G9 AHP 21UT005HVN (Ryzen™ 7 250 | 16GB | 1TB | AMD Radeon™ 740M Graphics | 16inch WUXGA | Win 11 | Xám),https://laptopworld.vn/laptop-lenovo-thinkbook-16-g9-ahp-21ut005hvn
laptopworld,Laptop Lenovo ThinkBook 16 G9 AHP 21UT005MVN (Ryzen™ 7 250 | 16GB | 512GB | AMD Radeon™ 740M Graphics | 16inch WUXGA | Win 11 | Xám),https://laptopworld.vn/laptop-lenovo-thinkbook-16-g9-ahp-21ut005mvn
laptopworld,Laptop Lenovo ThinkBook 16 G9 AHP 21UT005KVN (Ryzen™ 5 220 | 32GB | 1TB | AMD Radeon™ 740M Graphics | 16inch WUXGA | Win 11 | Xám),https://laptopworld.vn/laptop-lenovo-thinkbook-16-g9-ahp-21ut005kvn
laptopworld,Laptop Lenovo ThinkBook 16 G9 AHP 21UT005GVN (Ryzen™ 5 220 | 32GB | 512GB | AMD Radeon™ 740M Graphics | 16inch WUXGA | Win 11 | Xám),https://laptopworld.vn/laptop-lenovo-thinkbook-16-g9-ahp-21ut005gvn
laptopworld,Laptop Lenovo ThinkBook 16 G9 AHP 21UT005JVN (Ryzen™ 5 220 | 16GB | 1TB | AMD Radeon™ 740M Graphics | 16inch WUXGA | Win 11 | Xám),https://laptopworld.vn/laptop-lenovo-thinkbook-16-g9-ahp-21ut005jvn
laptopworld,Laptop HP ProBook 4 G2i 14 DK2W4AT (Ultra 5 325 | 16GB | 512GB | Intel® Graphics | 14 inch WUXGA | Win 11 | Bạc),https://laptopworld.vn/laptop-hp-probook-4-g2i-14-dk2w4at
laptopworld,Laptop HP ProBook 4 G2i 14 DK2W9AT (Ultra 5 325 | 24GB | 512GB | Intel® Graphics | 14 inch WUXGA | Win 11 | Bạc),https://laptopworld.vn/laptop-hp-probook-4-g2i-14-dk2w9at
laptopworld,Laptop HP ProBook 4 G2i 14 DK2X1AT (Ultra 7 355 | 16GB | 512GB | Intel® Graphics | 14 inch WUXGA | Win 11 | Bạc),https://laptopworld.vn/laptop-hp-probook-4-g2i-14-dk2x1at
laptopworld,Laptop HP ProBook 4 G2i 14 DK2X3AT (Ultra 7 355 | 24GB | 512GB | Intel® Graphics | 14 inch WUXGA | Win 11 | Bạc),https://laptopworld.vn/laptop-hp-probook-4-g2i-14-dk2x3at
laptopworld,Laptop Lenovo Yoga Slim 7 Ultra 14IPH11 83QK0016VN (Ultra X9 388H | 32GB | 1TB | Intel® Arc™ B390 GPU | 14inch 2.8K OLED | Cảm ứng | Win 11 | Office | Trắng kem),https://laptopworld.vn/laptop-lenovo-yoga-slim-7-ultra-14iph11-83qk0016vn
laptopworld,Laptop Lenovo Yoga Slim 7 Ultra 14IPH11 83QK006GVN (Ultra 7 355 | 32GB | 1TB | Intel® Graphics | 14inch 2.8K OLED | Win 11 | Office | Xanh),https://laptopworld.vn/laptop-lenovo-yoga-slim-7-ultra-14iph11-83qk006gvn
laptopworld,Laptop Lenovo Yoga Slim 7 Ultra 14IPH11 83QK0015VN (Ultra 7 355 | 32GB | 1TB | Intel® Graphics | 14inch 2.8K OLED | Win 11 | Office | Trắng kem),https://laptopworld.vn/laptop-lenovo-yoga-slim-7-ultra-14iph11-83qk0015vn
laptopworld,Laptop Lenovo Yoga Slim 7 14IPH11 83QM0076VN (Ultra 7 355 | 16GB | 512GB | Intel® Graphics | 14inch WUXGA OLED | Win 11 | Office | Trắng kem),https://laptopworld.vn/laptop-lenovo-yoga-slim-7-14iph11-83qm0076vn
laptopworld,Laptop Lenovo Yoga Slim 7 14IPH11 83QM0075VN (Ultra 7 355 | 16GB | 512GB | Intel® Graphics | 14inch WUXGA OLED | Win 11 | Office | Xám),https://laptopworld.vn/laptop-lenovo-yoga-slim-7-14iph11-83qm0075vn
laptopworld,Laptop Lenovo IdeaPad Slim 5 14AGP11 83S1003FVN (Ryzen™ AI 7 445 | 32GB | 512GB | AMD Radeon™ 840M | 14inch WUXGA OLED | Win 11 | Xám),https://laptopworld.vn/laptop-lenovo-ideapad-slim-5-14agp11-83s1003fvn
laptopworld,Laptop Lenovo IdeaPad Slim 5 14AGP11 83S1006RVN (Ryzen™ AI 7 445 | 16GB | 512GB | AMD Radeon™ 840M | 14inch WUXGA OLED | Win 11 | Xám),https://laptopworld.vn/laptop-lenovo-ideapad-slim-5-14agp11-83s1006rvn
laptopworld,Laptop Lenovo ThinkBook 16 G9 AHP 21UT005NVN (Ryzen™ 5 220 | 16GB | 512GB | AMD Radeon™ 740M Graphics | 16inch WUXGA | Win 11 | Xám),https://laptopworld.vn/laptop-lenovo-thinkbook-16-g9-ahp-21ut005nvn
laptopworld,Laptop Lenovo ThinkBook 16 G9 IPL 21UR000VVN (Ultra 7 355 | 32GB | 1TB | Intel® Graphics | 16inch WUXGA | Win 11 | Xám),https://laptopworld.vn/laptop-lenovo-thinkbook-16-g9-ipl-21ur000vvn
laptopworld,Laptop Lenovo ThinkBook 16 G9 IPL 21UR0016VN (Ultra 7 355 | 32GB | 512GB | Intel® Graphics | 16inch WUXGA | Win 11 | Xám),https://laptopworld.vn/laptop-lenovo-thinkbook-16-g9-ipl-21ur0016vn
laptopworld,Laptop Lenovo ThinkBook 16 G9 IPL 21UR001BVN (Ultra 7 355 | 16GB | 1TB | Intel® Graphics | 16inch WUXGA | Win 11 | Xám),https://laptopworld.vn/laptop-lenovo-thinkbook-16-g9-ipl-21ur001bvn
laptopworld,Laptop Lenovo ThinkBook 16 G9 IPL 21UR0014VN (Ultra 7 355 | 16GB | 512GB | Intel® Graphics | 16inch WUXGA | Win 11 | Xám),https://laptopworld.vn/laptop-lenovo-thinkbook-16-g9-ipl-21ur0014vn
laptopworld,Laptop Lenovo ThinkBook 16 G9 IPL 21UR0012VA (Ultra 7 355 | 32GB | 1TB | Intel® Graphics | 16inch WUXGA | No OS | Xám),https://laptopworld.vn/laptop-lenovo-thinkbook-16-g9-ipl-21ur0012va
laptopworld,Laptop Lenovo ThinkBook 16 G9 IPL 21UR0011VA (Ultra 7 355 | 32GB | 512GB | Intel® Graphics | 16inch WUXGA | No OS | Xám),https://laptopworld.vn/laptop-lenovo-thinkbook-16-g9-ipl-21ur0011va
laptopworld,Laptop Lenovo ThinkBook 16 G9 IPL 21UR0015VA (Ultra 7 355 | 16GB | 1TB | Intel® Graphics | 16inch WUXGA | No OS | Xám),https://laptopworld.vn/laptop-lenovo-thinkbook-16-g9-ipl-21ur0015va
laptopworld,Laptop Lenovo ThinkBook 16 G9 IPL 21UR0010VA (Ultra 7 355 | 16GB | 512GB | Intel® Graphics | 16inch WUXGA | No OS | Xám),https://laptopworld.vn/laptop-lenovo-thinkbook-16-g9-ipl-21ur0010va
laptopworld,Laptop Lenovo ThinkPad T14 Gen 6 (Ultra 5 228V | 32GB | 512GB | Intel® Arc™ Graphics 130V | 14.0inch WUXGA | NO OS | Đen),https://laptopworld.vn/laptop-lenovo-thinkpad-t14-gen-6-ultra-5-228v-32gb-512gb-intel-arc-graphics-130v-14-0inch-wuxga-no-os-den
laptopworld,Laptop Lenovo ThinkBook 16 G9 IPL 21UR001AVN (Ultra 5 325 | 32GB | 1TB | Intel® Graphics | 16inch WUXGA | Win 11 | Xám),https://laptopworld.vn/laptop-lenovo-thinkbook-16-g9-ipl-21ur001avn
laptopworld,Laptop Lenovo ThinkBook 16 G9 IPL 21UR000YVN (Ultra 5 325 | 32GB | 512GB | Intel® Graphics | 16inch WUXGA | Win 11 | Xám),https://laptopworld.vn/laptop-lenovo-thinkbook-16-g9-ipl-21ur000yvn
laptopworld,Laptop Lenovo ThinkBook 16 G9 IPL 21UR000WVN (Ultra 5 325 | 16GB | 1TB | Intel® Graphics | 16inch WUXGA | Win 11 | Xám),https://laptopworld.vn/laptop-lenovo-thinkbook-16-g9-ipl-21ur000wvn
laptopworld,Laptop Lenovo ThinkBook 16 G9 IPL 21UR000XVN (Ultra 5 325 | 16GB | 512GB | Intel® Graphics | 16inch WUXGA | Win 11 | Xám),https://laptopworld.vn/laptop-lenovo-thinkbook-16-g9-ipl-21ur000xvn
laptopworld,Laptop Lenovo ThinkBook 16 G9 IPL 21UR0017VA (Ultra 5 325 | 32GB | 1TB | Intel® Graphics | 16inch WUXGA | No OS | Xám),https://laptopworld.vn/laptop-lenovo-thinkbook-16-g9-ipl-21ur0017va
laptopworld,Laptop Lenovo ThinkBook 16 G9 IPL 21UR0018VA (Ultra 5 325 | 32GB | 512GB | Intel® Graphics | 16inch WUXGA | No OS | Xám),https://laptopworld.vn/laptop-lenovo-thinkbook-16-g9-ipl-21ur0018va
laptopworld,Laptop Lenovo ThinkBook 16 G9 IPL 21UR0019VA (Ultra 5 325 | 16GB | 1TB | Intel® Graphics | 16inch WUXGA | No OS | Xám),https://laptopworld.vn/laptop-lenovo-thinkbook-16-g9-ipl-21ur0019va
laptopworld,Laptop Lenovo ThinkPad T14s Gen 6 21QX000JVN (Ultra 7 258V | 32GB | 1TB | Intel Arc Graphics 140V | 14.0inch WUXGA | Win 11 Pro | Đen),https://laptopworld.vn/laptop-lenovo-thinkpad-t14s-gen-6-21qx000jvn
laptopworld,Laptop Lenovo ThinkPad T14s Gen 6 21QX00LFVN (Ultra 7 258V | 32GB | 512GB | Intel Arc Graphics 140V | 14.0inch WUXGA | Win 11 Pro | Đen),https://laptopworld.vn/laptop-lenovo-thinkpad-t14s-gen-6-21qx00lfvn
laptopworld,Laptop Lenovo ThinkPad T14s Gen 6 21QX00LKVN (Ultra 5 228V | 32GB | 512GB | Intel Arc Graphics 130V | 14.0inch WUXGA | Win 11 Pro | Đen),https://laptopworld.vn/laptop-lenovo-thinkpad-t14s-gen-6-21qx00lkvn
laptopworld,Laptop ASUS ExpertBook P3 G1 P3606CCAP-U716W (Ultra 7 255H | 16GB | 512GB | Intel® Arc™ Graphics | 16.0inch WUXGA | Win 11 | Xám),https://laptopworld.vn/laptop-asus-expertbook-p3-g1-p3606ccap-u716w
laptopworld,Laptop ASUS ExpertBook P3 G1 P3406CCAP-U516W (Ultra 5 225H | 16GB | 512GB | Intel® Graphics | 14.0inch WUXGA | Win 11 | Xám),https://laptopworld.vn/laptop-asus-expertbook-p3-g1-p3406ccap-u516w
laptopworld,Laptop ASUS ExpertBook P3 G1 P3406CCAP-U716W (Ultra 7 255H | 16GB | 512GB | Intel® Graphics | 14.0inch WUXGA | Win 11 | Xám),https://laptopworld.vn/laptop-asus-expertbook-p3-g1-p3406ccap-u716w
laptopworld,Laptop ASUS ExpertBook P5 G1 OLED P5606CCA-SH0026W (Ultra 5 225H | 16GB | 512GB | Intel® Graphics | 16 inch OLED WUXGA | Win 11 | Xám),https://laptopworld.vn/laptop-asus-expertbook-p5-g1-oled-p5606cca-sh0026w
laptopworld,Laptop ASUS ExpertBook P5 G1 OLED P5606CCA-SH0027W (Ultra 7 255H | 16GB | 512GB | Intel® Graphics | 16 inch OLED WUXGA | Win 11 | Xám),https://laptopworld.vn/laptop-asus-expertbook-p5-g1-oled-p5606cca-sh0027w
laptopworld,Laptop ASUS ExpertBook P5 G1 OLED P5406CCA-SF0045W (Ultra 5 225H | 16GB | 512GB | Intel® Graphics | 14 inch OLED WUXGA | Win 11 | Xám),https://laptopworld.vn/laptop-asus-expertbook-p5-g1-oled-p5406cca-sf0045w
laptopworld,Laptop ASUS ExpertBook P5 G1 OLED P5406CCA-SF0047W (Ultra 7 255H | 16GB | 512GB | Intel® Graphics | 14 inch OLED WUXGA | Win 11 | Xám),https://laptopworld.vn/laptop-asus-expertbook-p5-g1-oled-p5406cca-sf0047w
laptopworld,Laptop ASUS ExpertBook P5 G2 P5605CAA-PL0092W (Ultra 5 325 | 16GB | 512GB | Intel® Graphics | 16 inch WQXGA | Win 11 | Xám),https://laptopworld.vn/laptop-asus-expertbook-p5-g2-p5605caa-pl0092w
laptopworld,Laptop ASUS ExpertBook P5 G2 P5605CAA-PL0057W (Ultra 7 355 | 16GB | 512GB | Intel® Graphics | 16 inch WQXGA | Win 11 | Xám),https://laptopworld.vn/laptop-asus-expertbook-p5-g2-p5605caa-pl0057w
laptopworld,Laptop ASUS ExpertBook P5 P5405CAA-NZ0116W (Ultra 5 325 | 16GB | 512GB | Intel® Graphics | 14 inch WQXGA | Win 11 | Xám),https://laptopworld.vn/laptop-asus-expertbook-p5-p5405caa-nz0116w
laptopworld,Laptop ASUS ExpertBook P5 P5405CAA-NZ0117W (Ultra 7 355 | 16GB | 512GB | Intel® Graphics | 14 inch WQXGA | Win 11 | Xám),https://laptopworld.vn/laptop-asus-expertbook-p5-p5405caa-nz0117w
laptopworld,Laptop ASUS ExpertBook P5 P5405CAA-NZ0223W (Ultra 7 356H | 16GB | 512GB | Intel® Graphics | 14 inch WQXGA | Win 11 | Xám),https://laptopworld.vn/laptop-asus-expertbook-p5-p5405caa-nz0223w
laptopworld,Laptop ASUS ExpertBook P1 P1503CVA-C5H08256-50 (Core 5 210H | 8GB | 256GB | Intel® Graphics | 15.6inch FHD | No OS | Xám),https://laptopworld.vn/laptop-asus-expertbook-p1-p1503cva-c5h08256-50
laptopworld,Laptop ASUS ExpertBook P1 P1403CVA-C5H08256-50 (Core™ 5 210H | 8GB | 256GB | Intel® Graphics | 14inch FHD | No OS | Xám),https://laptopworld.vn/laptop-asus-expertbook-p1-p1403cva-c5h08256-50
laptopworld,Laptop ASUS ExpertBook P1 P1503CVA-C3U08256-50 (Core 3 100U | 8GB | 256GB | Intel® Graphics | 15.6inch FHD | No OS | Xám),https://laptopworld.vn/laptop-asus-expertbook-p1-p1503cva-c3u08256-50
laptopworld,Laptop ASUS ExpertBook P1 P1403CVA-C3U08256-50 (Core 3 100U | 8GB | 256GB | Intel® Graphics | 14inch FHD | No OS | Xám),https://laptopworld.vn/laptop-asus-expertbook-p1-p1403cva-c3u08256-50
laptopworld,Laptop Lenovo ThinkBook 16 G9 IPL 21UR0013VA (Ultra 5 325 | 16GB | 512GB | Intel® Graphics | 16inch WUXGA | No OS | Xám),https://laptopworld.vn/laptop-lenovo-thinkbook-16-g9-ipl-21ur0013va
laptopworld,Laptop Lenovo ThinkBook 16 G8 IAL 21SK00FHVN (Ultra 5 135H | 16GB | 1TB | Intel® Arc™ Graphics | 16 inch WUXGA | Win 11 | Xám),https://laptopworld.vn/laptop-lenovo-thinkbook-16-g8-ial-21sk00fhvn
laptopworld,Laptop Lenovo ThinkBook 16 G8 IAL 21SK00FGVN (Ultra 5 135H | 16GB | 512GB | Intel® Arc™ Graphics | 16 inch WUXGA | Win 11 | Xám),https://laptopworld.vn/laptop-lenovo-thinkbook-16-g8-ial-21sk00fgvn
laptopworld,Laptop Lenovo ThinkBook 16 G8 IAL 21SK00GFVA (Ultra 5 135H | 16GB | 1TB | Intel® Arc™ Graphics | 16 inch WUXGA | No OS | Xám),https://laptopworld.vn/laptop-lenovo-thinkbook-16-g8-ial-21sk00gfva
laptopworld,Laptop Lenovo ThinkBook 16 G8 IAL 21SK00FFVA (Ultra 5 135H | 16GB | 512GB | Intel® Arc™ Graphics | 16 inch WUXGA | No OS | Xám),https://laptopworld.vn/laptop-lenovo-thinkbook-16-g8-ial-21sk00ffva
laptopworld,Laptop Lenovo ThinkBook 14 G9 AHP 21V0005LVN (Ryzen™ 7 250 | 32GB | 1TB | AMD Radeon™ 780M Graphics | 14inch WUXGA | Win 11 | Xám),https://laptopworld.vn/laptop-lenovo-thinkbook-14-g9-ahp-21v0005lvn
laptopworld,Laptop Lenovo ThinkBook 14 G9 AHP 21V0005MVN (Ryzen™ 7 250 | 32GB | 512GB | AMD Radeon™ 780M Graphics | 14inch WUXGA | Win 11 | Xám),https://laptopworld.vn/laptop-lenovo-thinkbook-14-g9-ahp-21v0005mvn
laptopworld,Laptop Lenovo ThinkBook 14 G9 AHP 21V0005QVN (Ryzen™ 7 250 | 16GB | 1TB | AMD Radeon™ 780M Graphics | 14inch WUXGA | Win 11 | Xám),https://laptopworld.vn/laptop-lenovo-thinkbook-14-g9-ahp-21v0005qvn
laptopworld,Gói bảo vệ tai nạn 12 tháng laptop Asus GBH0010,https://laptopworld.vn/goi-bao-ve-tai-nan-12-thang-laptop-asus-gbh0010
laptopworld,Gói bảo vệ tai nạn 24 tháng laptop Asus GBH0011,https://laptopworld.vn/goi-bao-ve-tai-nan-24-thang-laptop-asus-gbh0011
laptopworld,Laptop Lenovo ThinkBook 14 G9 AHP 21V0005PVN (Ryzen™ 7 250 | 16GB | 512GB | AMD Radeon™ 780M Graphics | 14inch WUXGA | Win 11 | Xám),https://laptopworld.vn/laptop-lenovo-thinkbook-14-g9-ahp-21v0005pvn
laptopworld,Laptop Lenovo ThinkBook 14 G9 AHP 21V0005SVN (Ryzen™ 5 220 | 32GB | 1TB | AMD Radeon™ 740M Graphics | 14inch WUXGA | Win 11 | Xám),https://laptopworld.vn/laptop-lenovo-thinkbook-14-g9-ahp-21v0005svn
laptopworld,Laptop Lenovo ThinkBook 14 G9 AHP 21V0005TVN (Ryzen™ 5 220 | 32GB | 512GB | AMD Radeon™ 740M Graphics | 14inch WUXGA | Win 11 | Xám),https://laptopworld.vn/laptop-lenovo-thinkbook-14-g9-ahp-21v0005tvn
laptopworld,Laptop Lenovo ThinkBook 14 G9 AHP 21V0005RVN (Ryzen™ 5 220 | 16GB | 1TB | AMD Radeon™ 740M Graphics | 14inch WUXGA | Win 11 | Xám),https://laptopworld.vn/laptop-lenovo-thinkbook-14-g9-ahp-21v0005rvn
laptopworld,Laptop Lenovo Thinkbook 14 G9 IRL 21UY0095VN (Core 7 240H | 32GB | 1TB | Intel® Graphics | 14inch WUXGA | Win 11 | Xám),https://laptopworld.vn/laptop-lenovo-thinkbook-14-g9-irl-21uy0095vn
laptopworld,Laptop Lenovo Thinkbook 14 G9 IRL 21UY0093VN (Core 7 240H | 32GB | 512GB | Intel® Graphics | 14inch WUXGA | Win 11 | Xám),https://laptopworld.vn/laptop-lenovo-thinkbook-14-g9-irl-21uy0093vn
laptopworld,Laptop Lenovo Thinkbook 14 G9 IRL 21UY0094VN (Core 7 240H | 16GB | 1TB | Intel® Graphics | 14inch WUXGA | Win 11 | Xám),https://laptopworld.vn/laptop-lenovo-thinkbook-14-g9-irl-21uy0094vn
laptopworld,Laptop Lenovo Thinkbook 14 G9 IRL 21UY008RVA (Core 7 240H | 32GB | 1TB | Intel® Graphics |14inch WUXGA | No OS | Xám),https://laptopworld.vn/laptop-lenovo-thinkbook-14-g9-irl-21uy008rva
laptopworld,Laptop Lenovo Thinkbook 14 G9 IRL 21UY008SVA (Core 7 240H | 32GB | 512GB | Intel® Graphics |14inch WUXGA | No OS | Xám),https://laptopworld.vn/laptop-lenovo-thinkbook-14-g9-irl-21uy008sva
laptopworld,Laptop Lenovo Thinkbook 14 G9 IRL 21UY008QVA (Core 7 240H | 16GB | 1TB | Intel® Graphics |14inch WUXGA | No OS | Xám),https://laptopworld.vn/laptop-lenovo-thinkbook-14-g9-irl-21uy008qva
laptopworld,Laptop Lenovo V15 G5 IRL 83HF0049VN (Core™ 7 240H | 16GB | 1TB | Intel® Graphics | 15.6 inch FHD | Win 11 | Đen),https://laptopworld.vn/laptop-lenovo-v15-g5-irl-83hf0049vn
laptopworld,Laptop Lenovo V15 G5 IRL 83HF004AVN (Core™ 7 240H | 16GB | 1TB | Intel® Graphics | 15.6 inch FHD | Win 11 | Xám),https://laptopworld.vn/laptop-lenovo-v15-g5-irl-83hf004avn
laptopworld,Laptop Lenovo V15 G5 IRL 83HF004DVN (Core™ 7 240H | 16GB | 512GB | Intel® Graphics | 15.6 inch FHD | Win 11 | Xám),https://laptopworld.vn/laptop-lenovo-v15-g5-irl-83hf004dvn
laptopworld,Laptop Lenovo V15 G5 IRL 83HF0046VN (Core™ 7 240H | 8GB | 512GB | Intel® Graphics | 15.6 inch FHD | Win 11 | Xám),https://laptopworld.vn/laptop-lenovo-v15-g5-irl-83hf0046vn
laptopworld,Laptop Lenovo V15 G5 IRL 83HF004FVA (Core™ 7 240H | 16GB | 1TB | Intel® Graphics | 15.6 inch FHD | No OS | Đen),https://laptopworld.vn/laptop-lenovo-v15-g5-irl-83hf004fva
laptopworld,Laptop Lenovo V15 G5 IRL 83HF004EVA (Core™ 7 240H | 16GB | 1TB | Intel® Graphics | 15.6 inch FHD | No OS | Xám),https://laptopworld.vn/laptop-lenovo-v15-g5-irl-83hf004eva
laptopworld,Laptop Lenovo V15 G5 IRL 83HF004MVA (Core™ 7 240H | 16GB | 512GB | Intel® Graphics | 15.6 inch FHD | No OS | Xám),https://laptopworld.vn/laptop-lenovo-v15-g5-irl-83hf004mva
laptopworld,Laptop Lenovo V15 G5 IRL 83HF004JVA (Core™ 7 240H | 8GB | 512GB | Intel® Graphics | 15.6 inch FHD | No OS | Xám),https://laptopworld.vn/laptop-lenovo-v15-g5-irl-83hf004jva
laptopworld,Laptop Lenovo V15 G5 IRL 83HF004KVA (Core 5 210H | 16GB | 1TB | Intel® Graphics | 15.6 inch FHD | NoOS | Đen),https://laptopworld.vn/laptop-lenovo-v15-g5-irl-83hf004kva
laptopworld,Laptop Lenovo V15 G5 IRL 83HF00BXVN (Core i7-13620H | 16GB | 512GB | Intel® UHD Graphics | 15.6 inch FHD | Win 11 | Xám),https://laptopworld.vn/laptop-lenovo-v15-g5-irl-83hf00bxvn
laptopworld,Laptop Lenovo V15 G5 IRL 83HF00BWVN (Core i7-13620H | 8GB | 512GB | Intel® UHD Graphics | 15.6 inch FHD | Win 11 | Xám),https://laptopworld.vn/laptop-lenovo-v15-g5-irl-83hf00bwvn
laptopworld,Laptop Lenovo V14 G5 IRL 83HD0037VN (Core™ 7 240H | 16GB | 1TB | Intel® Graphics | 14 inch FHD | Win 11 | Đen),https://laptopworld.vn/laptop-lenovo-v14-g5-irl-83hd0037vn
laptopworld,Laptop Lenovo V14 G5 IRL 83HD0034VN (Core™ 7 240H | 16GB | 1TB | Intel® Graphics | 14 inch FHD | Win 11 | Xám),https://laptopworld.vn/laptop-lenovo-v14-g5-irl-83hd0034vn
laptopworld,Laptop Lenovo V14 G5 IRL 83HD0035VN (Core™ 7 240H | 16GB | 512GB | Intel® Graphics | 14 inch FHD | Win 11 | Xám),https://laptopworld.vn/laptop-lenovo-v14-g5-irl-83hd0035vn
laptopworld,Laptop Lenovo V14 G5 IRL 83HD0030VN (Core 7 240H | 8GB | 512GB | Intel® Graphics | 14 inch FHD | Win 11 | Đen),https://laptopworld.vn/laptop-lenovo-v14-g5-irl-83hd0030vn
laptopworld,Laptop Lenovo V14 G5 IRL 83HD0036VN (Core™ 5 210H | 16GB | 1TB | Intel® Graphics | 14 inch FHD | Win 11 | Đen),https://laptopworld.vn/laptop-lenovo-v14-g5-irl-83hd0036vn
laptopworld,Laptop Lenovo V14 G5 IRL 83HD0032VN (Core™ 5 210H | 16GB | 1TB | Intel® Graphics | 14 inch FHD | Win 11 | Xám),https://laptopworld.vn/laptop-lenovo-v14-g5-irl-83hd0032vn
laptopworld,Laptop Lenovo V14 G5 IRL 83HD0033VN (Core™ 5 210H | 16GB | 512GB | Intel® Graphics | 14 inch FHD | Win 11 | Xám),https://laptopworld.vn/laptop-lenovo-v14-g5-irl-83hd0033vn
laptopworld,Laptop Lenovo V14 G5 IRL 83HD0031VN (Core™ 5 210H | 8GB | 512GB | Intel® Graphics | 14 inch FHD | Win 11 | Xám),https://laptopworld.vn/laptop-lenovo-v14-g5-irl-83hd0031vn
laptopworld,Laptop Lenovo V14 G5 IRL 83HD003BVA (Core™ 5 210H | 16GB | 1TB | Intel® Graphics | 14 inch FHD | No OS | Đen),https://laptopworld.vn/laptop-lenovo-v14-g5-irl-83hd003bva
laptopworld,Laptop Lenovo V14 G5 IRL 83HD003AVA (Core™ 5 210H | 16GB | 1TB | Intel® Graphics | 14 inch FHD | No OS | Xám),https://laptopworld.vn/laptop-lenovo-v14-g5-irl-83hd003ava
laptopworld,Laptop Lenovo V14 G5 IRL 83HD0039VA (Core 5 210H | 16GB | 512GB | Intel® Graphics | 14 inch FHD | No OS | Xám),https://laptopworld.vn/laptop-lenovo-v14-g5-irl-83hd0039va
laptopworld,Laptop Lenovo V14 G5 IRL 83HD0005VN (Core™ 3 100U | 16GB | 512GB | Intel® Graphics | 14 inch FHD | Win 11 | Xám),https://laptopworld.vn/laptop-lenovo-v14-g5-irl-83hd0005vn
laptopworld,Laptop Lenovo V14 G5 IRL 83HD0007VN (Core™ 3 100U | 8GB | 512GB | Intel® Graphics | 14 inch FHD | Win 11 | Xám),https://laptopworld.vn/laptop-lenovo-v14-g5-irl-83hd0007vn
laptopworld,Laptop Lenovo V14 G5 IRL 83HD005HVN (Core™ i7-13620H | 16GB | 512GB | Intel® UHD Graphics | 14 inch FHD | Win 11 | Xám),https://laptopworld.vn/laptop-lenovo-v14-g5-irl-83hd005hvn
laptopworld,Laptop Lenovo V14 G5 IRL 83HD005MVN (Core™ i7-13620H | 8GB | 512GB | Intel® UHD Graphics | 14 inch FHD | Win 11 | Xám),https://laptopworld.vn/laptop-lenovo-v14-g5-irl-83hd005mvn
laptopworld,Laptop Lenovo V14 G5 IRL 83HD005FVA (Core™ i7-13620H | 16GB | 512GB | Intel® UHD Graphics | 14 inch FHD | No OS | Xám),https://laptopworld.vn/laptop-lenovo-v14-g5-irl-83hd005fva
laptopworld,Laptop Lenovo V14 G5 IRL 83HD005LVN (Core i5-13420H | 8GB | 512GB | Intel® UHD Graphics | 14 inch FHD | Win 11 | Xám),https://laptopworld.vn/laptop-lenovo-v14-g5-irl-83hd005lvn
laptopworld,Laptop Lenovo V14 G5 IRL 83HD005GVA (Core i5-13420H | 8GB | 256GB | Intel® UHD Graphics | 14 inch FHD | NoOS | Xám),https://laptopworld.vn/laptop-lenovo-v14-g5-irl-83hd005gva
laptopworld,Laptop Lenovo ThinkPad X1 Carbon Gen 13 U7 Aura Edition (Ultra 7 255H | 32GB | 1TB | Intel® Arc™ Graphics | 14.0 inch WUXGA | Win 11 Pro | Đen),https://laptopworld.vn/laptop-lenovo-thinkpad-x1-carbon-gen-13-u7-aura-edition
laptopworld,Laptop Asus ExpertBook B9 B9406CAA-X7642TW (Ultra X7 358H | 64GB | 2TB | Intel® Arc™ Graphics | 14 inch 3K Tandem OLED | Cảm ứng | Win 11 | Xám),https://laptopworld.vn/laptop-asus-expertbook-b9-b9406caa-x7642tw
laptopworld,Laptop Asus ExpertBook B9 B9406CAA-X7321TW (Ultra X7 358H | 32GB | 1TB | Intel® Arc™ Graphics | 14 inch 3K Tandem OLED | Cảm ứng | Win 11 | Xám),https://laptopworld.vn/laptop-asus-expertbook-b9-b9406caa-x7321tw
laptopworld,Laptop Lenovo ThinkPad X9-14 Gen 1 Aura Edition 21QA006FVN (Ultra 5 228V | 32GB | 512GB | Intel® Arc™ Graphics 130V | 14 inch WUXGA OLED | Win 11 Pro | Xám),https://laptopworld.vn/laptop-lenovo-thinkpad-x9-14-gen-1-aura-edition-21qa006fvn
laptopworld,Laptop Lenovo ThinkPad E16 Gen 3 21SR002SVN (Ultra 7 255H | 32GB | 512GB | Intel® Arc™ 140T GPU | 16.0inch WUXGA | Win 11| Đen),https://laptopworld.vn/laptop-lenovo-thinkpad-e16-gen-3-21sr002svn
laptopworld,Laptop Lenovo ThinkBook 14 G9 AHP 21V0005NVN (Ryzen™ 5 220 | 16GB | 512GB | AMD Radeon™ 740M Graphics | 14inch WUXGA | Win 11 | Xám),https://laptopworld.vn/laptop-lenovo-thinkbook-14-g9-ahp-21v0005nvn
laptopworld,Laptop Lenovo ThinkBook 14 G7 ARP 21MV00KUVN (Ryzen™ 5 150 | 16GB | 512GB | AMD Radeon 660M Graphics | 14 inch WUXGA | Win 11 | Xám),https://laptopworld.vn/laptop-lenovo-thinkbook-14-g7-arp-21mv00kuvn
laptopworld,Laptop HP EliteBook 8 G1i 14 D8CJ9AT (Ultra 5 238V | 32GB | 512GB | Intel® Arc™ Graphics | 14.0inch WUXGA | Cảm ứng | Win 11 Pro | Bạc),https://laptopworld.vn/laptop-hp-elitebook-8-g1i-14-d8cj9at
laptopworld,Laptop HP EliteBook 8 G1i 14 D85ZNAT (Ultra 7 258V | 32GB | 512GB | Intel® Arc™ Graphics | 14.0inch WUXGA | Win 11 | Bạc),https://laptopworld.vn/laptop-hp-elitebook-8-g1i-14-d85znat
laptopworld,Laptop Asus Vivobook 15 X1504MA-BQ633W (Core™ 7 350 | 8GB | 512GB | Intel® Graphics | 15.6inch FHD 60Hz | Win 11 | Bạc),https://laptopworld.vn/laptop-asus-vivobook-15-x1504ma-bq633w
laptopworld,Laptop Asus Vivobook 15 X1504MA-BQ632W (Core™ 5 320 | 8GB | 512GB | Intel® Graphics | 15.6inch FHD 60Hz | Win 11 | Bạc),https://laptopworld.vn/laptop-asus-vivobook-15-x1504ma-bq632w
laptopworld,Laptop Lenovo ThinkPad X9-15 Gen 1 Aura Edition 21Q60053VN (Ultra 7 258V | 32GB | 512GB | Intel Arc Graphics 140V | 15.3 inch 2.8K OLED | Win 11 Pro | Xám),https://laptopworld.vn/laptop-lenovo-thinkpad-x9-15-gen-1-aura-edition-21q60053vn
laptopworld,Laptop Asus Zenbook Duo UX8407AA-SN138WS (Ultra X9 388H | 32GB | 1TB | Intel® Arc™ Graphics | 14 inch 3K OLED 144Hz | Cảm ứng | Win 11 | Office | Xám),https://laptopworld.vn/laptop-asus-zenbook-duo-ux8407aa-sn138ws
laptopworld,Laptop HP ProBook 4 G1ah 16 C40JPAT (AMD Ryzen™ 5 220 | 16GB | 512GB | AMD Radeon™ 740M Graphics | 16 inch WUXGA | Win 11 | Bạc),https://laptopworld.vn/laptop-hp-probook-4-g1ah-16-c40jpat
laptopworld,Laptop HP ProBook 4 G1ah 14 C40JNAT (AMD Ryzen™ 5 220 | 16GB | 512GB | AMD Radeon™ 740M Graphics | 14 inch WUXGA | Win 11 | Bạc),https://laptopworld.vn/laptop-hp-probook-4-g1ah-14-c40jnat
laptopworld,Laptop HP AI 14-hc0028TU D72BJPA (Ultra 5 225U | 16GB | 512GB | Intel® Graphics | 14 inch FHD | Win 11 | Bạc),https://laptopworld.vn/laptop-hp-ai-14-hc0028tu-d72bjpa
laptopworld,Laptop HP 14-ep1012TU D72CPPA (Core 5-120U | 16GB | 512GB | Intel® Graphics | 14 inch FHD | Win 11 | Bạc),https://laptopworld.vn/laptop-hp-14-ep1012tu-d72cppa
laptopworld,Laptop Lenovo IdeaPad Slim 3 14IWC11 83RQ003RVN (Core™ 7 350 | 16GB | 512GB | Intel® Graphics | 14inch WUXGA | Win 11 | Xám),https://laptopworld.vn/laptop-lenovo-ideapad-slim-3-14iwc11-83rq003rvn
laptopworld,Laptop Lenovo IdeaPad Slim 3 14IWC11 83RQ002NVN (Core™ 5 320 | 16GB | 512GB | Intel® Graphics | 14inch WUXGA | Win 11 | Xám),https://laptopworld.vn/laptop-lenovo-ideapad-slim-3-14iwc11-83rq002nvn
laptopworld,Laptop Lenovo IdeaPad Slim 3 14IPH11 83UQ003NVN (Ultra 5 322 | 16GB | 512GB | Intel® Graphics | 14inch WUXGA | Win 11 | Xám),https://laptopworld.vn/laptop-lenovo-ideapad-slim-3-14iph11-83uq003nvn
laptopworld,Laptop Lenovo IdeaPad Slim 3 14IPH11 83UQ003PVN (Ultra 7 355 | 16GB | 512GB | Intel® Graphics | 14inch WUXGA | Win 11 | Xám),https://laptopworld.vn/laptop-lenovo-ideapad-slim-3-14iph11-83uq003pvn
laptopworld,Laptop LenovoIdeaPad Slim 3 16IWC11 83RS002LVN (Core™ 7 350 | 16GB | 512GB | Intel® Graphics | 16inch WUXGA | Win 11 | Xám),https://laptopworld.vn/laptop-lenovoideapad-slim-3-16iwc11-83rs002lvn
laptopworld,Laptop LenovoIdeaPad Slim 3 16IWC11 83RS001NVN (Core™ 5 320 | 16GB | 512GB | Intel® Graphics | 16inch WUXGA | Win 11 | Xám),https://laptopworld.vn/laptop-lenovoideapad-slim-3-16iwc11-83rs001nvn
laptopworld,Laptop ASUS Vivobook Go 15 E1504FA-BQ4821W (Ryzen™ 5 40 | 8GB | 512GB | AMD Radeon™ Graphics | 15.6 inch FHD | Win 11 | Bạc),https://laptopworld.vn/laptop-asus-vivobook-go-15-e1504fa-bq4821w
laptopworld,Laptop Asus Vivobook 14 X1404MA-EB220W (Core 7 350 | 8GB | 512GB | Intel® Graphics | 14 inch FHD | Win 11 | Bạc),https://laptopworld.vn/laptop-asus-vivobook-14-x1404ma-eb220w
laptopworld,Laptop ASUS Zenbook S16 UM5606GA-SS441W (Ryzen™ AI 9 465 | 16GB | 512GB | AMD Radeon™ Graphics | 16 inch 3K OLED | Win 11 | Trắng),https://laptopworld.vn/laptop-asus-zenbook-s16-um5606ga-ss441w
laptopworld,Laptop MSI Modern 14 F1MG-432VN (Core 5 120U | 16GB | 512GB | Intel Graphics | 14inch FHD | Win 11 | Bạc),https://laptopworld.vn/laptop-msi-modern-14-f1mg-432vn
laptopworld,Laptop MSI Modern 14S G3MG-003VN (Core 5 320 | 16GB | 1TB | Intel® UHD Graphics | 14inch FHD | Win 11 | Bạc),https://laptopworld.vn/laptop-msi-modern-14s-g3mg-003vn
laptopworld,Laptop MSI Modern 14S AI+ G3MG-050VN (Core Ultra 7 355 | 16GB | 1TB | Intel® Graphics | 14inch FHD OLED | Win 11 | Bạc),https://laptopworld.vn/laptop-msi-modern-14s-ai-g3mg-050vn
laptopworld,Laptop Lenovo Yoga Slim 7 14IPH11 83QM002FVN (Ultra 7 355 | 32GB | 1TB | Intel® Graphics | 14inch WUXGA OLED | Win 11 | Office | Xám),https://laptopworld.vn/laptop-lenovo-yoga-slim-7-14iph11-83qm002fvn
laptopworld,Laptop Lenovo Yoga Slim 7 14IPH11 83QM002EVN (Ultra 7 355 | 32GB | 1TB | Intel® Graphics | 14inch WUXGA OLED | Win 11 | Office | Trắng kem),https://laptopworld.vn/laptop-lenovo-yoga-slim-7-14iph11-83qm002evn
laptopworld,Laptop Acer Aspire Go 15 AG15-52P-52WT NX.JWKSV.001 (Ultra 5 115U | 16GB | 512GB | Intel® Graphics | 15.6inch FHD | Win 11 | Bạc),https://laptopworld.vn/laptop-acer-aspire-go-15-ag15-52p-52wt-nx-jwksv-001
laptopworld,Laptop Lenovo Thinkbook 16 G9 IRL 21US008GVA (Core i5-13420H | 16GB | 1TB | Intel® UHD Graphics | 16 inch WUXGA | No OS | Xám),https://laptopworld.vn/laptop-lenovo-thinkbook-16-g9-irl-21us008gva
laptopworld,Laptop Acer Aspire Lite 15 AL15-48P-R86Q NX.DS1SV.002 (Ryzen™ 7 5825U | 8GB | 512GB | AMD Radeon™ Graphics | 15.6inch FHD | Win 11 | Bạc),https://laptopworld.vn/laptop-acer-aspire-lite-15-al15-48p-r86q-nx-ds1sv-002
laptopworld,Laptop HP 15-fr0032TU BZ7T9PA (Core i7-13620H | 16GB | 512GB | Intel UHD Graphics | 15.6inch FHD | Win 11 | Bạc),https://laptopworld.vn/laptop-hp-15-fr0032tu-bz7t9pa
laptopworld,Laptop Asus Vivobook 14 X1407AA-LY360W (Ultra 5 325 | 16GB | 512GB | Intel® Graphics | 14 inch WUXGA | Win 11 | Bạc),https://laptopworld.vn/laptop-asus-vivobook-14-x1407aa-ly360w
laptopworld,Laptop Dell Pro 14 PC14250 01MTXTPC14250.235U.07 (Ultra 5 235U | 8GB | 512GB | Intel Graphics | 14 inch FHD+ | Win 11 | Bạc),https://laptopworld.vn/laptop-dell-pro-14-pc14250-01mtxtpc14250-235u-07
laptopworld,Laptop Asus Vivobook S16 S3607CA-SH080W (Ultra 5 225H | 16GB | 512GB | Intel® Arc™ Graphics | 16 inch WUXGA OLED | Win 11 | Xám),https://laptopworld.vn/laptop-asus-vivobook-s16-s3607ca-sh080w
laptopworld,Laptop Lenovo V15 G5 IRL 83HF00BUVA (Core i7-13620H | 8GB | 512GB | Intel UHD Graphics | 15.6 inch FHD | NoOS | Xám),https://laptopworld.vn/laptop-lenovo-v15-g5-irl-83hf00buva
laptopworld,Laptop Asus Vivobook S16 S3607AA-SH043W (Ultra 7 355 | 16GB | 512GB | Intel® Graphics | 16 inch WUXGA OLED | Win 11 | Xám),https://laptopworld.vn/laptop-asus-vivobook-s16-s3607aa-sh043w
laptopworld,Laptop Asus Vivobook S16 S3607AA-SH042W (Ultra 5 325 | 16GB | 512GB | Intel® Graphics | 16 inch WUXGA OLED | Win 11 | Xám),https://laptopworld.vn/laptop-asus-vivobook-s16-s3607aa-sh042w
laptopworld,Laptop Lenovo ThinkPad L14 Gen 6 21S6002CVN (Ultra 7 255H | 16GB | 512GB | Intel Arc 140T | 14 inch WUXGA | Win 11 Pro | Đen),https://laptopworld.vn/laptop-lenovo-thinkpad-l14-gen-6-21s6002cvn
laptopworld,Laptop Lenovo ThinkPad L14 Gen 6 21S6002BVN (Ultra 7 255H | 16GB | 1TB | Intel Arc 140T | 14 inch WUXGA | Win 11 Pro | Đen),https://laptopworld.vn/laptop-lenovo-thinkpad-l14-gen-6-21s6002bvn
laptopworld,Laptop Lenovo ThinkPad L14 Gen 6 21S60029VN (Ultra 7 255H | 32GB | 512GB | Intel Arc 140T | 14 inch WUXGA | Win 11 Pro | Đen),https://laptopworld.vn/laptop-lenovo-thinkpad-l14-gen-6-21s60029vn
laptopworld,Laptop Lenovo ThinkPad L14 Gen 6 21S6002AVN (Ultra 7 255H | 32GB | 1TB | Intel Arc 140T | 14 inch WUXGA | Win 11 Pro | Đen),https://laptopworld.vn/laptop-lenovo-thinkpad-l14-gen-6-21s6002avn
laptopworld,Laptop Lenovo ThinkPad X1 2in1 Gen 10 Aura Edition 21NU004PVN (Ultra 7 256V | 16GB | 512GB | Intel Arc Graphics | 14 inch WUXGA | Cảm ứng | Bút cảm ứng | Win 11 Pro | Xám),https://laptopworld.vn/laptop-lenovo-thinkpad-x1-2in1-gen-10-aura-edition-21nu004pvn
laptopworld,Laptop Lenovo ThinkPad X1 2in1 Gen 10 Aura Edition 21NU004QVN (Ultra 7 256V | 16GB | 1TB | Intel Arc Graphics | 14 inch WUXGA | Cảm ứng | Bút cảm ứng | Win 11 Pro | Xám),https://laptopworld.vn/laptop-lenovo-thinkpad-x1-2in1-gen-10-aura-edition-21nu004qvn
laptopworld,Laptop Lenovo ThinkPad X1 2in1 Gen 10 Aura Edition 21NU004UVN (Ultra 7 258V | 32GB | 512GB | Intel Arc Graphics | 14 inch WUXGA | Cảm ứng | Bút cảm ứng | Win 11 Pro | Xám),https://laptopworld.vn/laptop-lenovo-thinkpad-x1-2in1-gen-10-aura-edition-21nu004uvn
laptopworld,Laptop Lenovo ThinkPad P14s Gen 6 21QT005AVN (Ultra 5 225H | 32GB | 512GB | RTX PRO 500 6GB | 14.5 inch WUXGA | Win 11 Pro | Đen),https://laptopworld.vn/laptop-lenovo-thinkpad-p14s-gen-6-21qt005avn
laptopworld,Laptop Lenovo ThinkPad P14s Gen 6 21QT005BVN (Ultra 5 225H | 32GB | 1TB | RTX PRO 500 6GB | 14.5 inch WUXGA | Win 11 Pro | Đen),https://laptopworld.vn/laptop-lenovo-thinkpad-p14s-gen-6-21qt005bvn
laptopworld,Laptop Lenovo ThinkPad P14s Gen 6 21QT005DVA (Ultra 7 255H | 32GB | 1TB | RTX PRO 500 6GB | 14.5 inch WUXGA | No OS | Đen),https://laptopworld.vn/laptop-lenovo-thinkpad-p14s-gen-6-21qt005dva
laptopworld,Laptop Lenovo ThinkPad P14s Gen 6 21QT005EVN (Ultra 7 255H | 32GB | 512GB | RTX PRO 500 6GB | 14.5 inch WUXGA | Win 11 Pro | Đen),https://laptopworld.vn/laptop-lenovo-thinkpad-p14s-gen-6-21qt005evn
laptopworld,Laptop Lenovo ThinkPad P14s Gen 6 21QT005FVN (Ultra 7 255H | 32GB | 1TB | RTX PRO 500 6GB | 14.5 inch WUXGA | Win 11 Pro | Đen),https://laptopworld.vn/laptop-lenovo-thinkpad-p14s-gen-6-21qt005fvn
laptopworld,Laptop Lenovo ThinkPad P14s Gen 6 21QT005JVN (Ultra 7 255H | 32GB | 512GB | RTX PRO 500 6GB | 14.5 inch 3K | Win 11 Pro | Đen),https://laptopworld.vn/laptop-lenovo-thinkpad-p14s-gen-6-21qt005jvn
laptopworld,Laptop Lenovo ThinkPad P14s Gen 6 21QT005KVN (Ultra 7 255H | 32GB | 1TB | RTX PRO 500 6GB | 14.5 inch 3K | Win 11 Pro | Đen),https://laptopworld.vn/laptop-lenovo-thinkpad-p14s-gen-6-21qt005kvn
laptopworld,Laptop Lenovo ThinkPad P16s Gen 4 21QV0058VN (Ultra 5 225H | 32GB | 512GB | RTX PRO 500 6GB | 16 inch WUXGA | Win 11 Pro | Đen),https://laptopworld.vn/laptop-lenovo-thinkpad-p16s-gen-4-21qv0058vn
laptopworld,Laptop Lenovo ThinkPad P16s Gen 4 21QV0059VN (Ultra 5 225H | 32GB | 1TB | RTX PRO 500 6GB | 16 inch WUXGA | Win 11 Pro | Đen),https://laptopworld.vn/laptop-lenovo-thinkpad-p16s-gen-4-21qv0059vn
laptopworld,Laptop Lenovo ThinkPad P16s Gen 4 21QV005BVN (Ultra 7 255H | 32GB | 512GB | RTX PRO 500 6GB | 16 inch WUXGA | Win 11 Pro | Đen),https://laptopworld.vn/laptop-lenovo-thinkpad-p16s-gen-4-21qv005bvn
laptopworld,Laptop Lenovo ThinkPad P16s Gen 4 21QV005GVN (Ultra 7 255H | 32GB | 512GB | RTX PRO 500 6GB | 16 inch WUXGA | Win 11 Pro | Đen),https://laptopworld.vn/laptop-lenovo-thinkpad-p16s-gen-4-21qv005gvn
laptopworld,Laptop Lenovo ThinkPad P16s Gen 4 21QV005HVN (Ultra 7 255H | 32GB | 1TB | RTX PRO 500 6GB | 16 inch WUXGA | Win 11 Pro | Đen),https://laptopworld.vn/laptop-lenovo-thinkpad-p16s-gen-4-21qv005hvn
laptopworld,Laptop Lenovo ThinkPad P16v Gen 3 21RS0044VN (Ultra 7 255H | 32GB | 1TB | RTX PRO 1000 8GB | 16 inch WUXGA | Win 11 Pro | Đen),https://laptopworld.vn/laptop-lenovo-thinkpad-p16v-gen-3-21rs0044vn
laptopworld,Laptop Lenovo ThinkPad P16v Gen 3 21RS0045VN (Ultra 7 255H | 64GB | 1TB | RTX PRO 2000 8GB | 16 inch WUXGA | Win 11 Pro | Đen),https://laptopworld.vn/laptop-lenovo-thinkpad-p16v-gen-3-21rs0045vn
laptopworld,Laptop Lenovo ThinkBook 14 G9 IPL 21UX001KVN (Ultra 5 325 | 32GB | 1TB | Intel® Graphics | 14inch WUXGA | Win 11 | Xám),https://laptopworld.vn/laptop-lenovo-thinkbook-14-g9-ipl-21ux001kvn
laptopworld,Laptop Lenovo ThinkBook 14 G9 IPL 21UX001GVN (Ultra 5 325 | 32GB | 512GB | Intel® Graphics | 14inch WUXGA | Win 11 | Xám),https://laptopworld.vn/laptop-lenovo-thinkbook-14-g9-ipl-21ux001gvn
laptopworld,Laptop Lenovo ThinkBook 14 G9 IPL 21UX001HVN (Ultra 5 325 | 16GB | 1TB | Intel® Graphics | 14inch WUXGA | Win 11 | Xám),https://laptopworld.vn/laptop-lenovo-thinkbook-14-g9-ipl-21ux001hvn
laptopworld,Laptop ASUS ExpertBook P3 PM3606CHA-MB0082W (Ryzen™ 7 8840HS | 16GB | 512GB | AMD Radeon™ 780M Graphics | 16inch WUXGA | Win11 | Xám),https://laptopworld.vn/laptop-asus-expertbook-p3-pm3606cha-mb0082w
laptopworld,Laptop Lenovo ThinkBook 14 G9 IPL 21UX001JVN (Ultra 5 325 | 16GB | 512GB | Intel® Graphics | 14inch WUXGA | Win 11 | Xám),https://laptopworld.vn/laptop-lenovo-thinkbook-14-g9-ipl-21ux001jvn
laptopworld,Laptop Lenovo ThinkBook 14 G9 IPL 21UX001BVA (Ultra 5 325 | 32GB | 1TB | Intel® Graphics | 14inch WUXGA | No OS | Xám),https://laptopworld.vn/laptop-lenovo-thinkbook-14-g9-ipl-21ux001bva
laptopworld,Laptop Lenovo ThinkBook 14 G9 IPL 21UX0018VA (Ultra 5 325 | 32GB | 512GB | Intel® Graphics | 14inch WUXGA | No OS | Xám),https://laptopworld.vn/laptop-lenovo-thinkbook-14-g9-ipl-21ux0018va
laptopworld,Laptop Lenovo ThinkBook 14 G9 IPL 21UX001AVA (Ultra 5 325 | 16GB | 1TB | Intel® Graphics | 14inch WUXGA | No OS | Xám),https://laptopworld.vn/laptop-lenovo-thinkbook-14-g9-ipl-21ux001ava
laptopworld,Laptop ASUS ExpertBook P3 PM3406CHA-LY0089W (Ryzen™ 7 8840HS | 16GB | 512GB | AMD Radeon™ 780M Graphics | 14.0inch WUXGA | Win11 | Xám),https://laptopworld.vn/laptop-asus-expertbook-p3-pm3406cha-ly0089w
laptopworld,Laptop Lenovo ThinkBook 14 G9 IPL 21UX0019VA (Ultra 5 325 | 16GB | 512GB | Intel® Graphics | 14inch WUXGA | No OS | Xám),https://laptopworld.vn/laptop-lenovo-thinkbook-14-g9-ipl-21ux0019va
laptopworld,Laptop Lenovo Thinkbook 14 G9 IRL 21UY008WVN (Core i5-13420H | 32GB | 1TB | Intel® UHD Graphics |14inch WUXGA | Win 11 | Xám),https://laptopworld.vn/laptop-lenovo-thinkbook-14-g9-irl-21uy008wvn
laptopworld,Laptop Lenovo Thinkbook 14 G9 IRL 21UY008VVN (Core i5-13420H | 32GB | 512GB | Intel® UHD Graphics |14inch WUXGA | Win 11 | Xám),https://laptopworld.vn/laptop-lenovo-thinkbook-14-g9-irl-21uy008vvn
laptopworld,Laptop Lenovo Thinkbook 14 G9 IRL 21UY008UVN (Core i5-13420H | 16GB | 1TB | Intel® UHD Graphics |14inch WUXGA | Win 11 | Xám),https://laptopworld.vn/laptop-lenovo-thinkbook-14-g9-irl-21uy008uvn
laptopworld,Laptop Lenovo Thinkbook 14 G9 IRL 21UY008TVN (Core i5-13420H | 16GB | 512GB | Intel® UHD Graphics |14inch WUXGA | Win 11 | Xám),https://laptopworld.vn/laptop-lenovo-thinkbook-14-g9-irl-21uy008tvn
laptopworld,Laptop Lenovo IdeaPad Slim 3 15ARP10 83K700YVVN (Ryzen 7-7735HS | 16GB | 512GB | AMD Radeon 680M | 15.3inch WUXGA | Win 11 | Xám),https://laptopworld.vn/laptop-lenovo-ideapad-slim-3-15arp10-83k700yvvn
laptopworld,Laptop Lenovo IdeaPad Slim 3 14IPH11 83UQ000JVN (Ultra 5 322 | 16GB | 512GB | Intel® Graphics | 14inch WUXGA | Win 11 | Xám),https://laptopworld.vn/laptop-lenovo-ideapad-slim-3-14iph11-83uq000jvn
laptopworld,Laptop Lenovo IdeaPad Slim 3 14IPH11 83UQ002GVN (Ultra 7 355 | 16GB | 512GB | Intel® Graphics | 14inch WUXGA | Win 11 | Xám),https://laptopworld.vn/laptop-lenovo-ideapad-slim-3-14iph11-83uq002gvn
laptopworld,Laptop Lenovo Yoga Slim 7 14AGP11 83QS001DVN (Ryzen™ AI 7 445 | 16GB | 512GB | AMD Radeon™ 840M Graphics | 14inch WUXGA OLED | Win 11 | Office | Xanh),https://laptopworld.vn/laptop-lenovo-yoga-slim-7-14agp11-83qs001dvn
laptopworld,Laptop Lenovo Yoga Pro 7 15IPH11 83SN000BVN (Ultra 7 356H | 32GB | 1TB | RTX™ 5050 8GB | 15.3inch WQXGA OLED 165Hz | Win 11 | Office | Xám),https://laptopworld.vn/laptop-lenovo-yoga-pro-7-15iph11-83sn000bvn
laptopworld,Laptop Lenovo Yoga 7 2in1 14IPH11 83TC002MVN (Ultra 7 355 | 32GB | 1TB | Intel® Graphics | 14inch WUXGA OLED | Cảm ứng | Bút cảm ứng | Win 11 | Office | Seashell),https://laptopworld.vn/laptop-lenovo-yoga-7-2in1-14iph11-83tc002mvn
laptopworld,Laptop Lenovo Yoga 7 2in1 14IPH11 83TC002JVN (Ultra 7 355 | 32GB | 1TB | Intel® Graphics | 14inch WUXGA OLED | Cảm ứng | Bút cảm ứng | Win 11 | Office | Xám),https://laptopworld.vn/laptop-lenovo-yoga-7-2in1-14iph11-83tc002jvn
laptopworld,Laptop Lenovo Yoga 7 2in1 14IPH11 83TC002KVN (Ultra 5 322 | 16GB | 512GB | Intel® Graphics | 14inch WUXGA OLED | Cảm ứng | Bút cảm ứng | Win 11 | Office | Seashell),https://laptopworld.vn/laptop-lenovo-yoga-7-2in1-14iph11-83tc002kvn
laptopworld,Laptop Lenovo Yoga 7 2in1 14IPH11 83TC002LVN (Ultra 5 322 | 16GB | 512GB | Intel® Graphics | 14inch WUXGA OLED | Cảm ứng | Bút cảm ứng | Win 11 | Office | Xám),https://laptopworld.vn/laptop-lenovo-yoga-7-2in1-14iph11-83tc002lvn
laptopworld,Laptop Lenovo IdeaPad Slim 5 14IPH11 83S50036VN (Ultra 7 355 | 32GB | 512GB | Intel® Graphics | 14inch WUXGA OLED | Win 11 | Xám),https://laptopworld.vn/laptop-lenovo-ideapad-slim-5-14iph11-83s50036vn
laptopworld,Laptop Lenovo IdeaPad Slim 5 14IPH11 83S5004FVN (Ultra 7 355 | 16GB | 512GB | Intel® Graphics | 14inch WUXGA OLED | Win 11 | Xám),https://laptopworld.vn/laptop-lenovo-ideapad-slim-5-14iph11-83s5004fvn
laptopworld,Laptop Lenovo IdeaPad Slim 5 14IPH11 83S5000CVN (Ultra 5 322 | 32GB | 512GB | Intel® Graphics | 14inch WUXGA OLED | Win 11 | Xám),https://laptopworld.vn/laptop-lenovo-ideapad-slim-5-14iph11-83s5000cvn
laptopworld,Laptop Lenovo IdeaPad Slim 5 14IPH11 83S5000DVN (Ultra 5 322 | 16GB | 512GB | Intel® Graphics | 14inch WUXGA OLED | Win 11 | Xám),https://laptopworld.vn/laptop-lenovo-ideapad-slim-5-14iph11-83s5000dvn
laptopworld,Laptop Lenovo IdeaPad 5 2in1 14IPH11 83UG0027VN (Ultra 7 355 | 16GB | 512GB | Intel® Graphics | 14inch WUXGA | Cảm ứng | Bút cảm ứng | Win 11 | Xám),https://laptopworld.vn/laptop-lenovo-ideapad-5-2in1-14iph11-83ug0027vn
laptopworld,Laptop Lenovo IdeaPad 5 2in1 14IPH11 83UG0026VN (Ultra 5 322 | 16GB | 512GB | Intel® Graphics | 14inch WUXGA | Cảm ứng | Bút cảm ứng | Win 11 | Xám),https://laptopworld.vn/laptop-lenovo-ideapad-5-2in1-14iph11-83ug0026vn
laptopworld,Laptop Lenovo IdeaPad Slim 3 16IPH11 83US002WVN (Ultra 7 355 | 16GB | 512GB | Intel® Graphics | 16inch WUXGA | Win 11 | Xám),https://laptopworld.vn/laptop-lenovo-ideapad-slim-3-16iph11-83us002wvn
laptopworld,Laptop Lenovo IdeaPad Slim 3 16IPH11 83US002TVN (Ultra 5 322 | 24GB | 512GB | Intel® Graphics | 16inch WUXGA | Win 11 | Xám),https://laptopworld.vn/laptop-lenovo-ideapad-slim-3-16iph11-83us002tvn
laptopworld,Laptop Lenovo IdeaPad Slim 3 16IPH11 83US003YVN (Ultra 7 355 | 16GB | 512GB | Intel® Graphics | 16inch WUXGA | Win 11 | Xám),https://laptopworld.vn/laptop-lenovo-ideapad-slim-3-16iph11-83us003yvn
laptopworld,Laptop Lenovo IdeaPad Slim 3 16IPH11 83US0040VN (Ultra 5 322 | 16GB | 512GB | Intel® Graphics | 16inch WUXGA | Win 11 | Xám),https://laptopworld.vn/laptop-lenovo-ideapad-slim-3-16iph11-83us0040vn
laptopworld,Laptop LG Gram 14Z90U-G.AN55A5 (Ultra 5 325 | 16GB | 512GB | Intel® graphics | 14 inch FHD 60Hz | Win 11 | Đen),https://laptopworld.vn/laptop-lg-gram-14z90u-g-an55a5
laptopworld,Laptop HP 240R G10 C3SG9AT (Core 5-120U | 8GB | 512GB | Intel® Graphics | 14 inch FHD | Win 11 | Bạc),https://laptopworld.vn/laptop-hp-240r-g10-c3sg9at
laptopworld,Laptop ASUS Vivobook S14 S3407AA-SF032W (Ultra 7 355 | 16GB | 512GB | Intel® Graphics | 14inch WUXGA OLED | Win 11 | Xám),https://laptopworld.vn/laptop-asus-vivobook-s14-s3407aa-sf032w
laptopworld,Laptop LG Gram Book 15U50U-G.AV55A5 (Ultra 5 115U | 16GB | 512GB | Intel® Graphics | 15.6 inch FHD | Win 11 | Đen),https://laptopworld.vn/laptop-lg-gram-book-15u50u-g-av55a5
laptopworld,Laptop ASUS ExpertBook B1 BM1403CDA-S61611W (Ryzen 5 150 | 16GB | 512GB | AMD Radeon | 14 inch FHD | Win 11 | Xám),https://laptopworld.vn/laptop-asus-expertbook-b1-bm1403cda-s61611w
laptopworld,Laptop Dell 16 Plus DB16250 DB6U5387W1 (Ultra 5 226V | 16GB | 1TB | Intel Arc 130V GPU | 16.0 inch 2.5K | Win 11 | Office | Xanh),https://laptopworld.vn/laptop-dell-16-plus-db16250-db6u5387w1
laptopworld,Laptop Dell Pro 14 PC14250 (Ultra 5 235U | 16GB | 512GB | Intel Graphics | 14 inch FHD+ | Win 11 | Bạc),https://laptopworld.vn/laptop-dell-pro-14-pc14250-ultra-5-235u-16gb-512gb-intel-graphics-14-inch-fhd-win-11-bac
laptopworld,Laptop Dell Pro 14 Plus PB14250 (Ultra 5 235U | 32GB | 512GB | Intel Graphics | 14 inch FHD+ | Win 11 | Bạc),https://laptopworld.vn/laptop-dell-pro-14-plus-pb14250
laptopworld,Laptop Lenovo ThinkPad E14 Gen 7 21SX005RVN (Ultra 5 225U | 32GB | 512GB | Intel® Graphics | 14.0inch WUXGA | Windows 11 | Đen),https://laptopworld.vn/laptop-lenovo-thinkpad-e14-gen-7-21sx005rvn
laptopworld,Laptop ASUS Vivobook S14 S3407AA-SF945W (Ultra 5 325 | 16GB | 512GB | Intel® Graphics | 14inch WUXGA | Win 11 | Xám),https://laptopworld.vn/laptop-asus-vivobook-s14-s3407aa-sf945w
laptopworld,Laptop Lenovo ThinkPad E14 Gen 7 21SX005QVN (Ultra 5 225U | 32GB | 1TB | Intel® Graphics | 14.0inch WUXGA | Windows 11 | Đen),https://laptopworld.vn/laptop-lenovo-thinkpad-e14-gen-7-21sx005qvn
laptopworld,Laptop Lenovo ThinkPad E14 Gen 7 21SX002XVN (Ultra 5 225H | 32GB | 1TB | Intel® Arc™ Graphics 130T | 14.0inch WUXGA | Windows 11 | Đen),https://laptopworld.vn/laptop-lenovo-thinkpad-e14-gen-7-21sx002xvn
laptopworld,Laptop Lenovo ThinkPad E14 Gen 7 21U2003SVN (Ultra 5 228V | 32GB | 512GB | Intel® Arc™ Graphics 130V | 14.0inch WUXGA | Windows 11 | Đen),https://laptopworld.vn/laptop-lenovo-thinkpad-e14-gen-7-21u2003svn
laptopworld,Laptop HP EliteBook 845 G10 876J2PA (Ryzen 5 PRO 7540U | 16GB | 512GB | AMD Radeon Graphics | 14 inch WUXGA | Cảm ứng | Windows 11 Pro | Bạc),https://laptopworld.vn/laptop-hp-elitebook-845-g10-876j2pa
laptopworld,Laptop HP EliteBook 845 G10 876J3PA (Ryzen 7 PRO 7840U | 16GB | 512GB | AMD Radeon Graphics | 14 inch WUXGA | Cảm ứng | Windows 11 Pro | Bạc),https://laptopworld.vn/laptop-hp-elitebook-845-g10-876j3pa
laptopworld,Laptop HP EliteBook 635 Aero G11 A8WS6PT (Ryzen 5 8640U | 16GB | 512GB | AMD Radeon™ 780M Graphics | 13.3 inch WUXGA | Windows 11 | Bạc),https://laptopworld.vn/laptop-hp-elitebook-635-aero-g11-a8ws6pt
laptopworld,Laptop HP EliteBook 635 Aero G11 A8WS7PT (Ryzen 7 8840HS | 16GB | 512GB | AMD Radeon™ 780M Graphics | 13.3 inch WUXGA | Windows 11 | Bạc),https://laptopworld.vn/laptop-hp-elitebook-635-aero-g11-a8ws7pt
laptopworld,Laptop Lenovo ThinkPad T14s Gen 6 21R1S04C00 (Ultra 7 255U | 32GB | 512GB | Intel Graphics | 14.0inch WUXGA | NoOS | Đen),https://laptopworld.vn/laptop-lenovo-thinkpad-t14s-gen-6-21r1s04c00
laptopworld,Laptop HP EliteBook 845 G11 A8WT5PT (Ryzen 7 8840U | 16GB | 512GB | AMD Radeon™ 780M Graphics | 14.0inch WUXGA | Cảm ứng | Windows 11 | Bạc),https://laptopworld.vn/laptop-hp-elitebook-845-g11-a8wt5pt
laptopworld,Laptop HP EliteBook 845 G11 A8WT4PT (Ryzen 5 PRO 8640HS | 16GB | 512GB | AMD Radeon™ 760M Graphics | 14.0inch WUXGA | Cảm ứng | Windows 11 Pro | Bạc),https://laptopworld.vn/laptop-hp-elitebook-845-g11-a8wt4pt
laptopworld,Laptop HP EliteBook 6 G1a 14 C0CE1PT (Ryzen AI 5 340 | 16GB | 512GB | AMD Radeon™ 840M Graphics | 14 inch WUXGA | Windows 11 | Bạc),https://laptopworld.vn/laptop-hp-elitebook-6-g1a-14-c0ce1pt
laptopworld,Laptop HP EliteBook 6 G1a 14 C0CE2PT (Ryzen AI 7 350 | 16GB | 512GB | AMD Radeon™ 860M Graphics | 14 inch WUXGA | Cảm ứng | Windows 11 | Bạc),https://laptopworld.vn/laptop-hp-elitebook-6-g1a-14-c0ce2pt
laptopworld,Laptop HP EliteBook 6 G1a 14 C0CG2PT (Ryzen AI 7 350 | 16GB | 512GB | AMD Radeon™ 860M Graphics | 14 inch WUXGA | Windows 11 | Bạc),https://laptopworld.vn/laptop-hp-elitebook-6-g1a-14-c0cg2pt
laptopworld,Laptop HP EliteBook 6 G1a 14 C0CF2PT (Ryzen AI 5 340 | 16GB | 512GB | AMD Radeon™ 840M Graphics | 14 inch WUXGA | Cảm ứng | Windows 11 | Bạc),https://laptopworld.vn/laptop-hp-elitebook-6-g1a-14-c0cf2pt
laptopworld,Laptop HP EliteBook 8 G1a 14 C0CE5PT (Ryzen AI 7 350 | 32GB | 512GB | AMD Radeon™ 860M Graphics | 14 inch WUXGA | Cảm ứng | Windows 11 | Bạc),https://laptopworld.vn/laptop-hp-elitebook-8-g1a-14-c0ce5pt
laptopworld,Laptop HP EliteBook 8 G1a 14 C0CE6PT (Ryzen AI 7 PRO 350 | 32GB | 512GB | AMD Radeon™ 860M Graphics | 14 inch WUXGA | Cảm ứng | Windows 11 Pro | Bạc),https://laptopworld.vn/laptop-hp-elitebook-8-g1a-14-c0ce6pt
laptopworld,Laptop HP EliteBook 8 G1a 14 C0CG3PT (Ryzen AI 5 340 | 32GB | 512GB | AMD Radeon™ 840M Graphics | 14 inch WUXGA | Cảm ứng | Windows 11 | Bạc),https://laptopworld.vn/laptop-hp-elitebook-8-g1a-14-c0cg3pt
laptopworld,Laptop HP EliteBook 8 G1i 14 BS8H3PT (Ultra 5 228V | 32GB | 512GB | Intel® Arc™ Graphics | 14.0inch WUXGA | Cảm ứng | Win 11 | Bạc),https://laptopworld.vn/laptop-hp-elitebook-8-g1i-14-bs8h3pt
laptopworld,Laptop HP EliteBook 8 G1i 14 BS8J1PT (Ultra 7 258V | 32GB | 512GB | Intel® Arc™ Graphics | 14.0inch WUXGA | Cảm ứng | Win 11 | Bạc),https://laptopworld.vn/laptop-hp-elitebook-8-g1i-14-bs8j1pt
laptopworld,Laptop HP EliteBook 8 G1i 14 BS8J0PT (Ultra 7 268V | 32GB | 512GB | Intel® Arc™ Graphics | 14.0inch WUXGA | Cảm ứng | Win 11 Pro | Bạc),https://laptopworld.vn/laptop-hp-elitebook-8-g1i-14-bs8j0pt
laptopworld,Laptop HP EliteBook 845 G11 A8WT6PT (Ryzen 7 PRO 8840HS | 16GB | 512GB | AMD Radeon™ 780M Graphics | 14.0inch WUXGA | Cảm ứng | Windows 11 Pro | Bạc),https://laptopworld.vn/laptop-hp-elitebook-845-g11-a8wt6pt
laptopworld,Laptop ASUS Zenbook S 14 UX5406AA-SU425WS (Ultra 9 386H | 32GB | 1TB | Intel® Graphics | 14 inch 3K OLED 120Hz | Win 11 | Office | Trắng),https://laptopworld.vn/laptop-asus-zenbook-s-14-ux5406aa-su425ws
laptopworld,Laptop Lenovo Thinkbook 14 G9 IRL 21UY008PVA (Core 7 240H | 16GB | 512GB | Intel® Graphics |14inch WUXGA | No OS | Xám),https://laptopworld.vn/laptop-lenovo-thinkbook-14-g9-irl-21uy008pva
laptopworld,Laptop Dell Latitude 3450 L3450-1335U-16512W-FBL (Core i5-1335U | 16GB | 512GB | Intel Iris Xe Graphics | 14 inch FHD | Win 11 | Xám),https://laptopworld.vn/laptop-dell-latitude-3450-l3450-1335u-16512w-fbl
laptopworld,Laptop Dell Inspiron 5441 71092476 (Snapdragon X X1 26 100 | 16GB | 512GB | Qualcomm Adreno | 14 inch FHD+ | Win 11 | Office | Xám),https://laptopworld.vn/laptop-dell-inspiron-5441-71092476
laptopworld,Laptop Dell 14 DC14255 71092477 (Ryzen™ AI 7 350 | 16GB | 1TB | AMD Radeon Graphics | 14 inch FHD+ | Win 11 | Office | Bạc),https://laptopworld.vn/laptop-dell-14-dc14255-7109247
laptopworld,Laptop Dell 14 DC14250 71092478 (Core 7 150U | 16GB | 512GB | Intel Graphics | 14 inch FHD+ | Win 11 | Office | Bạc),https://laptopworld.vn/laptop-dell-14-dc14250-71092478
laptopworld,Laptop Dell 16 DC16250 71092481 (Core 5 120U | 16GB | 1TB | Intel Graphics | 16.0 inch FHD+ | Win 11 | Office | Đen),https://laptopworld.vn/laptop-dell-16-dc16250-71092481
laptopworld,Laptop Dell 15 DC15250 71092479 (Core i5-1334U | 16GB | 512GB | Intel UHD Graphics | 15.6 inch FHD | Win 11 | Office | Bạc),https://laptopworld.vn/laptop-dell-15-dc15250-71092479
laptopworld,Laptop Dell 15 DC15250 71092480 (Core i7-1355U | 16GB | 512GB | Intel UHD Graphics | 15.6 inch FHD | Win 11 | Office | Bạc),https://laptopworld.vn/laptop-dell-15-dc15250-71092480
laptopworld,Laptop Dell Pro 14 Essential PV14250 71092661 (Core 3 100U | 8GB | 512GB | Intel Graphics | 14 inch FHD+ | Windows 11 Home | Bạc),https://laptopworld.vn/laptop-dell-pro-14-essential-pv14250-71092661
laptopworld,Laptop Lenovo ThinkPad T14 Gen 6 21QG004GVN (Ultra 7 258V | 32GB | 512GB | Intel® Arc™ Graphics 140V | 14.0inch WUXGA | Windows 11 Pro | Đen),https://laptopworld.vn/laptop-lenovo-thinkpad-t14-gen-6-21qg004gvn
laptopworld,Laptop Lenovo ThinkPad X1 Carbon Gen 13 21NYS7UM00 (Ultra 7 265U | 32GB | 512GB | Intel Graphics | 14.0inch WUXGA | Cảm ứng | No OS | Đen),https://laptopworld.vn/laptop-lenovo-thinkpad-x1-carbon-gen-13-21nys7um00
laptopworld,Laptop Lenovo ThinkPad X1 Carbon Gen 13 21NYS2B000 (Ultra 7 265U | 32GB | 512GB | Intel Graphics | 14.0inch WUXGA | No OS | Đen),https://laptopworld.vn/laptop-lenovo-thinkpad-x1-carbon-gen-13-21nys2b000
laptopworld,Laptop Lenovo ThinkPad T14 Gen 6 21QG002PVN (Ultra 7 258V | 32GB | 1TB | Intel® Arc™ Graphics 140V | 14.0inch WUXGA | Windows 11 Pro | Đen),https://laptopworld.vn/laptop-lenovo-thinkpad-t14-gen-6-21qg002pvn
laptopworld,Laptop Lenovo ThinkPad T14 Gen 6 21QG004HVA (Ultra 5 228V | 32GB | 512GB | Intel® Arc™ Graphics 130V | 14.0inch WUXGA | NO OS | Đen),https://laptopworld.vn/laptop-lenovo-thinkpad-t14-gen-6-21qg004hva
laptopworld,Laptop Acer Aspire Lite 15 AL15-48P-R5MN NX.DS1SV.001 (Ryzen™ 5 5625U | 8GB | 512GB | AMD Radeon™ Graphics | 15.6inch FHD | Win 11 | Bạc),https://laptopworld.vn/laptop-acer-aspire-lite-15-al15-48p-r5mn-nx-ds1sv-001
laptopworld,Laptop Lenovo ThinkPad E16 Gen 3 22AY003TVA (Ultra 7 258V | 32GB | 1TB | Intel® Arc™ Graphics 140V | 16.0inch WUXGA | No OS | Đen),https://laptopworld.vn/laptop-lenovo-thinkpad-e16-gen-3-22ay003tva
laptopworld,Laptop Lenovo ThinkPad X1 Carbon Gen 13 Aura Edition 21NS0108VN (Ultra 5 226V | 16GB | 1TB | Intel Arc Graphics 130V | 14.0inch 2.8K OLED | Win 11 Pro | Đen),https://laptopworld.vn/laptop-lenovo-thinkpad-x1-carbon-gen-13-aura-edition-21ns0108vn
laptopworld,Laptop Dell 15 DC15250 CPH991 (Core i7-1355U | 16GB | 1TB | Intel UHD Graphics | 15.6 inch FHD | Win 11 | Office | Bạc),https://laptopworld.vn/laptop-dell-15-dc15250-cph991
laptopworld,Laptop HP 250R G10 C3SH6AT (Core 5 120U | 8GB | 512GB | Intel® Graphics | 15.6 inch FHD | Win 11 | Bạc),https://laptopworld.vn/laptop-hp-250r-g10-c3sh6at
laptopworld,Laptop HP 250R G10 CC9C0PT (Core 7 150U | 16GB | 512GB | Intel® Graphics | 15.6 inch FHD | Win 11 | Bạc),https://laptopworld.vn/laptop-hp-250r-g10-cc9c0pt
laptopworld,Laptop Lenovo ThinkPad X1 2in1 Gen 10 Aura Edition 21NU004TVN (Ultra 7 258V | 32GB | 1TB | Intel Arc Graphics | 14 inch WUXGA | Cảm ứng | Bút cảm ứng | Win 11 Pro | Xám),https://laptopworld.vn/laptop-lenovo-thinkpad-x1-2in1-gen-10-aura-edition-21nu004tvn
laptopworld,Laptop MSI Prestige 13 AI+ A3MG-036VN (Ultra 9 386H | 32GB | 1TB | Intel® Arc Graphics | 13.3inch 2.8K OLED | Win 11 | Xám),https://laptopworld.vn/laptop-msi-prestige-13-ai-a3mg-036vn
laptopworld,Laptop Lenovo ThinkPad X13 Gen 6 21RKS19300 (Ultra 7-255H | 32GB | 1TB | Intel Arc Graphics | 13.3 inch WUXGA | Win 11 Pro | Đen),https://laptopworld.vn/laptop-lenovo-thinkpad-x13-gen-6-21rks19300
laptopworld,Laptop MSI Prestige 14 AI+ D3MG-022VN (Ultra 7 355 | 32GB | 1TB | Intel® Arc Graphics | 14inch FHD+ OLED | Win 11 | Xám),https://laptopworld.vn/laptop-msi-prestige-14-ai-d3mg-022vn
laptopworld,Laptop MSI Prestige 14 Flip AI+ D3MTG-021VN (Ultra 9 386H | 32GB | 1TB | Intel® Arc Graphics | 14inch FHD+ OLED | Cảm ứng | Bút cảm ứng | Win 11 | Xám),https://laptopworld.vn/laptop-msi-prestige-14-flip-ai-d3mtg-021vn
laptopworld,Laptop MSI Prestige 16 AI+ C3MG-024VN (Ultra X9 388H | 32GB | 1TB | Intel® Arc Graphics | 16inch 2.8K OLED | Win 11 | Xám),https://laptopworld.vn/laptop-msi-prestige-16-ai-c3mg-024vn
laptopworld,Laptop Lenovo Thinkbook 14 G9 IRL 21UY0092VN (Core 7 240H | 16GB | 512GB | Intel® Graphics | 14inch WUXGA | Win 11 | Xám),https://laptopworld.vn/laptop-lenovo-thinkbook-14-g9-irl-21uy0092vn
laptopworld,Laptop ASUS Vivobook S14 S3407CA-SF923W (Ultra 7-255H | 16GB | 512GB | Intel® Graphics | 14inch WUXGA OLED | Win 11 | Xám),https://laptopworld.vn/laptop-asus-vivobook-s14-s3407ca-sf923w
laptopworld,Laptop ASUS ExpertBook P1 P1503CVA-C7H16-50W (Core 7 240H | 16GB | 512GB | Intel® Graphics | 15.6inch FHD | Win11 | Xám),https://laptopworld.vn/laptop-asus-expertbook-p1-p1503cva-c7h16-50w
laptopworld,Laptop Lenovo ThinkPad T14s Gen 6 21QX00LDVA (Ultra 7 258V | 32GB | 512GB | Intel Arc Graphics 140V | 14.0inch WUXGA | NoOS | Đen),https://laptopworld.vn/laptop-lenovo-thinkpad-t14s-gen-6-21qx00ldva
laptopworld,Laptop Lenovo ThinkPad T14 Gen 6 (Ultra 7 255H | 16GB | 1TB | Intel® Arc™ Graphics | 14.0 inch WUXGA | NO OS | Đen),https://laptopworld.vn/laptop-lenovo-thinkpad-t14-gen-6-ultra-7-255h-16gb-1tb-intel-arc-graphics-14-0-inch-wuxga-no-os-den
laptopworld,Laptop Lenovo ThinkPad T14 Gen 6 21QG004JVA (Ultra 5 228 | 32GB | 1TB | Intel® Arc™ Graphics 130V | 14.0inch WUXGA | NO OS | Đen),https://laptopworld.vn/laptop-lenovo-thinkpad-t14-gen-6-21qg004jva
laptopworld,Laptop Lenovo ThinkPad T14 Gen 6 21QG004EVA (Ultra 7 258V | 32GB | 512GB | Intel® Arc™ Graphics 140V | 14.0inch WUXGA | NO OS | Đen),https://laptopworld.vn/laptop-lenovo-thinkpad-t14-gen-6-21qg004eva
laptopworld,Laptop Lenovo IdeaPad Slim 5 14AGP11 83S1003GVN (Ryzen™ AI 7 445 | 32GB | 1TB | AMD Radeon™ 840M | 14inch WUXGA OLED | Win 11 | Xám),https://laptopworld.vn/laptop-lenovo-ideapad-slim-5-14agp11-83s1003gvn
laptopworld,Laptop ASUS Vivobook S14 S3407CA-SF913W (Ultra 5 225H | 16GB | 512GB | Intel® Graphics | 14inch WUXGA OLED | Win 11 | Xám),https://laptopworld.vn/laptop-asus-vivobook-s14-s3407ca-sf913w
laptopworld,Laptop Asus Vivobook Go 15 E1504FA-BQ340W (Ryzen™ 5 40 | 16GB | 512GB | AMD Radeon™ Graphics | 15.6 inch FHD | Win 11 | Bạc),https://laptopworld.vn/laptop-asus-vivobook-go-15-e1504fa-bq340w
laptopworld,Laptop Lenovo ThinkPad T14 Gen 6 (Ultra 5 225H | 16GB | 512GB | Intel® Arc™ Graphics | 14.0inch WUXGA | No OS | Đen),https://laptopworld.vn/laptop-lenovo-thinkpad-t14-gen-6-ultra-5-225h-16gb-512gb-intel-arc-graphics-14-0inch-wuxga-no-os-den
laptopworld,Laptop Asus Vivobook 14 X1407CA-LY008W (Ultra 5 225H | 16GB | 512GB | Intel® Graphics | 14 inch WUXGA | Win 11 | Bạc),https://laptopworld.vn/laptop-asus-vivobook-14-x1407ca-ly008w
laptopworld,Laptop Lenovo ThinkPad X13 Gen 6 21RK00AUVN (Ultra 7 255H | 32GB | 1TB | Intel® Arc™ 140T | 13.3 inch WUXGA | Cảm ứng | Win 11 Pro | Đen),https://laptopworld.vn/laptop-lenovo-thinkpad-x13-gen-6-21rk00auvn
laptopworld,Laptop Lenovo ThinkPad X13 Gen 6 21RK00AWVN (Ultra 7 255H | 32GB | 512GB | Intel® Arc™ 140T | 13.3 inch WUXGA | Win 11 Pro | Đen),https://laptopworld.vn/laptop-lenovo-thinkpad-x13-gen-6-21rk00awvn
laptopworld,Laptop Lenovo ThinkPad X9-14 Gen 1 21QA006JVN (Ultra 7 258V | 32GB | 512GB | Intel Arc Graphics 140V | 14 inch WUXGA OLED | Win 11 Pro | Xám),https://laptopworld.vn/laptop-lenovo-thinkpad-x9-14-gen-1-21qa006jvn
laptopworld,Laptop Lenovo ThinkPad X1 Carbon Gen 13 21NS010JVN (Ultra 7 258V | 32GB | 1TB | Intel Arc Graphics 140V | 14.0inch 2.8K OLED | Win 11 Pro | Đen),https://laptopworld.vn/laptop-lenovo-thinkpad-x1-carbon-gen-13-21ns010jvn
laptopworld,Laptop Lenovo ThinkPad X1 Carbon Gen 13 Aura Edition 21NS010CVN (Ultra 7 258V | 32GB | 1TB | Intel Arc Graphics 140V | 14.0inch 2.8K OLED | Win 11 Pro | Đen),https://laptopworld.vn/laptop-lenovo-thinkpad-x1-carbon-gen-13-21ns010cvn
laptopworld,Laptop Lenovo ThinkPad X1 Carbon Gen 13 21NS010BVN (Ultra 7 258V | 32GB | 512GB | Intel Arc Graphics 140V | 14.0inch 2.8K OLED | Win 11 Pro | Đen),https://laptopworld.vn/laptop-lenovo-thinkpad-x1-carbon-gen-13-21ns010bvn
laptopworld,Laptop Lenovo ThinkPad X1 Carbon Gen 13 Aura Edition 21NS010HVN (Ultra 7 258V | 32GB | 512GB | Intel Arc Graphics 140V | 14.0inch 2.8K OLED | Win 11 Pro | Đen),https://laptopworld.vn/laptop-lenovo-thinkpad-x1-carbon-gen-13-21ns010hvn
laptopworld,Laptop Lenovo ThinkPad X1 Carbon Gen 13 21NS010FVN (Ultra 7 256V | 16GB | 512GB | Intel Arc Graphics 140V | 14.0inch 2.8K OLED | Win 11 Pro | Đen),https://laptopworld.vn/laptop-lenovo-thinkpad-x1-carbon-gen-13-21ns010fvn
laptopworld,Laptop Lenovo ThinkPad T14s Gen 6 21QX00LGVA (Ultra 5 228V | 32GB | 512GB | Intel Arc Graphics 130V | 14.0inch WUXGA | No OS | Đen),https://laptopworld.vn/laptop-lenovo-thinkpad-t14s-gen-6-21qx00lgva
laptopworld,Laptop Lenovo ThinkPad E16 Gen 3 21SR00AAVN (Ultra 5 135H | 16GB | 512GB | Intel Arc Graphics | 16.0inch WUXGA | Win 11 | Đen),https://laptopworld.vn/laptop-lenovo-thinkpad-e16-gen-3-21sr00aavn
laptopworld,Laptop Lenovo ThinkPad E16 Gen 3 21SR00A6VA (Ultra 5 135H | 16GB | 512GB | Intel Arc Graphics | 16.0inch WUXGA | No OS | Đen),https://laptopworld.vn/laptop-lenovo-thinkpad-e16-gen-3-21sr00a6va
laptopworld,Laptop Lenovo ThinkPad E14 Gen 7 21U2006FVA (Ultra 7 258V | 32GB | 512GB | Intel® Arc™ Graphics 140V | 14.0inch WUXGA | No OS | Đen),https://laptopworld.vn/laptop-lenovo-thinkpad-e14-gen-7-21u2006fva
laptopworld,Laptop Lenovo ThinkPad E14 Gen 7 21U2006GVA (Ultra 7 258V | 32GB | 1TB | Intel® Arc™ Graphics 140V | 14.0inch WUXGA | NoOS | Đen),https://laptopworld.vn/laptop-lenovo-thinkpad-e14-gen-7-21u2006gva
laptopworld,Laptop Lenovo ThinkPad E14 Gen 7 21U2003JVN (Ultra 7 258V | 32GB | 512GB | Intel® Arc™ Graphics 140V | 14.0inch WUXGA | Win 11 | Đen),https://laptopworld.vn/laptop-lenovo-thinkpad-e14-gen-7-21u2003jvn
laptopworld,Laptop Lenovo Thinkbook 16 G9 IRL 21US008FVN (Core i5-13420H | 16GB | 512GB | Intel® UHD Graphics | 16 inch WUXGA | Win 11 | Xám),https://laptopworld.vn/laptop-lenovo-thinkbook-16-g9-irl-21us008fvn
laptopworld,Laptop Lenovo Thinkbook 16 G9 IRL 21US008DVA (Core i5-13420H | 16GB | 512GB | Intel® UHD Graphics | 16 inch WUXGA | NoOS | Xám),https://laptopworld.vn/laptop-lenovo-thinkbook-16-g9-irl-21us008dva
laptopworld,Laptop Dell Pro 14 PC14250 PC14250-225U-16512WH (Ultra 5 225U | 16GB | 512GB | Intel Graphics | 14 inch FHD+ | Win 11 | Đen),https://laptopworld.vn/laptop-dell-pro-14-pc14250-pc14250-225u-16512wh
laptopworld,Laptop Dell 15 DC15250-i5U165W11SLU-5 (Core i5-1334U | 16GB | 512GB | Intel UHD Graphics | 15.6 inch FHD | Win 11 | Office | Bạc),https://laptopworld.vn/laptop-dell-15-dc15250-i5u165w11slu-5
laptopworld,Laptop Lenovo ThinkPad T14 Gen 6 21QG004FVA (Ultra 7 258V | 32GB | 1TB | Intel® Arc™ Graphics 140V | 14.0inch WUXGA | NO OS | Đen),https://laptopworld.vn/laptop-lenovo-thinkpad-t14-gen-6-21qg004fva
laptopworld,Laptop Dell 15 DC15250-i7U161W11SLU-5 (Core i7-1355U | 16GB | 1TB | Intel UHD Graphics | 15.6 inch FHD | Win 11 | Office | Bạc),https://laptopworld.vn/laptop-dell-15-dc15250-i7u161w11slu-5
laptopworld,Laptop ASUS ExpertBook P1 P1403CVA-C3U08-50W (Core 3 100U | 8GB | 512GB | Intel® Graphics | 14inch FHD | Win11 | Xám),https://laptopworld.vn/laptop-asus-expertbook-p1-p1403cva-c3u08-50w
laptopworld,Laptop Dell 15 DC15250 DC5I5897W1 (Core i5-1334U | 16GB | 512GB | Intel UHD Graphics | 15.6 inch FHD | Win 11 | Office | Bạc),https://laptopworld.vn/laptop-dell-15-dc15250-dc5i5897w1
laptopworld,Laptop Dell 15 DC15250 DC5I7952W1 (Core i7-1355U | 16GB | 512GB | Intel UHD Graphics | 15.6 inch FHD | Win 11 | Office | Bạc),https://laptopworld.vn/laptop-dell-15-dc15250-dc5i7952w1
laptopworld,Laptop Lenovo ThinkPad T14s Gen 6 21QX00LEVA (Ultra 7 258V | 32GB | 1TB | Intel Arc Graphics 140V | 14.0inch WUXGA | NoOS | Đen),https://laptopworld.vn/laptop-lenovo-thinkpad-t14s-gen-6-21qx00leva
laptopworld,Laptop Dell 14 DC14250 F0FTK7 (Core 7-150U | 16GB | 512GB | MX570A 2GB | 14 inch FHD+ | Win 11 | Office | Bạc),https://laptopworld.vn/laptop-dell-14-dc14250-f0ftk7
laptopworld,Laptop Asus Vivobook 16 X1607CA-MB990W (Ultra 7 255H | 16GB | 512GB | Intel® Graphics | 16inch WUXGA | Win 11 | Bạc),https://laptopworld.vn/laptop-asus-vivobook-16-x1607ca-mb990w
laptopworld,Laptop Lenovo Thinkbook 14 G9 IRL 21UY0091VN (Core 5 210H | 32GB | 1TB | Intel® Graphics |14inch WUXGA | Win 11 | Xám),https://laptopworld.vn/laptop-lenovo-thinkbook-14-g9-irl-21uy0091vn
laptopworld,Laptop Lenovo Thinkbook 14 G9 IRL 21UY0090VN (Core 5 210H | 32GB | 512GB | Intel® Graphics |14inch WUXGA | Win 11 | Xám),https://laptopworld.vn/laptop-lenovo-thinkbook-14-g9-irl-21uy0090vn
laptopworld,Laptop Lenovo Thinkbook 14 G9 IRL 21UY008YVN (Core 5 210H | 16GB | 1TB | Intel® Graphics |14inch WUXGA | Win 11 | Xám),https://laptopworld.vn/laptop-lenovo-thinkbook-14-g9-irl-21uy008yvn
laptopworld,Laptop Lenovo ThinkBook 14 G8 IAL 21SJ00EBVN (Ultra 5 135H | 16GB | 1TB | Intel® Arc™ Graphics | 14inch WUXGA | Win 11 | Xám),https://laptopworld.vn/laptop-lenovo-thinkbook-14-g8-ial-21sj00ebvn
laptopworld,Laptop Lenovo ThinkBook 14 G8 IAL 21SJ00EAVN (Ultra 5 135H | 16GB | 512GB | Intel® Arc™ Graphics | 14inch WUXGA | Win 11 | Xám),https://laptopworld.vn/laptop-lenovo-thinkbook-14-g8-ial-21sj00eavn
laptopworld,Laptop Lenovo ThinkPad P14s Gen 6 21QT005HVA (Ultra 7 255H | 32GB | 1TB | RTX PRO 500 6GB | 14.5 inch 3K | No OS | Đen),https://laptopworld.vn/laptop-lenovo-thinkpad-p14s-gen-6-21qt005hva
laptopworld,Laptop Dell Pro 14 PC14250 (Ultra 7 265U | 32GB | 512GB | Intel Graphics | 14 inch FHD+ | Ubuntu | Bạc),https://laptopworld.vn/laptop-dell-pro-14-pc14250-ultra-7-265u-32gb-512gb-intel-graphics-14-inch-fhd-ubuntu-bac
laptopworld,Laptop Lenovo ThinkPad P14s Gen 6 21QT005GVA (Ultra 7 255H | 32GB | 512GB | RTX PRO 500 6GB | 14.5 inch 3K | No OS | Đen),https://laptopworld.vn/laptop-lenovo-thinkpad-p14s-gen-6-21qt005gva
laptopworld,Laptop Lenovo ThinkPad P14s Gen 6 21QT005CVA (Ultra 7 255H | 32GB | 512GB | RTX PRO 500 6GB | 14.5 inch WUXGA | No OS | Đen),https://laptopworld.vn/laptop-lenovo-thinkpad-p14s-gen-6-21qt005cva
laptopworld,Laptop Lenovo ThinkPad P14s Gen 6 21QT0059VA (Ultra 5 225H | 32GB | 1TB | RTX PRO 500 6GB | 14.5 inch WUXGA | No OS | Đen),https://laptopworld.vn/laptop-lenovo-thinkpad-p14s-gen-6-21qt0059va
laptopworld,Laptop Lenovo ThinkPad P14s Gen 6 21QT0058VA (Ultra 5 225H | 32GB | 512GB | RTX PRO 500 6GB | 14.5 inch WUXGA | No OS | Đen),https://laptopworld.vn/laptop-lenovo-thinkpad-p14s-gen-6-21qt0058va
laptopworld,Laptop Lenovo ThinkPad L14 Gen 6 21S60028VA (Ultra 7 255H | 32GB | 512GB | Intel Arc 140T | 14 inch WUXGA | No OS | Đen),https://laptopworld.vn/laptop-lenovo-thinkpad-l14-gen-6-21s60028va
laptopworld,Laptop Lenovo ThinkPad L14 Gen 6 21S60026VA (Ultra 7 255H | 16GB | 1TB | Intel Arc 140T | 14 inch WUXGA | No OS | Đen),https://laptopworld.vn/laptop-lenovo-thinkpad-l14-gen-6-21s60026va
laptopworld,Laptop Lenovo ThinkPad E14 Gen 7 21SX002PVA (Ultra 5 225H | 16GB | 1TB | Intel® Arc™ 130T | 14.0inch WUXGA | No OS | Đen),https://laptopworld.vn/laptop-lenovo-thinkpad-e14-gen-7-21sx002pva
laptopworld,Laptop Lenovo ThinkPad E14 Gen 7 21SX005WVA (Ultra 5 225U | 32GB | 1TB | Intel® Graphics | 14inch WUXGA | No OS | Đen),https://laptopworld.vn/laptop-lenovo-thinkpad-e14-gen-7-21sx005wva
laptopworld,Laptop Lenovo ThinkPad E14 Gen 7 21SX005VVA (Ultra 5 225U | 32GB | 512GB | Intel® Graphics | 14inch WUXGA | No OS | Đen),https://laptopworld.vn/laptop-lenovo-thinkpad-e14-gen-7-21sx005vva
laptopworld,Laptop Lenovo ThinkPad E14 Gen 7 21SX00BJVA (Ultra 5 135H | 16GB | 512GB | Intel® Arc™ Graphics | 14inch WUXGA | No OS | Đen),https://laptopworld.vn/laptop-lenovo-thinkpad-e14-gen-7-21sx00bjva
laptopworld,Laptop Lenovo Thinkbook 14 G9 IRL 21UY008NVA (Core 5 210H | 32GB | 512GB | Intel® Graphics |14inch WUXGA | No OS | Xám),https://laptopworld.vn/laptop-lenovo-thinkbook-14-g9-irl-21uy008nva
laptopworld,Laptop Lenovo Thinkbook 14 G9 IRL 21UY008MVA (Core 5 210H | 16GB | 1TB | Intel® Graphics |14inch WUXGA | No OS | Xám),https://laptopworld.vn/laptop-lenovo-thinkbook-14-g9-irl-21uy008mva
laptopworld,Laptop Lenovo Thinkbook 14 G9 IRL 21UY008LVA (Core 5 210H | 16GB | 512GB | Intel® Graphics |14inch WUXGA | No OS | Xám),https://laptopworld.vn/laptop-lenovo-thinkbook-14-g9-irl-21uy008lva
laptopworld,Laptop Lenovo Thinkbook 14 G9 IRL 21UY008KVA (Core i5-13420H | 32GB | 512GB | Intel® UHD Graphics |14inch WUXGA | No OS | Xám),https://laptopworld.vn/laptop-lenovo-thinkbook-14-g9-irl-21uy008kva
laptopworld,Laptop Lenovo Thinkbook 14 G9 IRL 21UY008JVA (Core i5-13420H | 16GB | 1TB | Intel® UHD Graphics |14inch WUXGA | No OS | Xám),https://laptopworld.vn/laptop-lenovo-thinkbook-14-g9-irl-21uy008jva
laptopworld,Laptop Lenovo Thinkbook 14 G9 IRL 21UY008HVA (Core i5-13420H | 16GB | 512GB | Intel® UHD Graphics |14inch WUXGA | No OS | Xám),https://laptopworld.vn/laptop-lenovo-thinkbook-14-g9-irl-21uy008hva
laptopworld,Laptop Lenovo ThinkBook 14 G8 IAL 21SJ00F8VA (Ultra 5 135H | 16GB | 1TB | Intel® Arc™ Graphics | 14inch WUXGA | No OS | Xám),https://laptopworld.vn/laptop-lenovo-thinkbook-14-g8-ial-21sj00f8va
laptopworld,Laptop Lenovo ThinkBook 14 G8 IAL 21SJ00ECVA (Ultra 5 135H | 16GB | 512GB | Intel® Arc™ Graphics | 14inch WUXGA | No OS | Xám),https://laptopworld.vn/laptop-lenovo-thinkbook-14-g8-ial-21sj00ecva
laptopworld,Laptop Lenovo ThinkPad P16s Gen 4 21QV0057VA (Ultra 5 225H | 32GB | 1TB | RTX PRO 500 6GB | 16 inch WUXGA | No OS | Đen),https://laptopworld.vn/laptop-lenovo-thinkpad-p16s-gen-4-21qv0057va
laptopworld,Laptop Lenovo ThinkPad P16s Gen 4 21QV005FVA (Ultra 7 255H | 32GB | 1TB | RTX PRO 500 6GB | 16 inch WUXGA | No OS | Đen),https://laptopworld.vn/laptop-lenovo-thinkpad-p16s-gen-4-21qv005fva
laptopworld,Laptop Lenovo ThinkPad P16s Gen 4 21QV005EVA (Ultra 7 255H | 32GB | 512GB | RTX PRO 500 6GB | 16 inch WUXGA | No OS | Đen),https://laptopworld.vn/laptop-lenovo-thinkpad-p16s-gen-4-21qv005eva
laptopworld,Laptop Lenovo ThinkPad P16v Gen 3 21RS0043VA (Ultra 7 255H | 64GB | 1TB | RTX PRO 2000 8GB | 16 inch WUXGA | No OS | Đen),https://laptopworld.vn/laptop-lenovo-thinkpad-p16v-gen-3-21rs0043va
laptopworld,Laptop Lenovo Thinkbook 16 G9 IRL 21US008YVN (Core 5 210H | 16GB | 512GB | Intel Graphics | 16 inch WUXGA | Win 11 | Xám),https://laptopworld.vn/laptop-lenovo-thinkbook-16-g9-irl-21us008yvn
laptopworld,Laptop Lenovo Thinkbook 16 G9 IRL 21US008XVA (Core 5 210H | 16GB | 512GB | Intel Graphics | 16 inch WUXGA | No OS | Xám),https://laptopworld.vn/laptop-lenovo-thinkbook-16-g9-irl-21us008xva
laptopworld,Laptop Lenovo ThinkPad E14 Gen 7 21T90029VN (Core 7 240H | 32GB | 512GB | Intel Graphics | 14.0inch WUXGA | Win 11 | Đen),https://laptopworld.vn/laptop-lenovo-thinkpad-e14-gen-7-21t90029vn
laptopworld,Laptop ASUS Zenbook S 14 UX5406AA-SU415WS (Ultra 9 386H | 32GB | 512GB | Intel® Graphics | 14 inch 3K OLED 120Hz | Win 11 | Office | Trắng),https://laptopworld.vn/laptop-asus-zenbook-s-14-ux5406aa-su415ws
laptopworld,Laptop Lenovo ThinkPad E14 Gen 7 21T90025VN (Core 7 240H | 16GB | 512GB | Intel Graphics | 14.0inch WUXGA | Win 11 | Đen),https://laptopworld.vn/laptop-lenovo-thinkpad-e14-gen-7-21t90025vn
laptopworld,Laptop Lenovo ThinkPad E16 Gen 3 21SR0052VA (Ultra 5 225U | 32GB | 512GB | Intel® Graphics | 16.0inch WUXGA | No OS | Đen),https://laptopworld.vn/laptop-lenovo-thinkpad-e16-gen-3-21sr0052va
laptopworld,Laptop ASUS Vivobook Go 14 E1404FA-EB935W (Ryzen™ 5 40 | 16GB | 512GB | AMD Radeon™ Graphics | 14 inch FHD | Win 11 | Bạc),https://laptopworld.vn/laptop-asus-vivobook-go-14-e1404fa-eb935w
laptopworld,Laptop Lenovo ThinkPad L14 Gen 6 21S60027VA (Core Ultra 7 255H | 32GB | 1TB | Intel Arc 140T | 14 inch WUXGA | No OS | Đen),https://laptopworld.vn/laptop-lenovo-thinkpad-l14-gen-6-21s60027va
laptopworld,Laptop HP 240R G9 C40LFAT (Core 3 100U | 8GB | 512GB | Intel® Graphics | 14 inch FHD | Win 11 | Bạc đen),https://laptopworld.vn/laptop-hp-240r-g9-c40lfat
laptopworld,Laptop Acer Swift Go 14 AI SFG14-75-765M NX.JNBSV.004 (Ultra 7 258V | 16GB | 512GB | Intel® Arc™ 140V | 14 inch OLED FHD+ | Win 11 | Xanh),https://laptopworld.vn/laptop-acer-swift-go-14-ai-sfg14-75-765m-nx-jnbsv-004
laptopworld,Laptop HP 240R G9 C40M2AT (Core™ 5 120U | 8GB | 512GB | Intel® Graphics | 14 inch FHD | Win 11 | Bạc đen),https://laptopworld.vn/laptop-hp-240r-g9-c40m2at
laptopworld,Laptop HP 240R G9 C40LGAT (Core™ 5 120U | 16GB | 512GB | Intel® Graphics | 14 inch FHD | Win 11 | Bạc đen),https://laptopworld.vn/laptop-hp-240r-g9-c40lgat
laptopworld,Laptop HP EliteBook 8 G1a C0CE3PT (Ryzen™ AI 5 PRO 340 | 32GB | 512GB | AMD Radeon™ 840M Graphics | 14 inch WUXGA | Cảm ứng | Windows 11 Pro | Bạc),https://laptopworld.vn/laptop-hp-elitebook-8-g1a-c0ce3pt
laptopworld,Laptop HP 250R G10 C3SH7AT (Core 5 120U | 16GB | 512GB | Intel® Graphics | 15.6 inch FHD | Win 11 | Bạc),https://laptopworld.vn/laptop-hp-250r-g10-c3sh7at
laptopworld,Laptop HP 14-ep1201TU D0BH0PA (Ultra 5 125H | 24GB | 512GB | Intel® Arc™ Graphics | 14 inch FHD | Win 11 | Bạc),https://laptopworld.vn/laptop-hp-14-ep1201tu-d0bh0pa
laptopworld,Laptop HP 14-ep1176TU C89ZQPA (Ultra 5 125H | 16GB | 512GB | Intel® Arc™ Graphics | 14 inch FHD | Win 11 | Bạc),https://laptopworld.vn/laptop-hp-14-ep1176tu-c89zqpa
laptopworld,Laptop HP 14-ep1200TU D0BG9PA (Ultra 7 155H | 24GB | 512GB | Intel® Arc™ Graphics | 14 inch FHD | Win 11 | Bạc),https://laptopworld.vn/laptop-hp-14-ep1200tu-d0bg9pa
laptopworld,Laptop ASUS Vivobook S14 M3407GA-SF030W (Ryzen™ AI 7 445 | 16GB | 512GB | AMD Radeon Graphics | 14inch WUXGA OLED | Win 11 | Xám),https://laptopworld.vn/laptop-asus-vivobook-s14-m3407ga-sf030w
laptopworld,Laptop Asus Vivobook 14 M1407GA-LY270W (Ryzen™ AI 7 445 | 16GB | 512GB | AMD Radeon™ Graphics | 14inch WUXGA | Win 11 | Bạc),https://laptopworld.vn/laptop-asus-vivobook-14-m1407ga-ly270w
laptopworld,Laptop ASUS Zenbook 14 UM3406GA-QD075WS (Ryzen™ AI 7 445 | 16GB | 512GB | AMD Radeon™ Graphics | 14inch WUXGA OLED | Win 11 | Office | Đen),https://laptopworld.vn/laptop-asus-zenbook-14-um3406ga-qd075ws
laptopworld,Laptop ASUS Zenbook 14 UM3406GA-QD073WS (Ryzen™ AI 7 445 | 32GB | 1TB | AMD Radeon™ Graphics | 14inch WUXGA OLED | Win 11 | Office | Đen),https://laptopworld.vn/laptop-asus-zenbook-14-um3406ga-qd073ws
laptopworld,Laptop Lenovo ThinkPad P16v Gen 3 21RS0042VA (Ultra 7 255H | 32GB | 1TB | RTX PRO 1000 8GB | 16 inch WUXGA | No OS | Đen),https://laptopworld.vn/laptop-lenovo-thinkpad-p16v-gen-3-21rs0042va
laptopworld,Laptop ASUS Zenbook 14 UX3405CA-ST648W (Ultra 9 285H | 32GB | 1TB | Intel® Arc™ Graphics | 14.0inch 3K OLED | Win 11 | Xanh),https://laptopworld.vn/laptop-asus-zenbook-14-ux3405ca-st648w
laptopworld,Laptop Asus Vivobook 16 X1607CA-MB980W (Ultra 5 225H | 16GB | 512GB | Intel® Graphics | 16inch WUXGA | Win 11 | Bạc),https://laptopworld.vn/laptop-asus-vivobook-16-x1607ca-mb980w
laptopworld,Laptop ASUS Vivobook Go 14 E1404FA-EB012W (Ryzen™ 5 40 | 8GB | 512GB | AMD Radeon™ Graphics | 14 inch FHD | Win 11 | Bạc),https://laptopworld.vn/laptop-asus-vivobook-go-14-e1404fa-eb012w
laptopworld,Laptop ASUS Vivobook 15 M1502NAQ-BQ031W (Ryzen™ 7 170 | 16GB | 512GB | AMD Radeon Graphics | 15.6 inch FHD | Win 11 | Bạc),https://laptopworld.vn/laptop-asus-vivobook-15-m1502naq-bq031w
laptopworld,Laptop ASUS Vivobook 15 M1502NAQ-BQ021W (Ryzen™ 5 150 | 16GB | 512GB | AMD Radeon Graphics | 15.6 inch FHD | Win 11 | Bạc),https://laptopworld.vn/laptop-asus-vivobook-15-m1502naq-bq021w
laptopworld,Laptop Asus Vivobook 15 X1504VA-BQ265W (Core™ 5 120U | 16GB | 512GB | Intel® Graphics | 15.6inch FHD | Win 11 | Bạc),https://laptopworld.vn/laptop-asus-vivobook-15-x1504va-bq265w
laptopworld,Laptop Asus Vivobook 14 X1404VA-EB609W (Core 3-100U | 8GB | 512GB | Intel® Graphics | 14 inch FHD | Win 11 | Bạc),https://laptopworld.vn/laptop-asus-vivobook-14-x1404va-eb609w
laptopworld,Laptop ASUS Zenbook 14 UX3405CA-ST629W (Ultra 7 255H | 32GB | 512GB | Intel® Arc™ Graphics | 14.0inch 3K OLED | Win 11 | Xanh),https://laptopworld.vn/laptop-asus-zenbook-14-ux3405ca-st629w
laptopworld,Laptop Lenovo ThinkPad P16s Gen 4 21QV005CVA (Ultra 7 255H | 32GB | 512GB | RTX PRO 500 Blackwell 6GB | 16 inch WUXGA | No OS | Đen),https://laptopworld.vn/laptop-lenovo-thinkpad-p16s-gen-4-21qv005cva
laptopworld,Laptop Lenovo ThinkPad P16s Gen 4 21QV005DVA (Ultra 7 255H | 32GB | 1TB | RTX PRO 500 Blackwell 6GB | 16 inch WUXGA | No OS | Đen),https://laptopworld.vn/laptop-lenovo-thinkpad-p16s-gen-4-21qv005dva
laptopworld,Laptop Lenovo ThinkPad P16s Gen 4 21QV0056VA (Ultra 5 225H | 32GB | 512GB | RTX PRO 500 6GB | 16 inch WUXGA | No OS | Đen),https://laptopworld.vn/laptop-lenovo-thinkpad-p16s-gen-4-21qv0056va
laptopworld,Laptop Lenovo ThinkPad P16s Gen 4 21QV005AVN (Ultra 7 255H | 32GB | 1TB | RTX PRO 500 Blackwell 6GB | 16 inch WUXGA | Win 11 Pro | Đen),https://laptopworld.vn/laptop-lenovo-thinkpad-p16s-gen-4-21qv005avn
laptopworld,Laptop Lenovo ThinkPad L16 Gen 2 21SA000NVA (Ultra 7 255H | 16GB | 512GB | Intel® Arc™ 140T | 16 inch WUXGA | No OS | Đen),https://laptopworld.vn/laptop-lenovo-thinkpad-l16-gen-2-21sa000nva
laptopworld,Laptop Lenovo ThinkPad E16 Gen 3 21SR002UVN (Ultra 7 255H | 16GB | 512GB | Intel Arc 140T | 16.0inch WUXGA | Win 11 | Đen),https://laptopworld.vn/laptop-lenovo-thinkpad-e16-gen-3-21sr002uvn
laptopworld,Laptop Acer Aspire Lite 14 AL14-52M-52UU NX.J39SV.003 (Core™ i5-1335U | 16GB | 512GB | Intel® UHD Graphics | 14.0inch 2.2K | Win 11 | Bạc),https://laptopworld.vn/laptop-acer-aspire-lite-14-al14-52m-52uu-nx-j39sv-003
laptopworld,Laptop Lenovo V14 G5 IRL 83HD003FVA (Core 7 240H | 16GB | 1TB | Intel® Graphics | 14 inch FHD | No OS | Đen),https://laptopworld.vn/laptop-lenovo-v14-g5-irl-83hd003fva
laptopworld,Laptop Lenovo V14 G5 IRL 83HD003EVA (Core 7 240H | 16GB | 1TB | Intel® Graphics | 14 inch FHD | No OS | Xám),https://laptopworld.vn/laptop-lenovo-v14-g5-irl-83hd003eva
laptopworld,Laptop Lenovo V14 G5 IRL 83HD003DVA (Core 7 240H | 16GB | 512GB | Intel® Graphics | 14 inch FHD | No OS | Xám),https://laptopworld.vn/laptop-lenovo-v14-g5-irl-83hd003dva
laptopworld,Laptop Lenovo V14 G5 IRL 83HD003CVA (Core 7 240H | 8GB | 512GB | Intel® Graphics | 14 inch FHD | No OS | Xám),https://laptopworld.vn/laptop-lenovo-v14-g5-irl-83hd003cva
laptopworld,Laptop HP OmniBook X Flip 14-fk0092AU BZ7P5PA (Ryzen™ AI 5 340 | 16GB | 512GB | AMD Radeon 840M | 14 inch WUXGA | Cảm ứng | Bút cảm ứng | Win 11 | Office | Bạc),https://laptopworld.vn/laptop-hp-omnibook-x-flip-14-fk0092au-bz7p5pa
laptopworld,Laptop HP Probook 450 G10 9P2X4PT (Core i5-1334U | 8GB | 512GB | Intel® UHD Graphics | 15.6 inch FHD | Win 11 | Bạc),https://laptopworld.vn/laptop-hp-probook-450-g10-9p2x4pt
laptopworld,Laptop HP Probook 450 G10 873C9PA (Core i5-1335U | 8GB | 256GB | Intel® UHD Graphics | 15.6 inch FHD | Win 11 | Bạc),https://laptopworld.vn/laptop-hp-probook-450-g10-873c9pa
laptopworld,Laptop MSI Prestige 13 AI+ Ukiyoe Edition A2VMG-075VN (Ultra 9 288V | 32GB | 2TB | Intel® Arc™ 140V | 13.3inch 2.8K OLED | Win 11 | Đen),https://laptopworld.vn/laptop-msi-prestige-13-ai-ukiyoe-edition-a2vmg-075vn
laptopworld,Laptop ASUS ExpertBook P1 P1403CVA-C7H16-50W (Core 7 240H | 16GB | 512GB | Intel® Graphics | 14.0inch FHD | Win11 | Xám),https://laptopworld.vn/laptop-asus-expertbook-p1-p1403cva-c7h16-50w
laptopworld,Laptop ASUS ExpertBook P1 P1403CVA-C5H08-50W (Core 5 210H | 8GB | 512GB | Intel® Graphics | 14 inch FHD | Win11 | Xám),https://laptopworld.vn/laptop-asus-expertbook-p1-p1403cva-c5h08-50w
laptopworld,Laptop ASUS ExpertBook P1 P1403CVA-C5H16-50W (Core 5 210H | 16GB | 512GB | Intel® Graphics | 14 inch FHD | Win11 | Xám),https://laptopworld.vn/laptop-asus-expertbook-p1-p1403cva-c5h16-50w
laptopworld,Laptop Dell 14 DC14255 DC4AI5278W1 SilMetal (Ryzen™ AI 5 330 | 16GB | 512GB | AMD Radeon Graphics | 14 inch FHD+ | Win 11 | Office | Bạc),https://laptopworld.vn/laptop-dell-14-dc14255-dc4ai5278w1-silmetal
laptopworld,Laptop Dell Pro 14 Essential PV14250 71084490 (Core 7 150U | 16GB | 512GB | Intel Graphics | 14 inch FHD+ | Win 11 | Bạc),https://laptopworld.vn/laptop-dell-pro-14-essential-pv14250-71084490
laptopworld,Laptop Dell Pro 14 Essential PV14250 PV14250-120U-08512W (Core 5 120U | 8GB | 512GB | Intel Graphics | 14 inch FHD+ | Win 11 | Bạc),https://laptopworld.vn/laptop-dell-pro-14-essential-pv14250-pv14250-120u-08512w
laptopworld,Laptop Dell Pro 14 Essential PV14250-120U-08512U (Core 5 120U | 8GB | 512GB | Intel Graphics | 14 inch FHD+ | No OS | Bạc),https://laptopworld.vn/laptop-dell-pro-14-essential-pv14250-120u-08512u
laptopworld,Laptop Dell Pro 14 Essential PV14250 PV14250-120U-16512W (Core 5 120U | 16GB | 512GB | Intel Graphics | 14 inch FHD+ | Win 11 | Bạc),https://laptopworld.vn/laptop-dell-pro-14-essential-pv14250-pv14250-120u-16512w
laptopworld,Laptop Dell Pro 14 Essential PV14250 PV14250-120U-16512U (Core 5 120U | 16GB | 512GB | Intel Graphics | 14 inch FHD+ | Ubuntu | Bạc),https://laptopworld.vn/laptop-dell-pro-14-essential-pv14250-pv14250-120u-16512u
laptopworld,Laptop Dell Pro 14 Essential PV14250 PV14250-150U-161TBU (Core 7 150U | 16GB | 1TB | Intel Graphics | 14 inch FHD+ | Ubuntu | Bạc),https://laptopworld.vn/laptop-dell-pro-14-essential-pv14250-pv14250-150u-161tbu
laptopworld,Laptop Dell Pro 14 Essential PV14250 PV14250-150U-161TBW (Core 7 150U | 16GB | 1TB | Intel Graphics | 14 inch FHD+ | Win 11 | Bạc),https://laptopworld.vn/laptop-dell-pro-14-essential-pv14250-pv14250-150u-161tbw
laptopworld,Laptop Dell 14 DC14250 DC4C5386W (Core 5 120U | 16GB | 512GB | Intel Graphics | 14 inch FHD+ | Win 11 | Office | Bạc),https://laptopworld.vn/laptop-dell-14-dc14250-dc4c5386w
laptopworld,Laptop Dell 15 DC15250 71084747 (Core i7-1355U | 16GB | 512GB | Intel UHD Graphics | 15.6 inch FHD | Win 11 | Office | Bạc),https://laptopworld.vn/laptop-dell-15-dc15250-71084747
laptopworld,Laptop Dell 15 DC15250 71084746 (Core i5-1334U | 16GB | 512GB | Intel UHD Graphics | 15.6 inch FHD | Win 11 | Office | Bạc),https://laptopworld.vn/laptop-dell-15-dc15250-71084746
laptopworld,Laptop Dell 14 DC14255 71083617 (Ryzen™ AI 7 350 | 16GB | 1TB | AMD Radeon Graphics | 14 inch FHD+ | Win 11 | Office | Bạc),https://laptopworld.vn/laptop-dell-14-dc14255-71083617
laptopworld,Laptop Dell 14 DC14250 71083580 (Core 7 150U | 16GB | 512GB | Intel Graphics | 14 inch FHD+ | Win 11 | Office | Bạc),https://laptopworld.vn/laptop-dell-14-dc14250-71083580
laptopworld,Laptop Dell 14 DC14255-R7165W11SLU (Ryzen 7 250 | 16GB | 512GB | AMD Radeon Graphics | 14 inch FHD+ | Win 11 | Office | Bạc),https://laptopworld.vn/laptop-dell-14-dc14255-r7165w11slu
laptopworld,Laptop Dell 14 DC14250-C3U085W11SLU (Core 3 100U | 8GB | 512GB | Intel Graphics | 14 inch FHD+ | Win 11 | Office | Bạc),https://laptopworld.vn/laptop-dell-14-dc14250-c3u085w11slu
laptopworld,Laptop Dell 14 DC14250-C7U161W11SLU (Core™ 7 150U | 16GB | 1TB | Intel Graphics | 14 inch FHD+ | Win 11 | Office | Bạc),https://laptopworld.vn/laptop-dell-14-dc14250-c7u161w11slu
laptopworld,Laptop ASUS ExpertBook P1 P1503CVA-C3U08-50W (Core 3 100U | 8GB | 512GB | Intel® Graphics | 15.6inch FHD | Win11 | Xám),https://laptopworld.vn/laptop-asus-expertbook-p1-p1503cva-c3u08-50w
laptopworld,Laptop ASUS ExpertBook P1 P1503CVA-C5H08-50W (Core 5 210H | 8GB | 512GB | Intel® Graphics | 15.6inch FHD | Win11 | Xám),https://laptopworld.vn/laptop-asus-expertbook-p1-p1503cva-c5h08-50w
laptopworld,Laptop ASUS ExpertBook P1 P1503CVA-C5H16-50W (Core 5 210H | 16GB | 512GB | Intel® Graphics | 15.6inch FHD | Win11 | Xám),https://laptopworld.vn/laptop-asus-expertbook-p1-p1503cva-c5h16-50w
laptopworld,Laptop ASUS Vivobook 14 M1405NAQ-LY011W (Ryzen™ 7 170 | 16GB | 512GB | AMD Radeon Graphics | 14inch WUXGA | Win 11 | Bạc),https://laptopworld.vn/laptop-asus-vivobook-14-m1405naq-ly011w
laptopworld,Laptop Dell Pro 14 PC14250 71076113 (Ultra 7 255U | 16GB | 512GB | Intel Graphics | 14 inch FHD+ | Win 11 Pro | Bạc),https://laptopworld.vn/laptop-dell-pro-14-pc14250-71076113
laptopworld,Laptop Lenovo ThinkPad E16 Gen 3 21SR0051VN (Ultra 5 225U | 32GB | 512GB | Intel® Graphics | 16.0inch WUXGA | Win 11 | Đen),https://laptopworld.vn/laptop-lenovo-thinkpad-e16-gen-3-21sr0051vn
laptopworld,Laptop Lenovo ThinkPad E16 Gen 3 21SR002HVA (Ultra 5 225H | 16GB | 1TB | Intel Arc 130T | 16.0inch WUXGA | No OS | Đen),https://laptopworld.vn/laptop-lenovo-thinkpad-e16-gen-3-21sr002hva
laptopworld,Laptop Lenovo V14 G5 IRL 83HD0062VA (Core i5-13420H | 16GB | 512GB | Intel UHD Graphics | 14 inch FHD | NoOS | Xám),https://laptopworld.vn/laptop-lenovo-v14-g5-irl-83hd0062va
laptopworld,Laptop Lenovo V14 G5 IRL 83HD005JVN (Core i5-13420H | 16GB | 512GB | Intel UHD Graphics | 14 inch FHD | Win 11 | Xám),https://laptopworld.vn/laptop-lenovo-v14-g5-irl-83hd005jvn
laptopworld,Laptop Lenovo V14 G5 IRL 83HD005KVA (Core i5-13420H | 8GB | 512GB | Intel UHD Graphics | 14 inch FHD | NoOS | Xám),https://laptopworld.vn/laptop-lenovo-v14-g5-irl-83hd005kva
laptopworld,Laptop Lenovo V15 G5 IRL 83HF00BTVA (Core i7-13620H | 16GB | 512GB | Intel UHD Graphics | 15.6 inch FHD | NoOS | Xám),https://laptopworld.vn/laptop-lenovo-v15-g5-irl-83hf00btva
laptopworld,Laptop Lenovo IdeaPad Slim 5 14AKP10 83HX00ABVN (Ryzen AI 5 330 | 16GB | 512GB | AMD Radeon 820M Graphics | 14 inch WUXGA | Win 11 | Xám),https://laptopworld.vn/laptop-lenovo-ideapad-slim-5-14akp10-83hx00abvn
laptopworld,Laptop Dell Pro 14 Plus PB14250 PB14250-235U-16512W (Ultra 5 235U | 16GB | 512GB | Intel Graphics | 14 inch FHD+ | Win 11 | Bạc),https://laptopworld.vn/laptop-dell-pro-14-plus-pb14250-pb14250-235u-16512w
laptopworld,Laptop Acer Aspire 14 AI A14-61M-R9RA NX.JL1SV.001 (Ryzen™ AI 5 340 | 16GB | 512GB | AMD Radeon™ 840M | 14inch FHD+ | Win 11 | Bạc),https://laptopworld.vn/laptop-acer-aspire-14-ai-a14-61m-r9ra-nx-jl1sv-001
laptopworld,Laptop Asus Vivobook 14 X1404VA-EB355W (Core 7-150U | 16GB | 512GB | Intel® Graphics | 14 inch FHD | Win 11 | Bạc),https://laptopworld.vn/laptop-asus-vivobook-14-x1404va-eb355w
laptopworld,Laptop Dell 15 DC15255 DC5R5802W1 (Ryzen 5-7530U | 16GB | 512GB | AMD Radeon Graphics | 15.6 inch FHD | Win 11 | Office | Bạc),https://laptopworld.vn/laptop-dell-15-dc15255-dc5r5802w1
laptopworld,Laptop Lenovo V15 G5 IRL 83HF0048VN (Core 5 210H | 16GB | 1TB | Intel® Graphics | 15.6 inch FHD | Win 11 | Đen),https://laptopworld.vn/laptop-lenovo-v15-g5-irl-83hf0048vn
laptopworld,Laptop Lenovo V15 G5 IRL 83HF0047VN (Core 5 210H | 16GB | 1TB | Intel® Graphics | 15.6 inch FHD | Win 11 | Xám),https://laptopworld.vn/laptop-lenovo-v15-g5-irl-83hf0047vn
laptopworld,Laptop Lenovo V15 G5 IRL 83HF004GVA (Core 5 210H | 16GB | 1TB | Intel® Graphics | 15.6 inch FHD | NoOS | Xám),https://laptopworld.vn/laptop-lenovo-v15-g5-irl-83hf004gva
laptopworld,Laptop Lenovo V15 G5 IRL 83HF004CVN (Core 5 210H | 16GB | 512GB | Intel® Graphics | 15.6 inch FHD | Win 11 | Xám),https://laptopworld.vn/laptop-lenovo-v15-g5-irl-83hf004cvn
laptopworld,Laptop Lenovo V15 G5 IRL 83HF004LVA (Core 5 210H | 16GB | 512GB | Intel® Graphics | 15.6 inch FHD | NoOS | Xám),https://laptopworld.vn/laptop-lenovo-v15-g5-irl-83hf004lva
laptopworld,Laptop Lenovo V15 G5 IRL 83HF004BVN (Core 5 210H | 8GB | 512GB | Intel® Graphics | 15.6 inch FHD | Win 11 | Xám),https://laptopworld.vn/laptop-lenovo-v15-g5-irl-83hf004bvn
laptopworld,Laptop Lenovo V15 G5 IRL 83HF004HVA (Core 5 210H | 8GB | 512GB | Intel® Graphics | 15.6 inch FHD | NoOS | Xám),https://laptopworld.vn/laptop-lenovo-v15-g5-irl-83hf004hva
laptopworld,Laptop Lenovo V15 G5 IRL 83HF00BYVN (Core i5-13420H | 16GB | 512GB | Intel UHD Graphics | 15.6 inch FHD | Win 11 | Xám),https://laptopworld.vn/laptop-lenovo-v15-g5-irl-83hf00byvn
laptopworld,Laptop Lenovo V15 G5 IRL 83HF00BVVN (Core i5-13420H | 8GB | 512GB | Intel UHD Graphics | 15.6 inch FHD | Win 11 | Xám),https://laptopworld.vn/laptop-lenovo-v15-g5-irl-83hf00bvvn
laptopworld,Laptop Lenovo V15 G5 IRL 83HF00BRVA (Core i5-13420H | 8GB | 512GB | Intel UHD Graphics | 15.6 inch FHD | NoOS | Xám),https://laptopworld.vn/laptop-lenovo-v15-g5-irl-83hf00brva
laptopworld,Laptop Lenovo V15 G5 IRL 83HF00BSVA (Core i5-13420H | 16GB | 512GB | Intel UHD Graphics | 15.6 inch FHD | NoOS | Xám),https://laptopworld.vn/laptop-lenovo-v15-g5-irl-83hf00bsva
laptopworld,Laptop HP OmniBook 5 Flip 14-fp0055TU BZ7Q4PA (Core 7 150U | 24GB | 512GB | Intel Graphics | 14.0 inch WUXGA | Cảm ứng | Win 11 | Office | Bạc),https://laptopworld.vn/laptop-hp-omnibook-5-flip-14-fp0055tu-bz7q4pa
laptopworld,Laptop HP 14-ep1178TU C89ZRPA (Core 5-120U | 16GB | 1TB | Intel Graphics | 14 inch FHD | Win 11 | Bạc),https://laptopworld.vn/laptop-hp-14-ep1178tu-c89zrpa
laptopworld,Laptop HP OmniBook 7 14-fs0032TU C1NT8PA (Core™ 9 270H | 32GB | 512GB | Intel® Graphics | 14 inch WUXGA | Win 11 | Office | Bạc),https://laptopworld.vn/laptop-hp-omnibook-7-14-fs0032tu-c1nt8pa
laptopworld,Laptop Acer Swift Go 14 AI SFG14-75-5264 NX.JNBSV.001 (Ultra 5 226V | 16GB | 512GB | Intel ARC 130V | 14 inch FHD+ OLED | Win 11 | Xanh),https://laptopworld.vn/laptop-acer-swift-go-14-ai-sfg14-75-5264-nx-jnbsv-001
laptopworld,Laptop HP 14-ep1137TU C2CY8PA (Ultra 7 155H | 16GB | 512GB | Intel Arc Graphics | 14 inch FHD | Win 11 | Bạc),https://laptopworld.vn/laptop-hp-14-ep1137tu-c2cy8pa
laptopworld,Laptop Dell 16 DC16250 C7U161W11BLU (Core™ 7 150U | 16GB | 1TB | Intel Graphics | 16.0 inch FHD+ | Cảm ứng | Win 11 | Office | Đen),https://laptopworld.vn/laptop-dell-16-dc16250-c7u161w11blu
laptopworld,Laptop Asus Vivobook S 14 S5406SA-PP168WS (Ultra 5-226V | 16GB | 512GB | Intel® Arc™ Graphics | 14.0inch 3K OLED | Win 11 | Office | Đen),https://laptopworld.vn/laptop-asus-vivobook-s14-s5406sa-pp168ws
laptopworld,Laptop Acer Aspire 14 AI A14-11M-X8FP NX.JP3SV.001 (Snapdragon X X1-26-100 | 16GB | 512GB | Qualcomm Adreno | 14inch FHD+ | Win 11 | Xanh),https://laptopworld.vn/laptop-acer-aspire-14-ai-a14-11m-x8fp-nx-jp3sv-001
laptopworld,Laptop Lenovo ThinkPad T14 Gen 6 21QC000BVN (Ultra 5 225H | 32GB | 1TB | Intel® Arc™ 130T GPU | 14.0inch WUXGA | Win 11 Pro | Đen),https://laptopworld.vn/laptop-lenovo-thinkpad-t14-gen-6-21qc000bvn
laptopworld,Laptop Dell 16 DC16251 DC6C7557W1 (Core 7 150U | 16GB | 1TB | Nvidia GT 2GB MX570A | 16.0 inch FHD+ | Win 11 | Office | Bạc),https://laptopworld.vn/laptop-dell-16-dc16251-dc6c7557w1
laptopworld,Laptop Dell Pro 13 Plus PB13250-236V-16512W (Ultra 5 236V vPro | 16GB | 512GB | Intel® Arc™ Graphics | 13.3 inch FHD+ | Win 11 | Bạc),https://laptopworld.vn/laptop-dell-pro-13-plus-pb13250-236v-16512w
laptopworld,Laptop Lenovo ThinkPad T14 Gen 6 21QC000KVN (Ultra 7 255H | 48GB | 1TB | Intel® Arc™ 140T GPU | 14.0inch WUXGA | Win 11 Pro | Đen),https://laptopworld.vn/laptop-lenovo-thinkpad-t14-gen-6-21qc000kvn
laptopworld,Laptop Acer Aspire 16 AI A16-71M-59L5 NX.J4YSV.001 (Ultra 5 125H | 16GB | 512GB | Intel® Arc™ Graphics | 16 inch FHD+ | Win 11 | Xám),https://laptopworld.vn/laptop-acer-aspire-16-ai-a16-71m-59l5-nx-j4ysv-001
laptopworld,Laptop Dell 16 Plus DB16250 X65NW7 (Ultra 7 256V | 16GB | 1TB | Intel Arc™ Graphics | 16.0 inch QHD+ | Win 11 | Office | Xanh),https://laptopworld.vn/laptop-dell-16-plus-db16250-x65nw7
laptopworld,Laptop HP OmniBook 7 14-fs0043TU C1MN3PA (Core™ 5 210H | 16GB | 512GB | Intel® Graphics | 14 inch WUXGA | Win 11 | Office | Bạc),https://laptopworld.vn/laptop-hp-omnibook-7-14-fs0043tu-c1mn3pa
laptopworld,Laptop HP OmniBook 7 14-fs0042TU C1MP3PA (Core™ 5 210H | 24GB | 512GB | Intel® Graphics | 14 inch WUXGA | Win 11 | Office | Bạc),https://laptopworld.vn/laptop-hp-omnibook-7-14-fs0042tu-c1mp3pa
laptopworld,Laptop HP OmniBook 7 14-fr0027TU C1MN1PA (Ultra 7 255U | 16GB | 512GB | Intel® Graphics | 14 inch WUXGA | Win 11 | Office | Bạc),https://laptopworld.vn/laptop-hp-omnibook-7-14-fr0027tu-c1mn1pa
laptopworld,Laptop HP OmniBook 7 14-fr0024TU C1MN0PA (Ultra 7 255H | 32GB | 512GB | Intel® Graphics | 14 inch WUXGA | Win 11 | Office | Bạc),https://laptopworld.vn/laptop-hp-omnibook-7-14-fr0024tu-c1mn0pa
laptopworld,Laptop HP OmniBook 7 16-az0040TU C2DR3PA (Core™ 9 270H | 32GB | 512GB | Intel® Graphics | 16 inch WUXGA | Win 11 | Office | Bạc),https://laptopworld.vn/laptop-hp-omnibook-7-16-az0040tu-c2dr3pa
laptopworld,Laptop HP OmniBook X Flip 14-fk0082AU BZ7N8PA (Ryzen™ AI 7 350 | 32GB | 1TB | AMD Radeon™ 860M | 14 inch 2K | Cảm ứng | Win 11 | Office | Bạc),https://laptopworld.vn/laptop-hp-omnibook-x-flip-14-fk0082au-bz7n8pa
laptopworld,Laptop HP OmniBook 5 16-ag1069AU BZ7T1PA (Ryzen™ AI 5 340 | 16GB | 512GB | AMD Radeon™ 840M | 16 inch 2K | Win 11 | Office | Bạc),https://laptopworld.vn/laptop-hp-omnibook-5-16-ag1069au-bz7t1pa
laptopworld,Laptop HP 15-fd0823TU C81NMPA (Core i7-1355U | 16GB | 512GB | Intel Iris Xᵉ Graphics | 15.6 inch FHD | Win 11 | Bạc),https://laptopworld.vn/laptop-hp-15-fd0823tu-c81nmpa
laptopworld,Laptop Acer Aspire Go 15 AG15-72P-776J NX.JRRSV.006 (Core™ 7 150U | 16GB | 512GB | Intel® UHD Graphics | 15.6inch FHD | Win 11 | Bạc),https://laptopworld.vn/laptop-acer-aspire-go-15-ag15-72p-776j-nx-jrrsv-006
laptopworld,Laptop Acer Aspire Go 15 AG15-72P-54GY NX.JRRSV.002 (Core™ 5 120U | 16GB | 512GB | Intel® UHD Graphics | 15.6inch FHD | Win 11 | Bạc),https://laptopworld.vn/laptop-acer-aspire-go-15-ag15-72p-54gy-nx-jrrsv-002
laptopworld,Laptop Acer Aspire Go 14 AG14-72P-563L NX.JSBSV.002 (Core 5 120U | 16GB | 512GB | Intel UHD Graphics | 14inch FHD+ | Win 11 | Bạc),https://laptopworld.vn/laptop-acer-aspire-go-14-ag14-72p-563l-nx-jsbsv-002
laptopworld,Laptop Dell 15 DC15250 i7U161W11SLU (Core i7-1355U | 16GB | 1TB | Intel UHD Graphics | 15.6 inch FHD | Win 11 | Office | Bạc),https://laptopworld.vn/laptop-dell-15-dc15250-i7u161w11slu
laptopworld,Laptop HP OmniBook X Flip 14-fm0086TU BZ7Q0PA (Ultra 5 226V | 16GB | 1TB | Intel Arc | 14 inch WUXGA | Cảm ứng | Win 11 | Office | Xanh),https://laptopworld.vn/laptop-hp-omnibook-x-flip-14-fm0086tu-bz7q0pa
laptopworld,Laptop HP OmniBook 5 Flip 14-fp0057TU BZ7Q6PA (Core 5 120U | 16GB | 512GB | Intel Graphics | 14.0 inch WUXGA | Cảm ứng | Win 11 | Office | Bạc),https://laptopworld.vn/laptop-hp-omnibook-5-flip-14-fp0057tu-bz7q6pa
laptopworld,Laptop HP OmniBook 5 AI 16-af1052TU C1MN6PA (Ultra 7 255U | 32GB | 512GB | Intel® Graphics | 16.0inch 2K | Cảm ứng | Win 11 | Office | Bạc),https://laptopworld.vn/laptop-hp-omnibook-5-ai-16-af1052tu-c1mn6pa
laptopworld,Laptop HP OmniBook 5 AI 16-af1054TU C1MN8PA (Ultra 7 255U | 32GB | 512GB | Intel® Graphics | 16.0inch WUXGA | Win 11 | Bạc),https://laptopworld.vn/laptop-hp-omnibook-5-ai-16-af1054tu-c1mn8pa
laptopworld,Laptop HP OmniBook X Flip 14-fm0076TU BZ7P6PA (Ultra 7 258V | 32GB | 512GB | Intel® Arc™ 140V GPU | 14 inch WUXGA | Cảm ứng | Bút cảm ứng | Win 11 | Office | Xanh),https://laptopworld.vn/laptop-hp-omnibook-x-flip-14-fm0076tu-bz7p6pa
laptopworld,Laptop Dell 16 DC16250 71076092 (Core 5 120U | 16GB | 1TB | Intel Graphics | 16.0 inch FHD+ | Win 11 | Office | Đen),https://laptopworld.vn/laptop-dell-16-dc16250-71076092
laptopworld,Laptop HP OmniBook 7 Aero 13-bg1087AU BZ7S1PA (Ryzen Al 5 340 | 16GB | 512GB | AMD Radeon 840M Graphics | 13.3inch WUXGA | Win 11 | Office | Bạc),https://laptopworld.vn/laptop-hp-omnibook-7-aero-13-bg1087au-bz7s1pa
laptopworld,Laptop Dell Pro 14 Plus PB14250 71076112 (Ultra 5 236V | 16GB | 512GB | Intel Arc 130V | 14 inch FHD+ | Win 11 | Bạc),https://laptopworld.vn/laptop-dell-pro-14-plus-pb14250-71076112
laptopworld,Laptop Dell 15 DC15255 X9YM41 (Ryzen 7-7730U | 16GB | 1TB | AMD Radeon™ Graphics | 15.6 inch FHD | Win 11 | Office 24 | Bạc),https://laptopworld.vn/laptop-dell-15-dc15255-x9ym41
laptopworld,Laptop HP OmniBook X Flip 14-fm0088TU BZ7Q2PA (Ultra 5 226V | 16GB | 512GB | Intel Arc | 14 inch WUXGA | Cảm ứng | Win 11 | Office | Xanh),https://laptopworld.vn/laptop-hp-omnibook-x-flip-14-fm0088tu-bz7q2pa
laptopworld,Laptop Dell 15 DC15250 CPH99 (Core i5-1334U | 16GB | 512GB | Intel UHD | 15.6 inch FHD | Win 11 | Office | Bạc),https://laptopworld.vn/laptop-dell-15-dc15250-cph99
laptopworld,Laptop Dell Pro 13 Plus PB13250 42LTU7PB13250 (Ultra 7 265U | 16GB | 512GB | Intel Graphics | 13.3 inch FHD+ | Win 11 | Bạc),https://laptopworld.vn/laptop-dell-pro-13-plus-pb13250-42ltu7pb13250
laptopworld,Laptop HP ProBook 465 G11 A8WS4PT (Ryzen 7-7735U | 16GB | 512GB | AMD Radeon 680M | 16 inch WUXGA | Win 11 | Bạc),https://laptopworld.vn/laptop-hp-probook-465-g11-a8ws4pt
laptopworld,Laptop HP ProBook 465 G11 A8WS3PT (Ryzen 7-7735U | 8GB | 512GB | AMD Radeon 680M | 16 inch WUXGA | Win 11 | Bạc),https://laptopworld.vn/laptop-hp-probook-465-g11-a8ws3pt
laptopworld,Laptop HP ProBook 465 G11 A8WS1PT (Ryzen 5-7535U | 8GB | 512GB | AMD Radeon 660M | 16 inch WUXGA | Win 11 | Bạc),https://laptopworld.vn/laptop-hp-probook-465-g11-a8ws1pt
laptopworld,Laptop HP ProBook 465 G11 A8WS0PT (Ryzen 3-7335U | 8GB | 512GB | AMD Radeon 660M | 16 inch WUXGA | Win 11 | Bạc),https://laptopworld.vn/laptop-hp-probook-465-g11-a8ws0pt
laptopworld,Laptop HP ProBook 465 G11 A8WR9PT (Ryzen 3-7335U | 8GB | 256GB | AMD Radeon 660M | 16 inch WUXGA | Win 11 | Bạc),https://laptopworld.vn/laptop-hp-probook-465-g11-a8wr9pt
laptopworld,Laptop HP ProBook 455 G10 878U6PA (Ryzen 5-7530U | 16GB | 512GB | AMD Radeon Graphics | 15.6 inch FHD | Cảm ứng | Win 11 | Bạc),https://laptopworld.vn/laptop-hp-probook-455-g10-878u6pa
laptopworld,Laptop HP ProBook 455 G10 878T8PA (Ryzen 7-7730U | 16GB | 512GB | AMD Radeon Graphics | 15.6 inch FHD | Cảm ứng | Win 11 | Bạc),https://laptopworld.vn/laptop-hp-probook-455-g10-878t8pa
laptopworld,Laptop HP ProBook 445 G10 878T9PA (Ryzen 7-7730U | 16GB | 512GB | AMD Radeon Graphics | 14 inch FHD | Cảm ứng | Win 11 | Bạc),https://laptopworld.vn/laptop-hp-probook-445-g10-878t9pa
laptopworld,Laptop HP ProBook 445 G10 9H8X7PT (Ryzen 7-7730U | 16GB | 512GB | AMD Radeon Graphics | 14 inch FHD | Win 11 | Bạc),https://laptopworld.vn/laptop-hp-probook-445-g10-9h8x7pt
laptopworld,Laptop HP EliteBook 645 G11 A8WT0PT (Ryzen 7-7735U | 16GB | 512GB | AMD Radeon™ 680M | 14 inch WUXGA | Win 11 | Bạc),https://laptopworld.vn/laptop-hp-elitebook-645-g11-a8wt0pt
laptopworld,HP Probook 450 G10 B73TNAT (Core i5-1334U | 8GB | 512GB | Intel Iris Xᶱ Graphics | 15.6 inch FHD | Win 11 | Bạc),https://laptopworld.vn/hp-probook-450-g10-b73tnat
laptopworld,HP Probook 450 G10 B73TPAT (Core i5-1334U | 16GB | 512GB | Intel Iris Xᶱ Graphics | 15.6 inch FHD | Win 11 | Bạc),https://laptopworld.vn/hp-probook-450-g10-b73tpat
laptopworld,Laptop HP 250R G9 B93H2AT (Core i5-1334U | 8GB | 512GB | Intel Iris Xᵉ Graphics | 15.6 inch FHD | Win 11 | Bạc),https://laptopworld.vn/laptop-hp-250r-g9-b93h2at
laptopworld,Laptop Acer Aspire Lite 15 AL15-42P-R8E6 NX.D34SV.001 (Ryzen™ 5-7430U | 16GB | 512GB | AMD Radeon™ Graphics | 15.6inch FHD | Win 11 | Office | Bạc),https://laptopworld.vn/laptop-acer-aspire-lite-15-al15-42p-r8e6-nx-d34sv-001
laptopworld,Laptop Lenovo ThinkPad T14 Gen 6 ULT7 255H (Ultra 7 255H | 32GB | 1TB | Intel® Arc™ 140T | 14.0 inch WUXGA | NO OS | Đen),https://laptopworld.vn/laptop-lenovo-thinkpad-t14-gen-6-ult7-255h
laptopworld,Laptop HP EliteBook 6 G1i 13 BQ9M6PT (Ultra 7 255U | 16GB | 512GB | Intel® Graphics | 13.3 inch WUXGA | Win 11 | Bạc),https://laptopworld.vn/laptop-hp-elitebook-6-g1i-13-bq9m6pt
laptopworld,Laptop HP EliteBook 6 G1i 13 BQ9M4PT (Ultra 5 235U | 16GB | 512GB | Intel® Graphics | 13.3 inch WUXGA | Win 11 Pro | Bạc),https://laptopworld.vn/laptop-hp-elitebook-6-g1i-13-bq9m4pt
laptopworld,Laptop HP EliteBook 6 G1i 13 BQ9L8PT (Ultra 5 225U | 16GB | 512GB | Intel® Graphics | 13.3 inch WUXGA | Win 11 | Bạc),https://laptopworld.vn/laptop-hp-elitebook-6-g1i-13-bq9l8pt
laptopworld,Laptop HP 250 G10 B1RY6PT (Core™ i5-1335U | 16GB | 512GB | Intel Iris Xᵉ Graphics | 15.6 inch FHD | Win 11 | Bạc),https://laptopworld.vn/laptop-hp-250-g10-b1ry6pt
laptopworld,Laptop HP ProBook 4 G1i 16 BQ5E4PT (Ultra 7 255H | 16GB | 512GB | Intel® Arc™ Graphics | 16 inch WUXGA | Win 11 | Bạc),https://laptopworld.vn/laptop-hp-probook-4-g1i-16-bq5e4pt
laptopworld,Laptop HP ProBook 4 G1i 16 BQ5E6PT (Ultra 7 255H | 16GB | 512GB | Intel® Arc™ Graphics | 16 inch WUXGA | Cảm ứng | Win 11 | Bạc),https://laptopworld.vn/laptop-hp-probook-4-g1i-16-bq5e6pt
laptopworld,Laptop HP ProBook 4 G1i 16 BQ5E1PT (Ultra 7 255U | 16GB | 512GB | Intel® Graphics | 16 inch WUXGA | Win 11 | Bạc),https://laptopworld.vn/laptop-hp-probook-4-g1i-16-bq5e1pt
laptopworld,Laptop HP ProBook 4 G1i 16 BQ5E7PT (Ultra 7 255H | 16GB | 512GB | Intel® Arc™ Graphics | 16 inch WUXGA | Win 11 Pro | Bạc),https://laptopworld.vn/laptop-hp-probook-4-g1i-16-bq5e7pt
laptopworld,Laptop HP ProBook 4 G1i 16 BQ5D8PT (Ultra 5 225H | 16GB | 512GB | Intel Arc 130T | 16 inch WUXGA | Cảm ứng | Win 11 | Bạc),https://laptopworld.vn/laptop-hp-probook-4-g1i-16-bq5d8pt
laptopworld,Laptop HP ProBook 4 G1i 16 BQ5D3PT (Ultra 5 225U | 8GB | 512GB | Intel Graphics | 16 inch WUXGA | Win 11 | Bạc),https://laptopworld.vn/laptop-hp-probook-4-g1i-16-bq5d3pt
laptopworld,Laptop HP ProBook 4 G1i 16 BQ5D4PT (Ultra 5 225U | 16GB | 512GB | Intel Graphics | 16 inch WUXGA | Win 11 | Bạc),https://laptopworld.vn/laptop-hp-probook-4-g1i-16-bq5d4pt
laptopworld,Laptop HP OmniBook 5 16-ag1066AU BZ7S9PA (Ryzen™ AI 7 350 | 16GB | 512GB | AMD Radeon™ 860M | 16 inch WUXGA | Cảm ứng | Win 11 | Office | Bạc),https://laptopworld.vn/laptop-hp-omnibook-5-16-ag1066au-bz7s9pa
laptopworld,Laptop HP OmniBook 5 16-ag1067AU BZ7U5PA (Ryzen™ AI 7 350 | 16GB | 512GB | AMD Radeon™ 860M | 16 inch WUXGA | Win 11 | Office | Bạc),https://laptopworld.vn/laptop-hp-omnibook-5-16-ag1067au-bz7u5pa
laptopworld,Laptop HP OmniBook 5 16-ag1068AU BZ7T0PA (Ryzen™ AI 5 340 | 16GB | 512GB | AMD Radeon™ 840M | 16 inch WUXGA | Cảm ứng | Win 11 | Office | Bạc),https://laptopworld.vn/laptop-hp-omnibook-5-16-ag1068au-bz7t0pa
laptopworld,Laptop Dell 15 DC15250 DC5I7748W1 (Core i7-1355U | 16GB | 512GB | Intel UHD Graphics | 15.6 inch FHD | Win 11 | Office | Bạc),https://laptopworld.vn/laptop-dell-15-dc15250-dc5i7748w1
laptopworld,Laptop HP EliteBook 6 G1i BQ9N5PT (Ultra 7 265U | 16GB | 512GB | Intel® Graphics | 14 inch WUXGA | Win 11 Pro | Bạc),https://laptopworld.vn/laptop-hp-elitebook-6-g1i-bq9n5pt
laptopworld,Laptop HP EliteBook 6 G1i BQ9N4PT (Ultra 7 255H | 16GB | 512GB | Intel® Arc™ 140T | 14 inch WUXGA | Win 11 | Bạc),https://laptopworld.vn/laptop-hp-elitebook-6-g1i-bq9n4pt
laptopworld,Laptop HP EliteBook 6 G1i BQ9N0PT (Ultra 5 235U | 16GB | 512GB | Intel® Graphics | 14 inch WUXGA | Win 11 Pro | Bạc),https://laptopworld.vn/laptop-hp-elitebook-6-g1i-bq9n0pt
laptopworld,Laptop HP EliteBook 6 G1i BQ9M9PT (Ultra 5 225H | 16GB | 512GB | Intel® Arc™ 130T | 14 inch WUXGA | Win 11 | Bạc),https://laptopworld.vn/laptop-hp-elitebook-6-g1i-bq9m9pt
laptopworld,Laptop HP EliteBook 6 G1i BQ9M8PT (Ultra 5 225U | 8GB | 512GB | Intel® Graphics | 14 inch WUXGA | Win 11 | Bạc),https://laptopworld.vn/laptop-hp-elitebook-6-g1i-bq9m8pt
laptopworld,Laptop Lenovo ThinkPad T14 Gen 6 21QC0008VA (Ultra 7 255H | 32GB | 1TB | Intel® Arc™ 140T | 14.0 inch WUXGA | NO OS | Đen),https://laptopworld.vn/laptop-lenovo-thinkpad-t14-gen-6-21qc0008va
laptopworld,Laptop Dell 15 DC15250 71071928 (Core i5-1334U | 16GB | 512GB | Intel UHD Graphics | 15.6 inch FHD | Win 11 | Office | Bạc),https://laptopworld.vn/laptop-dell-15-dc15250-71071928
laptopworld,Laptop HP 250R G9 B93H3AT (Core i5-1334U | 16GB | 512GB | Intel Graphics | 15.6 inch FHD | Win 11 | Bạc),https://laptopworld.vn/laptop-hp-250r-g9-b93h3at
laptopworld,Laptop Lenovo ThinkPad E14 Gen 7 21SX002NVA (Ultra 5 225H | 16GB | 512GB | Intel Arc 130T | 14.0inch WUXGA | NO OS | Đen),https://laptopworld.vn/laptop-lenovo-thinkpad-e14-gen-7-21sx002nva
laptopworld,Laptop HP ProBook 4 G1i BQ5H9PT (Ultra 7 255H | 16GB | 512GB | Intel Graphics | 14 inch WUXGA | Cảm ứng | Win 11 | Bạc),https://laptopworld.vn/laptop-hp-probook-4-g1i-bq5h9pt
laptopworld,Laptop HP ProBook 4 G1i BQ5C7PT (Ultra 7 255U | 16GB | 512GB | Intel Graphics | 14 inch WUXGA | Win 11 | Bạc),https://laptopworld.vn/laptop-hp-probook-4-g1i-bq5c7pt
laptopworld,Laptop HP ProBook 4 G1i BQ5B4PT (Ultra 5 225H | 16GB | 512GB | Intel Graphics | 14 inch WUXGA | Cảm ứng | Win 11 | Bạc),https://laptopworld.vn/laptop-hp-probook-4-g1i-bq5b4pt
laptopworld,Laptop HP ProBook 4 G1i BQ5B3PT (Ultra 5 225U | 16GB | 512GB | Intel Graphics | 14 inch WUXGA | Win 11 | Bạc),https://laptopworld.vn/laptop-hp-probook-4-g1i-bq5b3pt
laptopworld,Laptop Lenovo ThinkPad E16 Gen 3 21TF003TVA (Core 5 210H | 32GB | 512GB | Intel Graphics | 16.0inch WUXGA | NO OS | Đen),https://laptopworld.vn/laptop-lenovo-thinkpad-e16-gen-3-21tf003tva
laptopworld,Laptop Lenovo ThinkPad E16 Gen 3 21TF003SVA (Core 5 210H | 32GB | 1TB | Intel Graphics | 16.0inch WUXGA | NO OS | Đen),https://laptopworld.vn/laptop-lenovo-thinkpad-e16-gen-3-21tf003sva
laptopworld,Laptop Lenovo ThinkPad E16 Gen 3 21SR0053VA (Ultra 5 225U | 32GB | 1TB | Intel® Graphics | 16.0inch WUXGA | No OS | Đen),https://laptopworld.vn/laptop-lenovo-thinkpad-e16-gen-3-21sr0053va
laptopworld,Laptop Lenovo ThinkPad L16 Gen 2 21SA000FVA (Ultra 5 225U | 16GB | 512GB | Intel® Graphics | 16.0inch WUXGA | No OS | Đen),https://laptopworld.vn/laptop-lenovo-thinkpad-l16-gen-2-21sa000fva
laptopworld,Laptop Lenovo ThinkPad L16 Gen 2 21SA000GVA (Ultra 5 225U | 16GB | 1TB | Intel® Graphics | 16.0inch WUXGA | NO OS | Đen),https://laptopworld.vn/laptop-lenovo-thinkpad-l16-gen-2-21sa000gva
laptopworld,Laptop Lenovo ThinkPad E16 Gen 3 21SR004YVN (Ultra 5 225U | 16GB | 1TB | Intel® Graphics | 16.0inch WUXGA | Win 11 | Đen),https://laptopworld.vn/laptop-lenovo-thinkpad-e16-gen-3-21sr004yvn
laptopworld,Laptop Lenovo ThinkPad E16 Gen 3 21SR0050VN (Ultra 5 225U | 32GB | 1TB | Intel® Graphics | 16.0inch WUXGA | Win 11 | Đen),https://laptopworld.vn/laptop-lenovo-thinkpad-e16-gen-3-21sr0050vn
laptopworld,Laptop Lenovo ThinkPad X1 Carbon Gen 13 21NX003CVN (Ultra 5 225H | 16GB | 512GB | Intel Arc 130T | 14.0inch WUXGA | Win 11 Pro | Đen),https://laptopworld.vn/laptop-lenovo-thinkpad-x1-carbon-gen-13-21nx003cvn
laptopworld,Laptop Lenovo ThinkPad X1 Carbon Gen 13 21NX003DVN (Ultra 5 225H | 16GB | 1TB | Intel Arc 130T | 14.0inch WUXGA | Win 11 Pro | Đen),https://laptopworld.vn/laptop-lenovo-thinkpad-x1-carbon-gen-13-21nx003dvn
laptopworld,Laptop Lenovo ThinkPad X1 Carbon Gen 13 21NX0037VN (Ultra 5 225H | 32GB | 512GB | Intel Arc 130T | 14.0inch WUXGA | Win 11 Pro | Đen),https://laptopworld.vn/laptop-lenovo-thinkpad-x1-carbon-gen-13-21nx0037vn
laptopworld,Laptop Lenovo ThinkPad X1 Carbon Gen 13 21NX0038VN (Ultra 5 225H | 32GB | 1TB | Intel Arc 130T | 14.0inch WUXGA | Win 11 Pro | Đen),https://laptopworld.vn/laptop-lenovo-thinkpad-x1-carbon-gen-13-21nx0038vn
laptopworld,Laptop Lenovo ThinkPad X13 Gen 6 21RK00AKVA (Ultra 5 225H | 32GB | 1TB | Intel® Arc™ 130T | 13.3 inch WUXGA | NO OS | Đen),https://laptopworld.vn/laptop-lenovo-thinkpad-x13-gen-6-21rk00akva
laptopworld,Laptop Lenovo ThinkPad X13 Gen 6 21RK00ALVA (Ultra 5-225H | 32GB | 512GB | Intel® Arc™ 130T | 13.3 inch WUXGA | NO OS | Đen),https://laptopworld.vn/laptop-lenovo-thinkpad-x13-gen-6-21rk00alva
laptopworld,Laptop Lenovo ThinkPad X13 Gen 6 21RK00AJVA (Ultra 5 225H | 16GB | 1TB | Intel® Arc™ 130T | 13.3 inch WUXGA | NO OS | Đen),https://laptopworld.vn/laptop-lenovo-thinkpad-x13-gen-6-21rk00ajva
laptopworld,Laptop Lenovo ThinkPad X13 Gen 6 21RK00AHVA (Ultra 5-225H | 16GB | 512GB | Intel® Arc™ 130T | 13.3 inch WUXGA | NO OS | Đen),https://laptopworld.vn/laptop-lenovo-thinkpad-x13-gen-6-21rk00ahva
laptopworld,Laptop Lenovo ThinkPad E16 Gen 3 21TF003QVA (Core 5 210H | 16GB | 512GB | Intel® Graphics | 16.0inch WUXGA | NO OS | Đen),https://laptopworld.vn/laptop-lenovo-thinkpad-e16-gen-3-21tf003qva
laptopworld,Laptop Lenovo ThinkPad E14 Gen 7 21T90022VA (Core 7 240H | 16GB | 1TB | Intel Graphics | 14.0inch WUXGA | NO OS | Đen),https://laptopworld.vn/laptop-lenovo-thinkpad-e14-gen-7-21t90022va
laptopworld,Laptop Lenovo ThinkPad L14 Gen 6 21S60025VA (Core Ultra 7 255H | 16GB | 512GB | Intel Arc 140T | 14 inch WUXGA | No OS | Đen),https://laptopworld.vn/laptop-lenovo-thinkpad-l14-gen-6-21s60025va
laptopworld,Laptop Lenovo ThinkPad X1 Carbon Gen 13 21NS008HVN (Ultra 7 258V | 32GB | 1TB | Intel Arc Graphics | 14.0inch WUXGA | Cảm ứng | Win 11 Pro | Đen),https://laptopworld.vn/laptop-lenovo-thinkpad-x1-carbon-gen-13-21ns008hvn
laptopworld,Laptop Lenovo ThinkPad X13 Gen 6 21RK00AQVA (Ultra 7-255H | 16GB | 512GB | Intel® Arc™ 140T | 13.3 inch WUXGA | NO OS | Đen),https://laptopworld.vn/laptop-lenovo-thinkpad-x13-gen-6-21rk00aqva
laptopworld,Laptop Lenovo ThinkPad X13 Gen 6 21RK00AXVN (Ultra 7-255H | 16GB | 512GB | Intel® Arc™ 140T | 13.3 inch WUXGA | Win 11 Pro | Đen),https://laptopworld.vn/laptop-lenovo-thinkpad-x13-gen-6-21rk00axvn
laptopworld,Laptop Lenovo ThinkPad X13 Gen 6 21RK00AVVN (Ultra 7-255H | 32GB | 1TB | Intel® Arc™ 140T | 13.3 inch WUXGA | Win 11 Pro | Đen),https://laptopworld.vn/laptop-lenovo-thinkpad-x13-gen-6-21rk00avvn
laptopworld,Laptop Lenovo ThinkPad X9-15 Gen 1 21Q60051VN (Ultra 5 228V | 32GB | 1TB | Intel Arc Graphics 130V | 15.3 inch 2.8K OLED | Win 11 Pro | Xám),https://laptopworld.vn/laptop-lenovo-thinkpad-x9-15-gen-1-21q60051vn
laptopworld,Laptop Lenovo ThinkPad X9-15 Gen 1 21Q60050VN (Ultra 5 228V | 32GB | 512GB | Intel Arc Graphics 130V | 15.3 inch 2.8K OLED | Win 11 Pro | Xám),https://laptopworld.vn/laptop-lenovo-thinkpad-x9-15-gen-1-21q60050vn
laptopworld,Laptop Lenovo ThinkPad X9-15 Gen 1 21Q6004YVN (Ultra 5 226V | 16GB | 1TB | Intel Arc Graphics 130V | 15.3 inch 2.8K OLED | Win 11 Pro | Xám),https://laptopworld.vn/laptop-lenovo-thinkpad-x9-15-gen-1-21q6004yvn
laptopworld,Laptop Lenovo ThinkPad X13 Gen 6 21RK00ANVA (Ultra 7-255H | 32GB | 1TB | Intel® Arc™ 140T | 13.3 inch WUXGA | NO OS | Đen),https://laptopworld.vn/laptop-lenovo-thinkpad-x13-gen-6-21rk00anva
laptopworld,Laptop Lenovo ThinkPad X13 Gen 6 21RK00AMVA (Ultra 7-255H | 32GB | 512GB | Intel Arc 140T | 13.3 inch WUXGA | NO OS | Đen),https://laptopworld.vn/laptop-lenovo-thinkpad-x13-gen-6-21rk00amva
laptopworld,Laptop Lenovo ThinkPad T16 Gen 4 21QE0007VA (Ultra 7 255H | 32GB | 1TB | Intel Arc 140T | 16 inch WUXGA | NO OS | Đen),https://laptopworld.vn/laptop-lenovo-thinkpad-t16-gen-4-21qe0007va
laptopworld,Laptop Lenovo ThinkPad E14 Gen 7 21T90021VA (Core 7 240H | 16GB | 512GB | Intel Graphics | 14.0inch WUXGA | NO OS | Đen),https://laptopworld.vn/laptop-lenovo-thinkpad-e14-gen-7-21t90021va
laptopworld,Laptop Lenovo ThinkPad E16 Gen 3 21SR002TVN (Ultra 7 255H | 32GB | 1TB | Intel Arc 140T | 16.0inch WUXGA | Win 11 | Đen),https://laptopworld.vn/laptop-lenovo-thinkpad-e16-gen-3-21sr002tvn
laptopworld,Laptop Lenovo ThinkPad E16 Gen 3 21TF0043VN (Core 7 240H | 32GB | 1TB | Intel Graphics | 16.0inch WUXGA | Win 11 | Đen),https://laptopworld.vn/laptop-lenovo-thinkpad-e16-gen-3-21tf0043vn
laptopworld,Laptop Lenovo ThinkPad E16 Gen 3 21SR002LVA (Ultra 7 255H | 16GB | 512GB | Intel Arc 140T | 16.0inch WUXGA | NO OS | Đen),https://laptopworld.vn/laptop-lenovo-thinkpad-e16-gen-3-21sr002lva
laptopworld,Laptop Lenovo ThinkPad T14s Gen 6 21N1001XVN (Snapdragon® X Elite X1E-78-100 | 32GB | 1TB | Qualcomm® Adreno | 14.0inch WUXGA | Win 11 Pro | Đen),https://laptopworld.vn/laptop-lenovo-thinkpad-t14s-gen-6-21n1001xvn
laptopworld,Laptop Lenovo ThinkPad T14s Gen 6 21N1001UVN (Snapdragon® X Elite X1E-78-100 | 32GB | 1TB | Qualcomm® Adreno | 14.0inch WUXGA | Win 11 Pro | Đen),https://laptopworld.vn/laptop-lenovo-thinkpad-t14s-gen-6-21n1001uvn
laptopworld,Laptop Lenovo ThinkPad T14s Gen 6 21R10008VN (Ultra 7 255H | 32GB | 1TB | Intel® Arc™ 140T | 14.0inch 2.8K OLED | Cảm ứng | Win 11 Pro | Đen),https://laptopworld.vn/laptop-lenovo-thinkpad-t14s-gen-6-21r10008vn
laptopworld,Laptop Lenovo ThinkPad L14 Gen 6 21S60021VA (Core™ Ultra 5 225U | 16GB | 512GB | Intel® Graphics | 14 inch WUXGA | No OS | Đen),https://laptopworld.vn/laptop-lenovo-thinkpad-l14-gen-6-21s60021va
laptopworld,Laptop HP OmniBook Ultra Flip 14-fh0097TU BZ7S3PA (Ultra 7 258V | 32GB | 1TB | Intel Arc | 14 inch 2.8K OLED | Cảm ứng | Win 11 | Office | Xanh),https://laptopworld.vn/laptop-hp-omnibook-ultra-flip-14-fh0097tu-bz7s3pa
laptopworld,Laptop HP OmniBook 5 AI 16-af1046TU BZ7Q8PA (Ultra 5 225U | 16GB | 512GB | Intel® Graphics | 16 inch WUXGA | Cảm ứng | Win 11 | Office | Bạc),https://laptopworld.vn/laptop-hp-omnibook-5-ai-16-af1046tu-bz7q8pa
laptopworld,Laptop HP OmniBook 5 AI 16-AF1048TU BZ7Q9PA (Ultra 5 225U | 16GB | 512GB | Intel® Graphics | 16 inch WUXGA | Win 11 | Office | Bạc),https://laptopworld.vn/laptop-hp-omnibook-5-ai-16-af1048tu-bz7q9pa
laptopworld,Laptop Lenovo ThinkPad L16 Gen 2 21SA000LVA (Ultra 7 255H | 32GB | 1TB | Intel® Arc™ 140T | 16 inch WUXGA | No OS | Đen),https://laptopworld.vn/laptop-lenovo-thinkpad-l16-gen-2-21sa000lva
laptopworld,Laptop Lenovo ThinkPad E16 Gen 3 21SR002MVA (Ultra 7 255H | 16GB | 1TB | Intel Arc Graphics 140T | 16.0inch WUXGA | NO OS | Đen),https://laptopworld.vn/laptop-lenovo-thinkpad-e16-gen-3-21sr002mva
laptopworld,Laptop Lenovo Thinkbook 14 G8 IRL 21SG007PVA (Core 7 240H | 16GB | 512GB | Intel Graphics |14.0 inch WUXGA | NoOS | Xám ),https://laptopworld.vn/laptop-lenovo-thinkbook-14-g8-irl-21sg007pva
laptopworld,Laptop Lenovo ThinkPad E14 Gen 7 21SX002RVA (Ultra 5 225U | 16GB | 1TB | Intel® Graphics | 14inch WUXGA | No OS | Đen),https://laptopworld.vn/laptop-lenovo-thinkpad-e14-gen-7-21sx002rva
laptopworld,Laptop HP OmniBook 7 14-fr0033TU C1MN2PA (Ultra 5 225U | 16GB | 512GB | Intel® Graphics | 14 inch WUXGA | Win 11 | Office | Bạc),https://laptopworld.vn/laptop-hp-omnibook-7-14-fr0033tu-c1mn2pa
laptopworld,Laptop Asus Vivobook 14 X1404VA-EB509W (Core i3-1315U | 8GB | 512GB | Intel UHD | 14 inch FHD | Win 11 | Bạc),https://laptopworld.vn/laptop-asus-vivobook-14-x1404va-eb509w
laptopworld,Laptop Asus Vivobook S16 S3607QA-SH040WS (Snapdragon X X1 26 100 | 16GB | 512GB | Qualcomm Adreno | 16 inch WUXGA OLED | Win 11 | Office | Xám),https://laptopworld.vn/laptop-asus-vivobook-s16-s3607qa-sh040ws
laptopworld,Laptop ASUS Vivobook S14 S3407VA-LY146W (Core 5 210H | 16GB | 512GB | Intel® UHD Graphics | 14inch WUXGA | Win 11 | Bạc),https://laptopworld.vn/laptop-asus-vivobook-s14-s3407va-ly146w
laptopworld,Laptop Lenovo ThinkPad T14 Gen 6 21QC0003VA (Ultra 5 225H | 32GB | 1TB | Intel® Arc™ 130T | 14.0inch WUXGA | No OS | Đen),https://laptopworld.vn/laptop-lenovo-thinkpad-t14-gen-6-21qc0003va
laptopworld,Laptop Acer Swift Edge 14 AI SFE14-51T-52KD NX.JG4SV.002 (Ultra 5 228V | 32GB | 512GB | Intel® Arc™ Graphics | 14 inch 2.8K OLED | Cảm ứng | Win 11 | Trắng),https://laptopworld.vn/laptop-acer-swift-edge-14-ai-sfe14-51t-52kd-nx-jg4sv-002
laptopworld,Laptop Acer Aspire Go 14 AI AG14-71M-7681 NX.JFWSV.002 (Ultra 7 155H | 16GB | 512GB | Intel® Arc™ Graphics | 14inch FHD+ 60Hz | Win 11 | Xám),https://laptopworld.vn/laptop-acer-aspire-go-14-ai-ag14-71m-7681-nx-jfwsv-002
laptopworld,Laptop Lenovo ThinkPad X9-15 Gen 1 21Q60054VN (Ultra 7 258V | 32GB | 1TB | Intel Arc Graphics 140V | 15.3 inch 2.8K OLED | Win 11 Pro | Xám),https://laptopworld.vn/laptop-lenovo-thinkpad-x9-15-gen-1-21q60054vn
laptopworld,Laptop Lenovo ThinkPad X9-14 Gen 1 21QA006GVN (Ultra 5 228V | 32GB | 1TB | Intel Arc Graphics 130V | 14 inch WUXGA OLED | Win 11 Pro | Xám),https://laptopworld.vn/laptop-lenovo-thinkpad-x9-14-gen-1-21qa006gvn
laptopworld,Laptop Lenovo ThinkPad X1 Carbon Gen 13 21NS008BVN (Ultra 5 226V | 16GB | 512GB | Intel Arc Graphics 130V | 14.0 inch 2.8K OLED | Win 11 Pro | Đen),https://laptopworld.vn/laptop-lenovo-thinkpad-x1-carbon-gen-13-21ns008bvn
laptopworld,Laptop ASUS Vivobook S14 M3407KA-SF034WS ( Ryzen AI 5 330 | 16GB | 512GB | AMD Radeon™ Graphics | 14inch WUXGA OLED | Win 11 | Office | Bạc),https://laptopworld.vn/laptop-asus-vivobook-s14-m3407ka-sf034ws
laptopworld,Laptop Lenovo ThinkPad T14 Gen 6 21QC000HVN (Ultra 7 255H | 32GB | 512GB | Intel® Arc™ 140T | 14.0inch WUXGA | Win 11 Pro | Đen),https://laptopworld.vn/laptop-lenovo-thinkpad-t14-gen-6-21qc000hvn
laptopworld,Laptop Acer Aspire Lite 14 AL14-71P-55P9 NX.D7USV.001 (Core™ i5-13500H | 16GB | 512GB | Intel® UHD Graphics | 14.0inch WUXGA | Win 11 | Sliver),https://laptopworld.vn/laptop-acer-aspire-lite-14-al14-71p-55p9-nx-d7usv-001
laptopworld,Laptop Lenovo Yoga Slim 7 14ILL10 83JX0086VN (Ultra 5 226V | 16GB | 512GB | Intel® Arc™ Graphics 130V | 14inch 2.8K OLED | Win 11 | Office | Xám),https://laptopworld.vn/laptop-lenovo-yoga-slim-7-14ill10-83jx0086vn
laptopworld,Laptop Lenovo ThinkPad T14 Gen 6 21QC0002VA (Ultra 5 225H | 32GB | 512GB | Intel® Arc™ 130T | 14.0inch WUXGA | No OS | Đen),https://laptopworld.vn/laptop-lenovo-thinkpad-t14-gen-6-21qc0002va
laptopworld,Ba lô Lenovo Thinkpad Professional 15.6 inch Backpack (4X40Q26383),https://laptopworld.vn/ba-lo-lenovo-thinkpad-professional-15-6-inch-backpack-4x40q26383
laptopworld,Laptop Acer Aspire Lite 14 Gen 2 AL14-52M-32KV NX.J38SV.003 (Core™ i3-1305U | 8GB | 256GB | Intel® UHD Graphics | 14.0inch WUXGA | Win 11 | Xám),https://laptopworld.vn/laptop-acer-aspire-lite-14-gen-2-al14-52m-32kv-nx-j38sv-003
laptopworld,Laptop Lenovo ThinkPad X9-15 Gen 1 21Q60055VN (Ultra 7 258V | 32GB | 1TB | Intel Arc Graphics 140V | 15.3 inch 2.8K OLED | Cảm ứng | Win 11 Pro | Xám),https://laptopworld.vn/laptop-lenovo-thinkpad-x9-15-gen-1-21q60055vn
laptopworld,Laptop Dell Inspiron 14 5440 71059084 (Core 7 150U | 16GB | 1TB | MX570A 2GB | 14 inch 2.2K | Win 11 | Office | Ice Blue),https://laptopworld.vn/laptop-dell-inspiron-14-5440-71059084
laptopworld,Laptop Lenovo ThinkPad T14 Gen 6 21QC0000VA (Ultra 5 225H | 24GB | 512GB | Intel® Arc™ 130T | 14.0inch WUXGA | No OS | Đen),https://laptopworld.vn/laptop-lenovo-thinkpad-t14-gen-6-21qc0000va
laptopworld,Laptop HP EliteBook X Flip G1i B9FR9PT (Ultra 7 268V | 32GB | 1TB | Intel® Arc™ Graphics | 14 inch 2.5K | Cảm ứng | Win 11 Pro | Bạc),https://laptopworld.vn/laptop-hp-elitebook-x-flip-g1i-b9fr9pt
laptopworld,Laptop Asus ExpertBook B3 B3405CCA-LY0080W (Ultra 7 255H | 16GB | 512GB | Intel Graphics | 14 inch WUXGA | Win11 | Xám ),https://laptopworld.vn/laptop-asus-expertbook-b3-b3405cca-ly0080w
laptopworld,Laptop HP EliteBook X Flip G1i B9FR8PT (Ultra 7 268V | 32GB | 1TB | Intel® Arc™ Graphics | 14 inch 2.5K | Cảm ứng | Win 11 Pro | Xanh),https://laptopworld.vn/laptop-hp-elitebook-x-flip-g1i-b9fr8pt
laptopworld,Laptop HP EliteBook X G1a 14 AI BC4N4AT (Ryzen AI 7 PRO 360 | 32GB | 1TB | AMD Radeon™ 880M Graphics | 14 inch 2.8K OLED | Cảm ứng | Win 11 Pro | Bạc),https://laptopworld.vn/laptop-hp-elitebook-x-g1a-14-ai-bc4n4at
laptopworld,Laptop HP EliteBook Ultra G1i B9FE9PT (Ultra 7 268V | 32GB | 1TB | Intel® Arc™ Graphics | 14 inch 2.8K OLED | Cảm ứng | Win 11 Pro | Xanh),https://laptopworld.vn/laptop-hp-elitebook-ultra-g1i-b9fe9pt
laptopworld,Laptop HP EliteBook X G1a B9FE4PT (Ryzen AI 9 HX PRO 375| 32GB | 1TB | AMD Radeon™ 890M Graphics | 14 inch 2.8K OLED | Cảm ứng | Win 11 Pro | Bạc),https://laptopworld.vn/laptop-hp-elitebook-x-g1a-b9fe4pt
laptopworld,Laptop Lenovo ThinkPad E14 Gen 7 21SX002QVA (Ultra 5 225U | 16GB | 512GB | Intel® Graphics | 14inch WUXGA | No OS | Đen),https://laptopworld.vn/laptop-lenovo-thinkpad-e14-gen-7-21sx002qva
laptopworld,Laptop ASUS Vivobook S14 S3407CA-LY096WS (Ultra 7 255H | 16GB | 512GB | Intel® Graphics | 14inch WUXGA | Win 11 | OfficeHS24 | Xám),https://laptopworld.vn/laptop-asus-vivobook-s14-s3407ca-ly096ws
laptopworld,Laptop ASUS Vivobook S14 S3407CA-LY095WS (Ultra 5 225H | 16GB | 512GB | Intel® Graphics | 14inch WUXGA | Win 11 | OfficeHS24 | Xám),https://laptopworld.vn/laptop-asus-vivobook-s14-s3407ca-ly095ws
laptopworld,Laptop HP Elitebook x360 1040 G11 AM9H3PT (Ultra 7 165H | 32GB | 1TB | Intel® Arc™ Graphics | 14 inch WUXGA | Cảm ứng | Bút cảm ứng | Win 11 Pro | Bạc),https://laptopworld.vn/laptop-hp-elitebook-x360-1040-g11-am9h3pt
laptopworld,Laptop HP Elitebook x360 1040 G11 AM9H2PT (Ultra 7 165H | 16GB | 1TB | Intel® Arc™ Graphics | 14 inch WUXGA | Cảm ứng | Bút cảm ứng | Win 11 Pro | Bạc),https://laptopworld.vn/laptop-hp-elitebook-x360-1040-g11-am9h2pt
laptopworld,Laptop HP Probook 460 G11 A74MSPT (Ultra 5 125H | 16GB | 512GB | RTX 2050 | 16 inch WUXGA | Cảm ứng | Win 11 | Bạc),https://laptopworld.vn/laptop-hp-probook-460-g11-a74mspt
laptopworld,Laptop Asus Vivobook 15 X1504VA-BQ165W (Core™ 5 120U | 16GB | 512GB | Intel® Graphics | 15.6inch FHD | Win 11 | Bạc),https://laptopworld.vn/laptop-asus-vivobook-15-x1504va-bq165w
laptopworld,Laptop Lenovo ThinkPad T16 Gen 4 21QE0003VA (Ultra 5 225H | 32GB | 1TB | ntel® Arc™ 130T | 16 inch WUXGA | NoOS | Đen),https://laptopworld.vn/laptop-lenovo-thinkpad-t16-gen-4-21qe0003va
laptopworld,Laptop Lenovo Yoga 7 2in1 14ILL10 83JQ0094VN (Core™ Ultra 7 258V | 32GB | 1TB | Intel® Arc™ Graphics 140V | 14inch 2.8K OLED | Cảm ứng | Win 11 | Office | Xám),https://laptopworld.vn/laptop-lenovo-yoga-7-2in1-14ill10-83jq0094vn
laptopworld,Laptop Lenovo Yoga 7 2in1 14ILL10 83JQ0093VN (Core™ Ultra 7 258V | 32GB | 1TB | Intel® Arc™ Graphics 140V | 14inch 2.8K OLED | Cảm ứng | Win 11 | Office | Seashell),https://laptopworld.vn/laptop-lenovo-yoga-7-2in1-14ill10-83jq0093vn
laptopworld,Laptop Lenovo ThinkPad X1 Carbon Gen 13 21NX003BVN (Ultra 7 255H | 32GB | 1TB | Intel® Arc™ 140T | 14.0 inch 2.8K OLED | Cảm ứng | Win 11 Pro | Đen),https://laptopworld.vn/laptop-lenovo-thinkpad-x1-carbon-gen-13-21nx003bvn
laptopworld,Laptop Lenovo ThinkPad X1 Carbon Gen 13 21NX0039VN (Ultra 7 255H | 32GB | 512GB | Intel Arc Graphics | 14.0inch WUXGA | Win 11 Pro | Đen),https://laptopworld.vn/laptop-lenovo-thinkpad-x1-carbon-gen-13-21nx0039vn
laptopworld,Laptop Lenovo ThinkPad E16 Gen 3 21SR002QVN (Ultra 5 225H | 32GB | 512GB | Intel® Arc™ 130T | 16.0inch WUXGA | Win 11 | Đen),https://laptopworld.vn/laptop-lenovo-thinkpad-e16-gen-3-21sr002qvn
laptopworld,Laptop Lenovo ThinkPad E16 Gen 3 21SR002RVN (Ultra 5 225H | 32GB | 1TB | Intel® Arc™ Graphics | 16.0inch WUXGA | Win 11 | Đen),https://laptopworld.vn/laptop-lenovo-thinkpad-e16-gen-3-21sr002rvn
laptopworld,Laptop Lenovo ThinkPad E16 Gen 3 21SR002KVA (Ultra 5 225U | 16GB | 1TB | Intel® Graphics | 16.0inch WUXGA | No OS | Đen),https://laptopworld.vn/laptop-lenovo-thinkpad-e16-gen-3-21sr002kva
laptopworld,Laptop Lenovo ThinkPad E16 Gen 3 21SR002JVA (Ultra 5 225U | 16GB | 512GB | Intel® Graphics | 16.0inch WUXGA | No OS | Đen),https://laptopworld.vn/laptop-lenovo-thinkpad-e16-gen-3-21sr002jva
laptopworld,Laptop Lenovo ThinkPad E14 Gen 7 21SX0032VN (Ultra 7 255H | 32GB | 1TB | Intel® Arc™ Graphics | 14inch WUXGA | Win 11 | Đen),https://laptopworld.vn/laptop-lenovo-thinkpad-e14-gen-7-21sx0032vn
laptopworld,Laptop Lenovo ThinkPad E14 Gen 7 21SX0030VN (Ultra 7 255H | 16GB | 1TB | Intel® Arc™ Graphics | 14inch WUXGA | Win 11 | Đen),https://laptopworld.vn/laptop-lenovo-thinkpad-e14-gen-7-21sx0030vn
laptopworld,Laptop Lenovo ThinkPad E14 Gen 7 21SX0031VN (Ultra 7 255H | 32GB | 512GB | Intel® Arc™ Graphics | 14inch WUXGA | Win 11 | Đen),https://laptopworld.vn/laptop-lenovo-thinkpad-e14-gen-7-21sx0031vn
laptopworld,Laptop Lenovo ThinkPad E14 Gen 7 21SX002YVN (Ultra 7 255H | 16GB | 512GB | Intel® Arc™ Graphics | 14inch WUXGA | Win 11 | Đen),https://laptopworld.vn/laptop-lenovo-thinkpad-e14-gen-7-21sx002yvn
laptopworld,Laptop Lenovo ThinkPad E14 Gen 7 21SX002TVA (Ultra 7 255H | 16GB | 1TB | Intel® Arc™ Graphics | 14inch WUXGA | No OS | Đen),https://laptopworld.vn/laptop-lenovo-thinkpad-e14-gen-7-21sx002tva
laptopworld,Laptop Lenovo ThinkBook 16 G8 IRL 21SH0098VN (Core™ 5 210H | 16GB | 1TB | Intel® Graphics | 16 inch WUXGA | Win 11 | Xám),https://laptopworld.vn/laptop-lenovo-thinkbook-16-g8-irl-21sh0098vn
laptopworld,Laptop Lenovo ThinkBook 16 G8 IRL 21SH0097VN (Core™ 5 210H | 16GB | 512GB | Intel® Graphics | 16 inch WUXGA | Win 11 | Xám),https://laptopworld.vn/laptop-lenovo-thinkbook-16-g8-irl-21sh0097vn
laptopworld,Laptop Lenovo ThinkBook 16 G8 IRL 21SH0094VA (Core™ 5 210H | 16GB | 1TB | Intel® Graphics | 16 inch WUXGA | No OS | Xám),https://laptopworld.vn/laptop-lenovo-thinkbook-16-g8-irl-21sh0094va
laptopworld,Laptop Lenovo ThinkBook 16 G8 IRL 21SH0093VA (Core™ 5 210H | 16GB | 512GB | Intel® Graphics | 16 inch WUXGA | No OS | Xám),https://laptopworld.vn/laptop-lenovo-thinkbook-16-g8-irl-21sh0093va
laptopworld,Laptop Dell Inspiron 14 5441 5MNK1 (Snapdragon X Plus X1P-64-100 | 16GB | 512GB | Qualcomm® Adreno™ GPU | 14 inch FHD+ | Win 11 | Office | Xám),https://laptopworld.vn/laptop-dell-inspiron-14-5441-5mnk1
laptopworld,Laptop HP EliteBook X Flip G1i B9FF4PT (Ultra 7 258V | 32GB | 1TB | Intel® Arc™ Graphics | 14 inch 2.5K | Cảm ứng | Win 11 Pro | Bạc),https://laptopworld.vn/laptop-hp-elitebook-x-flip-g1i-b9ff4pt
laptopworld,HP EliteBook 640 G10 BH3E3PT (Core i5-1335U | 16GB | 512GB | Intel Iris Xe | 14 inch FHD | Win 11 | Bạc),https://laptopworld.vn/hp-elitebook-640-g10-bh3e3pt
laptopworld,Laptop Lenovo ThinkBook 14 G8 IRL 21SG007SVN (Core™ 5 210H | 16GB | 512GB | Intel® Graphics | 14 inch WUXGA | Win 11 | Xám),https://laptopworld.vn/laptop-lenovo-thinkbook-14-g8-irl-21sg007svn
laptopworld,Laptop Lenovo ThinkBook 14 G8 IRL 21SG007MVA (Core™ 5 210H | 16GB | 512GB | Intel® Graphics | 14 inch WUXGA | No OS | Xám),https://laptopworld.vn/laptop-lenovo-thinkbook-14-g8-irl-21sg007mva
laptopworld,Laptop Acer Swift Go 14 AI SFG14-74T-55HD NX.JF9SV.001 (Ultra 5 225H | 16GB | 1TB | Intel® Arc™ 130T | 14 inch FHD+ | Cảm ứng | Win 11 | Bạc),https://laptopworld.vn/laptop-acer-swift-go-14-ai-sfg14-74t-55hd-nx-jf9sv-001
laptopworld,Laptop Acer Swift Go 14 AI SFG14-74-58FJ NX.JF8SV.005 (Ultra 5 225H | 16GB | 1TB | Intel® Arc™ 130T | 14 inch FHD+ OLED | Win 11 | Bạc),https://laptopworld.vn/laptop-acer-swift-go-14-ai-sfg14-74-58fj-nx-jf8sv-005
laptopworld,Laptop HP EliteBook Ultra G1q B04XSAT (Snapdragon® X Elite X1E-78-100 | 16GB | 512GB | Qualcomm® Adreno™ GPU | 14 inch 2.2K | Cảm ứng | Win 11 Pro | Xanh),https://laptopworld.vn/laptop-hp-elitebook-ultra-g1q-b04xsat
laptopworld,Laptop HP EliteBook X Flip G1i B9FN2PT (Ultra 7 258V | 32GB | 1TB | Intel® Arc™ Graphics | 14 inch 2.5K | Cảm ứng | Win 11 Pro | Xanh),https://laptopworld.vn/laptop-hp-elitebook-x-flip-g1i-b9fn2pt
laptopworld,Laptop Lenovo ThinkPad X9-14 Gen 1 21QA006KVN (Ultra 7 258V | 32GB | 1TB | Intel Arc Graphics 140V | 14 inch WUXGA OLED | Win 11 Pro | Xám),https://laptopworld.vn/laptop-lenovo-thinkpad-x9-14-gen-1-21qa006kvn
laptopworld,Laptop Lenovo ThinkPad X9-15 Gen 1 21Q60052VN (Ultra 5 228V | 32GB | 1TB | Intel Arc Graphics 130V | 15.3inch 2.8K OLED | Cảm ứng | Win 11 Pro | Xám),https://laptopworld.vn/laptop-lenovo-thinkpad-x9-15-gen-1-21q60052vn
laptopworld,Laptop Lenovo ThinkPad X9-14 Gen 1 21QA006LVN (Ultra 7 258V | 32GB | 1TB | Intel Arc Graphics 140V | 14 inch 2.8K OLED | Cảm ứng | Win 11 Pro | Xám),https://laptopworld.vn/laptop-lenovo-thinkpad-x9-14-gen-1-21qa006lvn
laptopworld,Laptop MSI Venture A16 AI+ A3HMG-017VN (Ryzen AI 7 350 | 16GB | 512GB | AMD Radeon™ Graphics | 16inch 2K OLED 120Hz | Win 11 | Xám),https://laptopworld.vn/laptop-msi-venture-a16-ai-a3hmg-017vn
laptopworld,Laptop Dell XPS 13 9350 XPS9350-U5IA165W11GR-FP (Ultra 5 226V | 16GB | 512GB | Intel® Arc™ graphics | 13.4inch QHD+ 120Hz | Cảm ứng | Win 11 | Office | Đen),https://laptopworld.vn/laptop-dell-xps-13-9350-xps9350-u5ia165w11gr-fp
laptopworld,Laptop HP Elitebook x360 1040 G11 AM9H1PT (Ultra 7 165H | 16GB | 512GB | Intel® Arc™ Graphics | 14 inch WUXGA | Cảm ứng | Bút cảm ứng | Win 11 Pro | Bạc),https://laptopworld.vn/laptop-hp-elitebook-x360-1040-g11-am9h1pt
laptopworld,Laptop ASUS Zenbook A14 UX3407QA-QD299WS (Snapdragon® X X1 26 100 | 16GB | 512GB | Qualcomm® Adreno™ GPU | 14inch WUXGA OLED | Win 11 | Office | Be),https://laptopworld.vn/laptop-asus-zenbook-a14-ux3407qa-qd299ws
laptopworld,Laptop HP 250 G10 A06FDPT (Core™ i7-1355U | 8GB | 512GB | Intel Iris Xe Graphics | 15.6inch FHD | Win 11 | Bạc),https://laptopworld.vn/laptop-hp-250-g10-a06fdpt
laptopworld,Laptop HP 250 G10 A06FFPT (Core™ i7-1355U | 16GB | 512GB | Intel Iris Xe Graphics | 15.6inch FHD | Win 11 | Bạc),https://laptopworld.vn/laptop-hp-250-g10-a06ffpt
laptopworld,Laptop ASUS ExpertBook P1 P1403CVA-i308256-63W (Core™ i3-1315U | 8GB | 256GB | Intel UHD Graphics | 14.0inch FHD | Win11 | Xám),https://laptopworld.vn/laptop-asus-expertbook-p1-p1403cva-i308256-63w
laptopworld,Laptop ASUS ExpertBook P5 P5405CSA-NZ0017W (Ultra 7 258V | 32GB | 1TB | Intel Arc 140V | 14 inch WQXGA | Win 11 | Xám),https://laptopworld.vn/laptop-asus-expertbook-p5-p5405csa-nz0017w
laptopworld,Laptop ASUS ExpertBook P5 P5405CSA-NZ0016W (Ultra 5 226V | 16GB | 512GB | Intel Arc 130V | 14 inch WQXGA | Win 11 | Xám),https://laptopworld.vn/laptop-asus-expertbook-p5-p5405csa-nz0016w
laptopworld,Laptop Lenovo IdeaPad Slim 5 15ARP10 83J3002SVN (Ryzen™ 7-7735HS | 32GB | 512GB | AMD Radeon™ 680M | 15.1inch WQXGA OLED | Win 11 | Xám),https://laptopworld.vn/laptop-lenovo-ideapad-slim-5-15arp10-83j3002svn
laptopworld,Laptop MSI Modern 15 H C2RMG-287VN (Core™ 7 240H | 16GB | 1TB | Intel® Graphics | 15.6inch FHD 60Hz | Win 11 | Đen),https://laptopworld.vn/laptop-msi-modern-15-h-c2rmg-287vn
laptopworld,Laptop MSI Modern 15 H AI C2HMG 220VN (Ultra 7 255H | 16GB | 512GB | Intel® Arc™ Graphics | 15.6inch FHD | Win 11 | Đen),https://laptopworld.vn/laptop-msi-modern-15-h-ai-c2hmg-220vn
laptopworld,Laptop MSI Prestige 13 AI Evo A1MG 241VN (Ultra 5 125H | 16GB | 512GB | Intel Iris Xe Graphics | 13.3inch 2.8K OLED | Win 11 | Trắng),https://laptopworld.vn/laptop-msi-prestige-13-ai-evo-a1mg-241vn
laptopworld,Laptop MSI Prestige 13 AI Evo A1MG 240VN (Ultra 5 125H | 32GB | 512GB | Intel Iris Xe Graphics | 13.3inch 2.8K OLED | Win 11 | Trắng),https://laptopworld.vn/laptop-msi-prestige-13-ai-evo-a1mg-240vn
laptopworld,Laptop MSI Prestige 13 AI+ Evo A2VMG 062VN (Ultra 9 288V | 32GB | 1TB | Intel® Arc™ 140V | 13.3inch 2.8K OLED | Win 11 | Xám),https://laptopworld.vn/laptop-msi-prestige-13-ai-evo-a2vmg-062vn
laptopworld,Laptop MSI Prestige 14 AI Evo C1MG 081VN (Ultra 5 125H | 16GB | 512GB | Intel® Arc™ Graphics | 14inch 2.8K | Win 11 | Xám),https://laptopworld.vn/laptop-msi-prestige-14-ai-evo-c1mg-081vn
laptopworld,Laptop MSI Prestige 14 AI Evo C1MG 080VN (Ultra 5 125H | 32GB | 512GB | Intel® Arc™ Graphics | 14inch 2.8K | Win 11 | Xám),https://laptopworld.vn/laptop-msi-prestige-14-ai-evo-c1mg-080vn
laptopworld,Laptop MSI Prestige 14 AI+ Evo C2VMG 020VN (Ultra 7 258V | 32GB | 1TB | Intel® Arc™ 140V | 14inch 2.8K OLED | Win 11 | Xám),https://laptopworld.vn/laptop-msi-prestige-14-ai-evo-c2vmg-020vn
laptopworld,Laptop MSI PrestigePro 16 AI B2HVEG 251VN (Ultra 7 255H | 32GB | 1TB | RTX 4050 6GB | 16 inch UHD+ OLED | Win 11 | Xám),https://laptopworld.vn/laptop-msi-prestigepro-16-ai-b2hveg-251vn
laptopworld,Laptop Dell Inspiron 5440 71053697 (Core 5 120U | 16GB | 1TB | Intel Graphics | 14 inch FHD+ | Win 11 | Office | Xanh),https://laptopworld.vn/laptop-dell-inspiron-5440-71053697
laptopworld,Laptop HP 15-fd0306TU A2NL7PA (Core™ i3-1315U | 8GB | 256GB | Intel® Graphics | 15.6 inch FHD | Win11 | Bạc),https://laptopworld.vn/laptop-hp-15-fd0306tu-a2nl7pa
laptopworld,Laptop Lenovo ThinkPad P16s Gen 3 21KS003HVA (Ultra 7 155H | 32GB | 512GB | RTX 500 Ada | 16 inch WUXGA | No OS | Đen),https://laptopworld.vn/laptop-lenovo-thinkpad-p16s-gen-3-21ks003hva
laptopworld,Laptop Lenovo ThinkPad P14s Gen 5 21G20050VA (Ultra 5 125H | 16GB | 1TB | RTX 500 Ada | 14.5 inch WUXGA | No OS | Đen),https://laptopworld.vn/laptop-lenovo-thinkpad-p14s-gen-5-21g20050va
laptopworld,Laptop Lenovo ThinkPad P14s Gen 5 21G2004YVA (Ultra 5 125H | 16GB | 512GB | RTX 500 Ada | 14.5 inch WUXGA | No OS | Đen),https://laptopworld.vn/laptop-lenovo-thinkpad-p14s-gen-5-21g2004yva
laptopworld,Laptop MSI Prestige 14 AI Studio C1UDXG 058VN (Ultra 7 155H | 16GB | 1TB | RTX 3050 6GB | 14 inch FHD+ 144Hz | Win 11 | Xám),https://laptopworld.vn/laptop-msi-prestige-14-ai-studio-c1udxg-058vn
laptopworld,Laptop Lenovo ThinkPad P14s Gen 5 21G20056VN (Ultra 7 155H | 32GB | 512GB | RTX 500 Ada | 14.5 inch WUXGA | No OS | Đen),https://laptopworld.vn/laptop-lenovo-thinkpad-p14s-gen-5-21g20056vn
laptopworld,Laptop Lenovo ThinkPad P14s Gen 5 21G20053VA (Ultra 7 155H | 32GB | 512GB | RTX 500 Ada | 14.5 inch WUXGA | No OS | Đen),https://laptopworld.vn/laptop-lenovo-thinkpad-p14s-gen-5-21g20053va
laptopworld,Laptop HP EliteBook x360 830 G11 A7RB9PT (Ultra 5 135U | 16GB | 512GB | Intel® Graphics | 13.3inch WUXGA | Cảm ứng | Bút cảm ứng | Win 11 Pro | Bạc),https://laptopworld.vn/laptop-hp-elitebook-x360-830-g11-a7rb9pt
laptopworld,Laptop ASUS ExpertBook P5 P5405CSA-NZ0442WS (Ultra 7 258V | 32GB | 1TB | Intel Arc 140V | 14 inch WQXGA | Win 11 | Office | Xám),https://laptopworld.vn/laptop-asus-expertbook-p5-p5405csa-nz0442ws
laptopworld,Laptop ASUS ExpertBook P5 P5405CSA-NZ0450WS (Ultra 5 226V | 16GB | 512GB | Intel Arc 130V | 14 inch WQXGA | Win 11 | Office | Xám),https://laptopworld.vn/laptop-asus-expertbook-p5-p5405csa-nz0450ws
laptopworld,Laptop Acer Swift 14 AI SF14-51-75VP NX.J2KSV.001 (Ultra 7 258V | 32GB | 1TB | Intel® Arc™ Graphics 140V | 14 inch 3K OLED | Win 11 | Xanh),https://laptopworld.vn/laptop-acer-swift-14-ai-sf14-51-75vp-nx-j2ksv-001
laptopworld,Laptop Acer Swift 14 AI SF14-51-53P9 NX.J2KSV.002 (Ultra 5 226V | 16GB | 1TB | Intel® Arc™ Graphics 130V | 14 inch 3K OLED | Win 11 | Xanh),https://laptopworld.vn/laptop-acer-swift-14-ai-sf14-51-53p9-nx-j2ksv-002
laptopworld,Laptop Lenovo ThinkPad P14s Gen 5 21G2004XVA (Ultra 5 125H | 32GB | 1TB | RTX 500 Ada | 14.5 inch WUXGA | No OS | Đen),https://laptopworld.vn/laptop-lenovo-thinkpad-p14s-gen-5-21g2004xva
laptopworld,Laptop HP Envy x360 14-fa0093AU AY8U3PA (Ryzen 7-8840HS | 32GB | 512GB | AMD Radeon™ Graphics | 14 inch 2.8K OLED | Cảm ứng | Win 11 | Office | Bạc),https://laptopworld.vn/laptop-hp-envy-x360-14-fa0093au-ay8u3pa
laptopworld,Laptop Dell Latitude 5450 BTX Base 42LT545001 (Ultra 7 155U | 16GB | 512GB | Intel® Graphics | 14 inch FHD | Win 11 | Xám),https://laptopworld.vn/laptop-dell-latitude-5450-btx-base-42lt545001
laptopworld,Laptop HP ProBook 440 G11 A74BHPT (Ultra 7 155U | 16GB | 512GB | Intel Graphics | 14 inch WUXGA | Win 11 | Bạc),https://laptopworld.vn/laptop-hp-probook-440-g11-a74bhpt
laptopworld,Laptop HP EliteBook 640 G11 A7LG9PT (Ultra 5-125U | 16GB | 512GB | Intel® Graphics | 14 inch WUXGA | Cảm ứng | Win 11 | Bạc),https://laptopworld.vn/laptop-hp-elitebook-640-g11-a7lg9pt
laptopworld,Laptop HP EliteBook x360 830 G11 A7RA8PT (Ultra 7 155U | 16GB | 512GB | Intel® Graphics | 13.3inch WUXGA | Cảm ứng | Win 11 | Bạc),https://laptopworld.vn/laptop-hp-elitebook-x360-830-g11-a7ra8pt
laptopworld,Laptop HP Elitebook 630 G11 A7LC0PT (Ultra 7-155U | 16GB | 512GB | Intel® Graphics | 13.3 inch WUXGA | Cảm ứng | Win 11 Pro | Bạc),https://laptopworld.vn/laptop-hp-elitebook-630-g11-a7lc0pt
laptopworld,Laptop HP Elitebook 630 G11 A7LB9PT (Ultra 7-155U | 16GB | 512GB | Intel® Graphics | 13.3 inch WUXGA | Win 11 Pro | Bạc),https://laptopworld.vn/laptop-hp-elitebook-630-g11-a7lb9pt
laptopworld,Laptop HP Elitebook 630 G11 A7LC5PT (Ultra 7-155U | 16GB | 512GB | Intel® Graphics | 13.3 inch WUXGA | Win 11 | Bạc),https://laptopworld.vn/laptop-hp-elitebook-630-g11-a7lc5pt
laptopworld,Laptop HP Elitebook 630 G11 A7LJ4PT (Ultra 5-125U | 16GB | 512GB | Intel® Graphics | 13.3 inch WUXGA | Win 11 Pro | Bạc),https://laptopworld.vn/laptop-hp-elitebook-630-g11-a7lj4pt
laptopworld,Laptop HP Elitebook 630 G11 A7LL8PT (Ultra 5-125U | 16GB | 512GB | Intel® Graphics | 13.3 inch WUXGA | Win 11 | Bạc),https://laptopworld.vn/laptop-hp-elitebook-630-g11-a7ll8pt
laptopworld,Laptop HP Elitebook 630 G11 A7LM7PT (Ultra 5-125U | 16GB | 512GB | Intel® Graphics | 13.3 inch WUXGA | Cảm ứng | Win 11 | Bạc),https://laptopworld.vn/laptop-hp-elitebook-630-g11-a7lm7pt
laptopworld,Laptop Lenovo ThinkPad P16v Gen 2 21KX0039VA (Ultra 7 155H | 32GB | 1TB | RTX 1000 Ada | 16 inch WUXGA | No OS | Đen),https://laptopworld.vn/laptop-lenovo-thinkpad-p16v-gen-2-21kx0039va
laptopworld,Laptop Lenovo ThinkPad P16v Gen 2 21KX0036VN (Ultra 7 155H | 64GB | 2TB | RTX 1000 Ada | 16 inch WUXGA | Win 11 Pro | Đen),https://laptopworld.vn/laptop-lenovo-thinkpad-p16v-gen-2-21kx0036vn
laptopworld,Laptop HP Spectre x360 14-eu0051TU A2NL3PA (Ultra 7 155H | 16GB | 1TB | Intel Arc | 14 inch 2.8K OLED | Cảm ứng | Win 11 | Xanh),https://laptopworld.vn/laptop-hp-spectre-x360-14-eu0051tu-a2nl3pa
laptopworld,Laptop Lenovo ThinkPad T14s Gen 5 21LS005VVA (Ultra 5 125U | 16GB | 512GB | Intel® Graphics | 14 inch WUXGA | NoOS | Đen),https://laptopworld.vn/laptop-lenovo-thinkpad-t14s-gen-5-21ls005vva
laptopworld,Laptop HP ProBook 440 G11 A74B4PT (Ultra 5 125U | 8GB | 512GB | Intel® Graphics | 14 inch WUXGA | Win 11 | Bạc),https://laptopworld.vn/laptop-hp-probook-440-g11-a74b4pt
laptopworld,Laptop Lenovo ThinkPad P16s Gen 3 21KS003AVA (Ultra 5 125H | 32GB | 512GB | RTX 500 Ada | 16 inch WUXGA | No OS | Đen),https://laptopworld.vn/laptop-lenovo-thinkpad-p16s-gen-3-21ks003ava
laptopworld,Laptop Lenovo ThinkPad P16s Gen 3 21KS003BVN (Ultra 5 125H | 16GB | 512GB | RTX 500 Ada | 16 inch WUXGA | Win 11 Pro | Đen),https://laptopworld.vn/laptop-lenovo-thinkpad-p16s-gen-3-21ks003bvn
laptopworld,Laptop Lenovo ThinkPad P16s Gen 3 21KS003CVN (Ultra 5 125H | 32GB | 1TB | RTX 500 Ada | 16 inch WUXGA | Win 11 Pro | Đen),https://laptopworld.vn/laptop-lenovo-thinkpad-p16s-gen-3-21ks003cvn
laptopworld,Laptop Lenovo ThinkPad P16s Gen 3 21KS0032VA (Ultra 7 155H | 16GB | 512GB | RTX 500 Ada | 16 inch WUXGA | No OS | Đen),https://laptopworld.vn/laptop-lenovo-thinkpad-p16s-gen-3-21ks0032va
laptopworld,Laptop Lenovo ThinkPad P16s Gen 3 21KS0033VA (Ultra 7 155H | 32GB | 1TB | RTX 500 Ada | 16 inch WUXGA | No OS | Đen),https://laptopworld.vn/laptop-lenovo-thinkpad-p16s-gen-3-21ks0033va
laptopworld,Laptop Lenovo ThinkPad P16s Gen 3 21KS0037VA (Ultra 7 155H | 64GB | 1TB | RTX 500 Ada | 16 inch WUXGA | No OS | Đen),https://laptopworld.vn/laptop-lenovo-thinkpad-p16s-gen-3-21ks0037va
laptopworld,Laptop Lenovo ThinkPad P16s Gen 3 21KS0034VN (Ultra 7 155H | 32GB | 1TB | RTX 500 Ada | 16 inch WUXGA | Win 11 Pro | Đen),https://laptopworld.vn/laptop-lenovo-thinkpad-p16s-gen-3-21ks0034vn
laptopworld,Laptop Lenovo ThinkPad P14s Gen 5 21G2003NVA (Ultra 7 155H | 32GB | 512GB | RTX 500 Ada | 14.5 inch 3K 120Hz | No OS | Đen),https://laptopworld.vn/laptop-lenovo-thinkpad-p14s-gen-5-21g2003nva
laptopworld,Laptop Lenovo ThinkPad P14s Gen 5 21G2003RVN (Ultra 7 155H | 32GB | 1TB | RTX 500 Ada | 14.5 inch 3K 120Hz | Win 11 Pro | Đen),https://laptopworld.vn/laptop-lenovo-thinkpad-p14s-gen-5-21g2003rvn
laptopworld,ThinkPad Thunderbolt 4 Workstation Dock (40B00300EU),https://laptopworld.vn/thinkpad-thunderbolt-4-workstation-dock-40b00300eu
laptopworld,Dock chuyển Lenovo ThinkPad Universal Thunderbolt 4 (40B00135AE),https://laptopworld.vn/dock-chuyen-lenovo-thinkpad-universal-thunderbolt-4-40b00135ae
laptopworld,ThinkPad Hybrid USB-C với USB-A Dock 40AF0135AE,https://laptopworld.vn/thinkpad-hybrid-usb-c-voi-usb-a-dock-40af0135ae
laptopworld,Acer Swift X 14 OLED SFX14-72G-708X NX.KR8SV.003 (Ultra 7 155H | 32GB | 1TB | RTX 4060 | 14.5 inch 2.8K OLED 120Hz | Win 11 | Xám),https://laptopworld.vn/acer-swift-x-14-oled-sfx14-72g-708x-nx-kr8sv-003
laptopworld,Acer Swift X 14 OLED SFX14-72G-79UW NX.KTUSV.001 (Ultra 7 155H | 32GB | 1TB | RTX 4070 | 14.5 inch 2.8K OLED 120Hz | Win 11 | Xám),https://laptopworld.vn/acer-swift-x-14-oled-sfx14-72g-79uw-nx-ktusv-001
laptopworld,Laptop Dell Inspiron 14 5440 NDY5V1 (Core i5-1334U | 16GB | 512GB | Intel® Graphics | 14 inch FHD+ | Win 11 | Office | Xanh),https://laptopworld.vn/laptop-dell-inspiron-14-5440-ndy5v1
laptopworld,Laptop Dell Inspiron 5440 N4I7204W1 (Core 7-150U | 16GB | 512GB | Intel® Graphics | 14 inch FHD+ | Win 11 | Office | Xanh),https://laptopworld.vn/laptop-dell-inspiron-5440-n4i7204w1
laptopworld,Laptop Dell Inspiron 5440 N4I5211W1 (Core 5-120U | 16GB | 512GB | Intel® Graphics | 14 inch FHD+ | Win 11 | Office | Xanh),https://laptopworld.vn/laptop-dell-inspiron-5440-n4i5211w1
laptopworld,Laptop Acer Swift X SFX14-71G-78SY NX.KEVSV.006 (Core™ i7-13700H | 32GB | 1TB | RTX 4050 | 14.5 inch 2.8K OLED 120Hz | Win 11 | Xám),https://laptopworld.vn/laptop-acer-swift-x-sfx14-71g-78sy-nx-kevsv-006
laptopworld,Laptop Acer Aspire 5 A515-58P-71EJ NX.KHJSV.00A (Core i7-1355U | 16GB | 1TB | Intel Iris Xe | 15.6 inch FHD | Win 11 | Xám),https://laptopworld.vn/laptop-acer-aspire-5-a515-58p-71ej-nx-khjsv-00a
laptopworld,HP Probook 450 G10 9H1N4PT (Core i5-1335U | 8GB | 512GB | Intel® UHD Graphics | 15.6 inch FHD | Win 11 | Bạc),https://laptopworld.vn/hp-probook-450-g10-9h1n4pt.html
laptopworld,HP EliteBook 640 G10 873H3PA (Core i7-1355U | 16GB | 512GB | Intel Iris Xe | 14 inch FHD | Cảm ứng | Win 11 | Bạc),https://laptopworld.vn/hp-elitebook-640-g10-873h3pa.html
laptopworld,Laptop Acer Aspire 5 A514-56P-55K5 NX.KHRSV.003 (Core i5-1335U | 16GB | 512GB | Intel Iris Xe Graphics | 14 inch WUXGA | Win11 | Gray),https://laptopworld.vn/laptop-acer-aspire-5-a514-56p-55k5-nx-khrsv-003
laptopworld,Laptop Lenovo Legion 5 15IPH11 83RW0023VN (Ultra 7 356H | 16GB | 512GB | RTX™ 5060 8GB | 15.3inch WQXGA OLED 165Hz | Win 11 | Office | Đen),https://laptopworld.vn/laptop-lenovo-legion-5-15iph11-83rw0023vn
laptopworld,Laptop ASUS TUF Gaming A14 FA401EA-RG041W (Ryzen™ AI MAX+ 392 | 32GB | 512GB | AMD Radeon 8060S | 14inch WQXGA 165Hz | Win 11 | Xám),https://laptopworld.vn/laptop-asus-tuf-gaming-a14-fa401ea-rg041w
laptopworld,Laptop Asus ROG Zephyrus G16 GU606AX-TB042WS (Ultra 9 386H | 64GB | 2TB | RTX 5090 24GB | 16inch WQXGA OLED 240Hz | Win 11 | Office | Xám),https://laptopworld.vn/laptop-asus-rog-zephyrus-g16-gu606ax-tb042ws
laptopworld,Laptop Lenovo Legion Pro 7 FIFA World Cup 26 Edition 16IAX10H 83F500JGVN (Ultra 9 275HX | 32GB | 1TB | RTX™ 5070 Ti 12GB | 16inch WQXGA OLED 240Hz | Win 11 | Đen),https://laptopworld.vn/laptop-lenovo-legion-pro-7-16iax10h-83f500jgvn
laptopworld,Laptop ASUS ROG Strix G16 G614PM-TS147W (Ryzen™ 9-8940HX | 16GB | 512GB | RTX 5060 8GB | 16.0 inch WQXGA 300Hz | Win 11 | Xám),https://laptopworld.vn/laptop-asus-rog-strix-g16-g614pm-ts147w
laptopworld,Laptop Lenovo LOQ 15IRX10 83JE00PEVN (Core™ i7-13650HX | 16GB | 512GB | RTX™ 5050 | 15.6 inch FHD 144Hz | Win 11 | Xám),https://laptopworld.vn/laptop-lenovo-loq-15irx10-83je00pevn
laptopworld,Laptop Acer Gaming Predator Helios 16 PHN16-I31-72XE NH.U4RSV.001 (Core™ i7-14650HX | 32GB | 512GB | RTX™ 5060 8GB | 16 inch 2K+ 180Hz | Win 11 | Đen),https://laptopworld.vn/laptop-acer-gaming-predator-helios-16-phn16-i31-72xe-nh-u4rsv-001
laptopworld,Laptop ASUS TUF Gaming A16 FA608UM-RV266W (Ryzen 7 260 | 16GB | 512GB | RTX 5060 | 16inch FHD+ 165Hz | Win 11 | Xám),https://laptopworld.vn/laptop-asus-tuf-gaming-a16-fa608um-rv266w
laptopworld,Laptop Acer Gaming Predator Helios 16 PHN16-I31-74MN NH.U4SSV.002 (Core™ i7-14650HX | 32GB | 512GB | RTX™ 5050 8GB | 16 inch FHD+ 180Hz | Win 11 | Đen),https://laptopworld.vn/laptop-acer-gaming-predator-helios-16-phn16-i31-74mn-nh-u4ssv-002
laptopworld,Laptop ASUS TUF Gaming A14 FA401EA-RG034W (Ryzen™ AI MAX+ 392 | 64GB | 1TB | AMD Radeon 8060S | 14inch WQXGA 165Hz | Win 11 | Xám),https://laptopworld.vn/laptop-asus-tuf-gaming-a14-fa401ea-rg034w
laptopworld,Laptop MSI Crosshair 16 HX AI D2XWGKG-034VN ( RTX 5070 I Ultra 7-255HX | 16GB | 1TB | 16 inch QHD+ 240Hz | Win 11 | Xám),https://laptopworld.vn/laptop-msi-crosshair-16-hx-ai-d2xwgkg-034vn
laptopworld,Laptop Asus ROG Zephyrus G16 GU606AM-TB032W (Ultra 9 386H | 32GB | 1TB | RTX 5060 8GB | 16inch WQXGA OLED 240Hz | Win 11 | Xám),https://laptopworld.vn/laptop-asus-rog-zephyrus-g16-gu606am-tb032w
laptopworld,Laptop Lenovo LOQ 15IRX10 83JE01AGVN (Core™ i7-13645HX | 16GB | 512GB | RTX™ 5050 8GB | 15.6 inch FHD 144Hz | Win 11 | Xám),https://laptopworld.vn/laptop-lenovo-loq-15irx10-83je01agvn
laptopworld,Laptop Lenovo LOQ 15IRX10 83JE01N4VN (Core™i7-14650HX | 16GB | 512GB | RTX™ 5050 | 15.6 inch FHD 144Hz | Win 11 | Xám),https://laptopworld.vn/laptop-lenovo-loq-15irx10-83je01n4vn
laptopworld,Laptop Lenovo Legion Pro 5 16IAX10 83F300CWVN (Ultra 7 251HX | 24GB | 512GB | RTX™ 5060 8GB | 16inch WQXGA OLED 240Hz | Win 11 | Office | Đen),https://laptopworld.vn/laptop-lenovo-legion-pro-5-16iax10-83f300cwvn
laptopworld,Laptop Lenovo Legion Pro 7 16IAX10H 83F500ANVN (Ultra 9 275HX | 64GB | 1TB | RTX™ 5080 16GB | 16inch WQXGA 240Hz | Win 11 | Office | Đen),https://laptopworld.vn/laptop-lenovo-legion-pro-7-16iax10h-83f500anvn
laptopworld,Laptop ASUS Gaming V16 V3607VU-TK416W (Core™ 5 210H | 16GB | 512GB | RTX 4050 6GB | 16inch WUXGA 144Hz | Win 11 | Đen),https://laptopworld.vn/laptop-asus-gaming-v16-v3607vu-tk416w
laptopworld,Laptop Lenovo LOQ 15IRH11E 83Y9003YVN (Core™ 7 230H | 8GB | 512GB | RTX 3050 6GB | 15.3 inch WUXGA 165Hz | Win 11 | Xám),https://laptopworld.vn/laptop-lenovo-loq-15irh11e-83y9003yvn
laptopworld,Laptop Lenovo LOQ 15IRH11E 83Y9003XVN (Core™ 7 230H | 16GB | 512GB | RTX 3050 6GB | 15.3 inch WUXGA 165Hz | Win 11 | Xám),https://laptopworld.vn/laptop-lenovo-loq-15irh11e-83y9003xvn
laptopworld,Laptop Acer Predator Helios 18 AI PH18-I71-975R NH.U3GSV.001 (Ultra 9 290HX Plus | 64GB | 3TB | RTX 5090 | 18 inch 4K+ MiniLED 120Hz | Win 11 | Đen),https://laptopworld.vn/laptop-acer-predator-helios-18-ai-ph18-i71-975r-nh-u3gsv-001
laptopworld,Laptop Lenovo LOQ 15IRH11E 83Y9003WVN (Core™ 5 205H | 16GB | 512GB | RTX 3050 6GB | 15.3 inch WUXGA 165Hz | Win 11 | Xám),https://laptopworld.vn/laptop-lenovo-loq-15irh11e-83y9003wvn
laptopworld,Laptop Lenovo LOQ 15IRH11E 83Y9003VVN (Core™ 5 205H | 8GB | 512GB | RTX 3050 6GB | 15.3 inch WUXGA 165Hz | Win 11 | Xám),https://laptopworld.vn/laptop-lenovo-loq-15irh11e-83y9003vvn
laptopworld,Laptop Acer Gaming Predator Helios Neo PHN16-I31-91K5 NH.U4QSV.002 (Core™ i9-14900HX | 32GB | 1TB | RTX™ 5070 8GB | 16 inch 2K 180Hz | Win 11 | Đen),https://laptopworld.vn/laptop-acer-gaming-predator-helios-neo-phn16-i31-91k5-nh-u4qsv-002
laptopworld,Laptop Acer Predator Helios 18 AI PH18-I71-91UX NH.U3HSV.001 (Ultra 9 290HX Plus | 64GB | 3TB | RTX 5080 | 18 inch 2K MiniLED 250Hz | Win 11 | Đen),https://laptopworld.vn/laptop-acer-predator-helios-18-ai-ph18-i71-91ux-nh-u3hsv-001
laptopworld,Laptop ASUS ROG Strix SCAR 18 G835LWG-TQ383W (Ultra 9 290HX Plus | 32GB | 2TB | RTX 5080 16GB | 18 inch WQUXGA MiniLED 240Hz | Win 11 | Đen),https://laptopworld.vn/laptop-asus-rog-strix-scar-18-g835lwg-tq383w
laptopworld,Laptop HP OMEN 16-n0085AX 7C144PA (Ryzen 9 6900HX | 32GB | 1TB | RTX 3070Ti 8GB | 16.1 inch QHD 165Hz | Win 11 | Đen),https://laptopworld.vn/laptop-hp-omen-16-n0085ax-7c144pa
laptopworld,Laptop ASUS TUF Gaming F16 FX610JH-TU009W (Core i7-14650HX | 16GB | 512GB | RTX 5050 8GB | 16 inch WUXGA 144Hz | Win 11 | Đen),https://laptopworld.vn/laptop-asus-tuf-gaming-f16-fx610jh-tu009w
laptopworld,Laptop ASUS TUF Gaming F16 FX610JH-TU008W (Core i5-14450HX | 16GB | 512GB | RTX 5050 8GB | 16 inch WUXGA 144Hz | Win 11 | Đen),https://laptopworld.vn/laptop-asus-tuf-gaming-f16-fx610jh-tu008w
laptopworld,Laptop ASUS TUF Gaming F16 FX610JM-TU004W (Core i7-14650HX | 16GB | 512GB | RTX 5060 8GB | 16 inch WUXGA 144Hz | Win 11 | Đen),https://laptopworld.vn/laptop-asus-tuf-gaming-f16-fx610jm-tu004w
laptopworld,Laptop ASUS TUF Gaming F16 FX607VJR-TU328W (Core 7 230H | 16GB | 512GB | RTX 3050 6GB | 16 inch FHD 144Hz | Win 11 | Xám),https://laptopworld.vn/laptop-asus-tuf-gaming-f16-fx607vjr-tu328w
laptopworld,Laptop ASUS TUF Gaming F16 FX607VJR-TU320W (Core 5 205H | 16GB | 512GB | RTX 3050 6GB | 16 inch WUXGA 144Hz | Win 11 | Xám),https://laptopworld.vn/laptop-asus-tuf-gaming-f16-fx607vjr-tu320w
laptopworld,Laptop MSI Cyborg 15 C13WEO-418VN (Core i5-13420H | 16GB | 512GB | RTX 5050 | 15.6 inch FHD 144Hz | Win11 | Xám),https://laptopworld.vn/laptop-msi-cyborg-15-c13weo-418vn
laptopworld,Laptop MSI Cyborg 15 Black Edition A13VEO-2610VN (Core i5-13420H | 16GB | 512GB | RTX 4050 | 15.6 inch FHD 144Hz | Win11 | Đen),https://laptopworld.vn/laptop-msi-cyborg-15-black-edition-a13veo-2610vn
laptopworld,Laptop Gigabyte Gaming A16 EVHS3VN893SH (Ultra 9 185H | 16GB | 512GB | RTX 5060 | 16inch FHD+ 165Hz | Win 11 | Đen),https://laptopworld.vn/laptop-gigabyte-gaming-a16-evhs3vn893sh
laptopworld,Laptop MSI Cyborg 15 Black Edition A13VEO-2608VN (Core i7-13620H | 16GB | 512GB | RTX 4050 | 15.6 inch FHD 144Hz | Win11 | Đen),https://laptopworld.vn/laptop-msi-cyborg-15-black-edition-a13veo-2608vn
laptopworld,Laptop Gigabyte EAGLE GL6J EAGLE-9MJR2VNF93SH (Ryzen™ 5 7533HS | 16GB | 512GB | RTX™ 4050 6GB | 16inch FHD+ 165Hz | Win 11 | Đen),https://laptopworld.vn/laptop-gigabyte-eagle-gl6j-eagle-9mjr2vnf93sh
laptopworld,Laptop Gigabyte EAGLE GL6J EAGLE-9LJR2VNF93SH (Ryzen™ 5 7533HS | 16GB | 512GB | RTX™ 3050 6GB | 16inch FHD+ 165Hz | Win 11 | Đen),https://laptopworld.vn/laptop-gigabyte-eagle-gl6j-eagle-9ljr2vnf93sh
laptopworld,Laptop ASUS ROG Zephyrus G16 GU605CP-QR115W (Ultra 7 255H | 16GB | 512GB | RTX 5070 8GB | 16.0 inch WQXGA OLED 240Hz | Win 11 | Xám | Sạc nhanh),https://laptopworld.vn/laptop-asus-rog-zephyrus-g16-gu605cp-qr115w
laptopworld,Laptop ASUS ROG Zephyrus G16 GU605CP-QR141W (Ultra 7 255H | 32GB | 512GB | RTX 5070 8GB | 16.0 inch WQXGA OLED 240Hz | Win 11 | Xám | Sạc nhanh),https://laptopworld.vn/laptop-asus-rog-zephyrus-g16-gu605cp-qr141w
laptopworld,Laptop Asus TUF Gaming A15 FA506NCG-HN390W (Ryzen 7 155 | 16GB | 512GB | RTX™ 3050 4GB | 15.6inch FHD 144Hz | Win 11 | Đen),https://laptopworld.vn/laptop-asus-tuf-gaming-a15-fa506ncg-hn390w
laptopworld,Laptop ASUS TUF Gaming A14 FA401UM-RG049W (Ryzen™ 7 260 | 32GB | 512GB | RTX 5060 8GB | 14inch 2.5K 165Hz | Win 11 | Xám),https://laptopworld.vn/laptop-asus-tuf-gaming-a14-fa401um-rg049w
laptopworld,Laptop ASUS TUF Gaming A14 FA401UH-RG001W (Ryzen™ 7 260 | 16GB | 512GB | RTX 5050 8GB | 14inch 2.5K 165Hz | Win 11 | Xám),https://laptopworld.vn/laptop-asus-tuf-gaming-a14-fa401uh-rg001w
laptopworld,Laptop Acer Predator Helios Neo 16S PHN16S-I51-98CX NH.U3USV.006 (Ultra 9 386H | 16GB | 512GB | RTX 5060 | 16 inch 2K+ OLED 165Hz | Win 11 | Đen),https://laptopworld.vn/laptop-acer-predator-helios-neo-16s-phn16s-i51-97t9-nh-u3ssv-006-1
laptopworld,Laptop Acer Predator Helios Neo 16S PHN16S-I51-97T9 NH.U3SSV.006 (Ultra 9 386H | 16GB | 512GB | RTX 5070 | 16 inch 2K+ OLED 165Hz | Win 11 | Đen),https://laptopworld.vn/laptop-acer-predator-helios-neo-16s-phn16s-i51-97t9-nh-u3ssv-006
laptopworld,Laptop ASUS ROG Strix SCAR 18 G835LXG-TQ473W (Ultra 9 290HX Plus | 64GB | 2TB | RTX 5090 24GB | 18 inch WQUXGA MiniLED 240Hz | Win 11 | Đen),https://laptopworld.vn/laptop-asus-rog-strix-scar-18-g835lxg-tq473w
laptopworld,Laptop Asus TUF Gaming A15 FA506NCQ-HN005W (Ryzen 7 170 | 16GB | 512GB | RTX™ 3050 4GB | 15.6inch FHD 144Hz | Win 11 | Đen),https://laptopworld.vn/laptop-asus-tuf-gaming-a15-fa506ncq-hn005w
laptopworld,Laptop ASUS ROG Strix G16 G614PH-TS118W (Ryzen™ 9-8940HX | 16GB | 512GB | RTX 5050 8GB | 16.0 inch WQXGA 300Hz | Win 11 | Xám),https://laptopworld.vn/laptop-asus-rog-strix-g16-g614ph-ts118w
laptopworld,Laptop MSI Cyborg 15 Max C13WE-422VN (Core i7-13620H | 16GB | 512GB | RTX 5050 | 15.6 inch FHD 144Hz | Win11 | Đen),https://laptopworld.vn/laptop-msi-cyborg-15-max-c13we-422vn
laptopworld,Laptop MSI Cyborg 15 Max C13WF-421VN (Core i7-13620H | 16GB | 512GB | RTX 5060 | 15.6 inch FHD 144Hz | Win11 | Đen),https://laptopworld.vn/laptop-msi-cyborg-15-max-c13wf-421vn
laptopworld,Laptop MSI Crosshair 16 HX E14WFK-074VN (Core™ i7-14650HX | 16GB | 1TB | RTX 5060 | 16 inch QHD+ 240Hz | Win 11 | Đen),https://laptopworld.vn/laptop-msi-crosshair-16-hx-e14wfk-074vn
laptopworld,Laptop MSI Crosshair 16 HX E14WFK-075VN (Core i9-14900HX | 32GB | 1TB | RTX 5060 | 16 inch QHD+ 240Hz | Win 11 | Đen),https://laptopworld.vn/laptop-msi-crosshair-16-hx-e14wfk-075vn
laptopworld,Laptop MSI Crosshair 16 Max HX E2WGXK-052VN (Ultra 7 251HX | 16GB | 1TB | RTX 5070 | 16 inch QHD+ OLED 165Hz | Win 11 | Đen),https://laptopworld.vn/laptop-msi-crosshair-16-max-hx-e2wgxk-052vn
laptopworld,Laptop MSI Crosshair 16 Max HX E2WGXK-051VN (Ultra 9 290HX Plus | 32GB | 1TB | RTX 5070 | 16 inch QHD+ OLED 165Hz | Win 11 | Đen),https://laptopworld.vn/laptop-msi-crosshair-16-max-hx-e2wgxk-051vn
laptopworld,Laptop MSI Raider 18 Max HX A2WI-1285VN (Ultra 9 290HX Plus | 64GB | 2TB | RTX 5080 | 18inch UHD+ 120Hz | Win 11 | Đen),https://laptopworld.vn/laptop-msi-raider-18-max-hx-a2wi-1285vn
laptopworld,Laptop MSI Raider 16 HX B2WI-257VN (Ultra 9 275HX | 32GB | 1TB | RTX 5080 | 16inch QHD+ 240Hz | Win 11 | Đen),https://laptopworld.vn/laptop-msi-raider-16-hx-b2wi-257vn
laptopworld,Laptop MSI Cyborg 15 Black Edition A13VE-2410VN (Core i5-13420H | 16GB | 512GB | RTX 4050 | 15.6 inch FHD 144Hz | Win11 | Đen),https://laptopworld.vn/laptop-msi-cyborg-15-black-edition-a13ve-2410vn
laptopworld,Laptop HP HyperX Omen Gaming 15-ga0092TX D72D8PA (Core™ i5-14450HX | 16GB | 512GB | RTX™ 5050 | 15.3inch 2K | Win 11 | Bạc),https://laptopworld.vn/laptop-hp-hyperx-omen-gaming-15-ga0092tx-d72d8pa
laptopworld,Laptop HP HyperX Omen Gaming 15-ga0091TX D72D7PA (Core™ i5-14450HX | 16GB | 512GB | RTX™ 5060 | 15.3inch 2K | Win 11 | Bạc),https://laptopworld.vn/laptop-hp-hyperx-omen-gaming-15-ga0091tx-d72d7pa
laptopworld,Laptop Asus ROG Zephyrus G16 GU606AW-TB121W (Ultra 9 386H | 32GB | 1TB | RTX 5080 16GB | 16inch WQXGA OLED 240Hz | Win 11 | Office | Xám | Sạc nhanh),https://laptopworld.vn/laptop-asus-rog-zephyrus-g16-gu606aw-tb121w
laptopworld,Laptop Asus ROG Zephyrus G16 GU606AW-TB052WS (Ultra 9 386H | 64GB | 1TB | RTX 5080 16GB | 16inch WQXGA OLED 240Hz | Win 11 | Office | Xám | Sạc nhanh),https://laptopworld.vn/laptop-asus-rog-zephyrus-g16-gu606aw-tb052ws
laptopworld,Laptop Acer Gaming Aspire 7 A715-59G-59RD NH.DXUSV.001 (Core™ 5 210H | 16GB | 512GB | RTX 3050 4GB | 15.6 inch FHD 144Hz | Win 11 | Đen),https://laptopworld.vn/laptop-acer-gaming-aspire-7-a715-59g-59rd-nh-dxusv-001
laptopworld,Laptop ASUS Gaming V16 V3607VJ-TK189W (Core™ 5 210H | 16GB | 512GB | RTX 3050 6GB | 16inch WUXGA 144Hz | Win 11 | Đen),https://laptopworld.vn/laptop-asus-gaming-v16-v3607vj-tk189w
laptopworld,Laptop Gigabyte Gaming A16 3THK3VN894SH (Ryzen™ 7 260 | 16GB | 1TB | RTX™ 5050 8GB | 16inch FHD+ 165Hz | Win 11 | Đen),https://laptopworld.vn/laptop-gigabyte-gaming-a16-3thk3vn894sh
laptopworld,Laptop ASUS TUF Gaming A16 FA608UMI-TU162W (Ryzen 7 260 | 16GB | 512GB | RTX 5060 | 16inch FHD+ 144Hz | Win 11 | Xám),https://laptopworld.vn/laptop-asus-tuf-gaming-a16-fa608umi-tu162w
laptopworld,Laptop ASUS ROG Strix G16 G614PH-RV176W (Ryzen™ 9-8940HX | 16GB | 512GB | RTX 5050 8GB | 16.0 inch FHD+ 165Hz | Win 11 | Xám),https://laptopworld.vn/laptop-asus-rog-strix-g16-g614ph-rv176w
laptopworld,Laptop ASUS TUF Gaming A16 FA608UHI-TU121W (Ryzen 7 260 | 16GB | 512GB | RTX 5050 | 16inch FHD+ 144Hz | Win 11 | Xám),https://laptopworld.vn/laptop-asus-tuf-gaming-a16-fa608uhi-tu121w
laptopworld,Laptop ASUS ROG Zephyrus G14 GA403GM-SY164W (Ryzen™ AI 9 465 | 16GB | 512GB | RTX 5060 8GB | 14.0 inch 3K OLED 120Hz | Win 11 I Xám),https://laptopworld.vn/laptop-asus-rog-zephyrus-g14-ga403gm-sy164w
laptopworld,Laptop Acer Gaming Nitro ProPanel ANV15-42-R0QM NH.QUDSV.001 (Ryzen™ 5 7640HS | 16GB | 512GB | RTX 3050 6GB | 15.6 inch FHD 180Hz | Win 11 | Đen),https://laptopworld.vn/laptop-acer-gaming-nitro-propanel-anv15-42-r0qm-nh-qudsv-001
laptopworld,Laptop MSI Raider 16 HX B2WH - 258VN (Ultra 9 275HX | 32GB | 1TB | RTX 5070 Ti | 16inch QHD+ 240Hz | Win 11 | Đen),https://laptopworld.vn/laptop-msi-raider-16-hx-b2wh-258vn
laptopworld,Laptop MSI Crosshair 16 HX E14WEK-077VN (Core i7-14650HX | 16GB | 1TB | RTX 5050 | 16 inch QHD+ 240Hz | Win 11 | Đen),https://laptopworld.vn/laptop-msi-crosshair-16-hx-e14wek-077vn
laptopworld,Gigabyte AORUS MASTER 16 6XJM4VNE64SH (Ryzen™ 9 9955HX3D | 32GB | 1TB | RTX™ 5070 Ti | 16inch WQXGA OLED 240Hz | Win 11 | Đen),https://laptopworld.vn/gigabyte-aorus-master-16-6xjm4vne64sh
laptopworld,Laptop Gigabyte AERO X16 4WHN3VNC93AH (Ryzen™ Al 9 465 | 16GB | 512GB | RTX™ 5070 8GB | 16inch WQXGA 165Hz | Win 11 | Xám),https://laptopworld.vn/laptop-gigabyte-aero-x16-4whn3vnc93ah
laptopworld,Laptop MSI Raider 16 Max HX B2WI-095VN (Ultra 9 290HX Plus | 64GB | 2TB | RTX 5080 | 16inch QHD+ 240Hz | Win 11 | Đen),https://laptopworld.vn/laptop-msi-raider-16-max-hx-b2wi-095vn
laptopworld,Laptop Asus TUF Gaming A15 FA506NCG-HN329W (Ryzen 7 8845HS | 16GB | 512GB | RTX™ 3050 4GB | 15.6inch FHD 144Hz | Win 11 | Đen),https://laptopworld.vn/laptop-asus-tuf-gaming-a15-fa506ncg-hn329w
laptopworld,Laptop ASUS TUF Gaming F16 FX608JHI-TU210W (Core™ i5-14450HX | 16GB | 512GB | RTX 5050 8GB | 16inch WUXGA 144Hz | Win 11 | Xám),https://laptopworld.vn/laptop-asus-tuf-gaming-f16-fx608jhi-tu210w
laptopworld,Laptop MSI Cyborg 15 C13WEO-417VN (Core i7-13620H | 16GB | 512GB | RTX 5050 | 15.6 inch FHD 144Hz | Win11 | Xám),https://laptopworld.vn/laptop-msi-cyborg-15-c13weo-417vn
laptopworld,Laptop MSI Crosshair 16 HX E14WEK-076VN (Core i9-14900HX | 32GB | 1TB | RTX 5050 | 16 inch QHD+ 240Hz | Win 11 | Đen),https://laptopworld.vn/laptop-msi-crosshair-16-hx-e14wek-076vn
laptopworld,Laptop MSI Stealth 16 AI+ B3WGX-051VN (Ultra 9 386H | 32GB | 1TB | RTX 5070 | 16 inch QHD+ OLED 240Hz | Win 11 | Đen),https://laptopworld.vn/laptop-msi-stealth-16-ai-b3wgx-051vn
laptopworld,Laptop MSI Raider A16 HX B8WH-031VN (Ryzen 9 8940HX | 32GB | 1TB | RTX 5070 Ti | 16inch QHD+ 240Hz | Win 11 | Đen),https://laptopworld.vn/laptop-msi-raider-a16-hx-b8wh-031vn
laptopworld,Laptop Gigabyte Gaming A16 3VHK3VN893SH (Ryzen™ 7 260 | 16GB | 512GB | RTX™ 5060 8GB | 16inch FHD+ 165Hz | Win 11 | Đen),https://laptopworld.vn/laptop-gigabyte-gaming-a16-3vhk3vn893sh
laptopworld,Laptop Dell Pro Max 16 MC16250 (Ultra 7 265H vPro | 32GB | 1TB | RTX PRO 1000 8GB | 16 inch FHD+ | Ubuntu),https://laptopworld.vn/laptop-dell-pro-max-16-mc16250-ultra-7-265h-vpro-32gb-1tb-rtx-pro-1000-8gb-16-inch-fhd-ubuntu
laptopworld,Laptop MSI Titan 18 HX A2WJ-1200VN (Ultra 9 290HX Plus | 96GB | 2TB | RTX 5090 24GB | 18inch UHD+ 240Hz | Win 11 | Đen),https://laptopworld.vn/laptop-msi-titan-18-hx-a2wj-1200vn
laptopworld,Laptop HP OMEN 16-xf0070AX 8W945PA (Ryzen 9 7940HS | 32GB | 1TB | RTX 4070 8GB | 16inch QHD 240Hz | Win 11 | Đen),https://laptopworld.vn/laptop-hp-omen-16-xf0070ax-8w945pa
laptopworld,Laptop Acer Gaming Predator Helios 16 PHN16-I31-50H7 NH.U4SSV.001 (Core™ i5-14450HX | 32GB | 512GB | RTX™ 5050 8GB | 16 inch FHD+ 180Hz | Win 11 | Đen),https://laptopworld.vn/laptop-acer-gaming-predator-helios-16-phn16-i31-50h7-nh-u4ssv-001
laptopworld,Laptop ASUS ProArt PX13 HN7306EA-LX050W (Ryzen AI Max+ 395 | 32GB | 1TB | Radeon 8060S Graphics | 13.3 inch 3K OLED | Cảm ứng | Win 11 | Đen),https://laptopworld.vn/laptop-asus-proart-px13-hn7306ea-lx050w
laptopworld,Laptop ASUS ProArt P16 H7606WP-SR335W (Ryzen AI 9 HX 370 | 64GB | 2TB | RTX 5070 8GB | 16.0 inch 4K OLED | Cảm ứng | Win 11 | Đen),https://laptopworld.vn/laptop-asus-proart-p16-h7606wp-sr335w
laptopworld,Laptop Gigabyte Gaming A16 CVHI3MY893SH (Core i7-13620H | 16GB | 512GB | RTX 5060 | 16inch FHD+ 165Hz | Win 11 | Đen),https://laptopworld.vn/laptop-gigabyte-gaming-a16-cvhi3my893sh
laptopworld,Laptop Gigabyte Gaming A16 3THK3VN893SH (Ryzen™ 7 260 | 16GB | 512GB | RTX™ 5050 8GB | 16inch FHD+ 165Hz | Win 11 | Đen),https://laptopworld.vn/laptop-gigabyte-gaming-a16-3thk3vn893sh
laptopworld,Laptop Gigabyte Gaming A16 CMHH2MY893SH (Core™ i5-13420H | 16GB | 512GB | RTX™ 4050 6GB | 16inch FHD+ 165Hz | Win 11 | Đen),https://laptopworld.vn/laptop-gigabyte-gaming-a16-cmhh2my893sh
laptopworld,Laptop Gigabyte AERO X16 1VH93VNC94AH (Ryzen™ AI 7 350 | 16GB | 1TB | RTX™ 5060 8GB | 16inch QHD+ 165Hz | Win 11 | Xám),https://laptopworld.vn/laptop-gigabyte-aero-x16-1vh93vnc94ah
laptopworld,Laptop Asus ROG Zephyrus Duo GX651AX-SR050WS (Ultra 9 386H | 64GB | 2TB | RTX 5090 24GB | 16inch 3K OLED 120Hz | Cảm ứng | Bút cảm ứng | Win 11 | Office | Xám),https://laptopworld.vn/laptop-asus-rog-zephyrus-duo-gx651ax-sr050ws
laptopworld,Laptop Asus ROG Zephyrus G16 GU606AR-TB027W (Ultra 9 386H | 32GB | 1TB | RTX 5070 Ti 12GB | 16inch WQXGA OLED 240Hz | Win 11 | Xám),https://laptopworld.vn/laptop-asus-rog-zephyrus-g16-gu606ar-tb027w
laptopworld,Laptop ASUS ROG Zephyrus G14 GU405AW-SY029W (Ultra 9 386H | 32GB | 1TB | RTX 5080 16GB | 14.0 inch 3K OLED 120Hz | Win 11 I Xám),https://laptopworld.vn/laptop-asus-rog-zephyrus-g14-gu405aw-sy029w
laptopworld,Laptop ASUS ROG Zephyrus G14 GU405AR-SY016W (Ultra 9 386H | 32GB | 1TB | RTX 5070 Ti 12GB | 14.0 inch 3K OLED 120Hz | Win 11 I Xám),https://laptopworld.vn/laptop-asus-rog-zephyrus-g14-gu405ar-sy016w
laptopworld,Laptop ASUS ROG Strix G16 G614PR-TS103W (Ryzen™ 9-8940HX | 16GB | 512GB | RTX 5070 Ti 12GB | 16.0 inch WQXGA 300Hz | Win 11 | Xám),https://laptopworld.vn/laptop-asus-rog-strix-g16-g614pr-ts103w
laptopworld,Laptop ASUS ROG Strix G16 G614PP-TS112W (Ryzen™ 9-8940HX | 16GB | 512GB | RTX 5070 8GB | 16.0 inch WQXGA 300Hz | Win 11 | Xám),https://laptopworld.vn/laptop-asus-rog-strix-g16-g614pp-ts112w
laptopworld,Laptop ASUS ROG Strix G16 G614PW-TS051W (Ryzen™ 9-8940HX | 16GB | 1TB | RTX 5080 16GB | 16.0 inch WQXGA 300Hz | Win 11 | Xám),https://laptopworld.vn/laptop-asus-rog-strix-g16-g614pw-ts051w
laptopworld,Laptop Lenovo LOQ 15IPH11 83SL000LVN (Ultra 7 356H | 16GB | 512GB | RTX™ 5060 | 15.6 inch WUXGA 165Hz | Win 11 | Xám),https://laptopworld.vn/laptop-lenovo-loq-15iph11-83sl000lvn
laptopworld,Laptop Lenovo Legion 5 15AHP11 83Q7001HVN (Ryzen™ 7 250 | 16GB | 512GB | RTX™ 5050 8GB | 15.3inch WQXGA OLED 165Hz | Win 11 | Office | Đen),https://laptopworld.vn/laptop-lenovo-legion-5-15ahp11-83q7001hvn
laptopworld,Laptop Lenovo Legion 5 15AHP11 83Q7001JVN (Ryzen™ 7 250 | 16GB | 512GB | RTX™ 5060 8GB | 15.3inch WQXGA OLED 165Hz | Win 11 | Office | Đen),https://laptopworld.vn/laptop-lenovo-legion-5-15ahp11-83q7001jvn
laptopworld,Laptop Lenovo LOQ 15AHP11 83TN0040VN (Ryzen 7 250 | 16GB | 512GB | RTX™ 5050 8GB | 15.3 inch WUXGA 165Hz | Win 11 | Xám),https://laptopworld.vn/laptop-lenovo-loq-15ahp11-83tn0040vn
laptopworld,Laptop ASUS TUF Gaming A16 FA607NUQ-RL007W (Ryzen 7 170 | 16GB | 512GB | RTX 4050 6GB | 16inch WUXGA 144Hz | Win 11 | Xám),https://laptopworld.vn/laptop-asus-tuf-gaming-a16-fa607nuq-rl007w
laptopworld,Laptop HP VICTUS 15-fa2452TX D44VLPA (Core™ i5-13420H | 16GB | 512GB | RTX™ 3050 6GB | 15.6 inch FHD 144Hz | Win 11 | Đen),https://laptopworld.vn/laptop-hp-victus-15-fa2452tx-d44vlpa
laptopworld,Laptop HP VICTUS 15-fa2451TX D17WPPA (Core™ i5-13420H | 16GB | 512GB | RTX™ 4050 6GB | 15.6 inch FHD 144Hz | Win 11 | Đen),https://laptopworld.vn/laptop-hp-victus-15-fa2451tx-d17wppa
laptopworld,Laptop HP Victus 16-s1142AX AZ0C7PA (Ryzen™ 7 8845HS | 16GB | 512GB | RTX 4060 8GB | 16.1 inch FHD 165Hz | Win 11 | Đen),https://laptopworld.vn/laptop-hp-victus-16-s1142ax-az0c7pa
laptopworld,Laptop HP VICTUS 15-fa2456TX D2HP1PA (Core i7-13620H | 24GB | 512GB | RTX 5050 8GB | 15.6 inch FHD 144Hz | Win 11 | Đen),https://laptopworld.vn/laptop-hp-victus-15-fa2456tx-d2hp1pa
laptopworld,Laptop HP ZBook X G1i 16 B4YT6AV Mobile Workstation (Ultra 9 285H | 64GB | 1TB | RTX PRO 2000 8GB | 16 inch WUXGA | Win 11 Pro | Xám),https://laptopworld.vn/laptop-hp-zbook-x-g1i-16-b4yt6av-mobile-workstation
laptopworld,Laptop MSI Katana 15 B13VEK-2440VN (Core i7-13620H | 16GB | 1TB | RTX 4050 6GB | 15.6inch FHD 144Hz | Win 11 | Đen),https://laptopworld.vn/laptop-msi-katana-15-b13vek-2440vn
laptopworld,Laptop Acer Gaming Nitro ProPanel ANV15-42-R5EF NH.QUCSV.002 (Ryzen™ 5 7640HS | 16GB | 512GB | RTX 4050 6GB | 15.6 inch FHD 180Hz | Win 11 | Đen),https://laptopworld.vn/laptop-acer-gaming-nitro-propanel-anv15-42-r5ef-nh-qucsv-002
laptopworld,Laptop ASUS ROG Zephyrus G14 GA403GM-SY004W (Ryzen™ AI 9 465 | 32GB | 1TB | RTX 5060 8GB | 14.0 inch 3K OLED 120Hz | Win 11 I Xám),https://laptopworld.vn/laptop-asus-rog-zephyrus-g14-ga403gm-sy004w
laptopworld,Laptop ASUS TUF Gaming A16 FA608PP-RV089W (Ryzen 9 8940HX | 16GB | 512GB | RTX 5070 8GB | 16inch WUXGA 165Hz | Win 11 | Xám),https://laptopworld.vn/laptop-asus-tuf-gaming-a16-fa608pp-rv089w
laptopworld,Laptop MSI Stealth 16 AI+ B3WF-007VN (Ultra 9 386H | 32GB | 1TB | RTX 5060 8GB | 16 inch QHD+ OLED 240Hz | Win 11 | Đen),https://laptopworld.vn/laptop-msi-stealth-16-ai-b3wf-007vn
laptopworld,Laptop MSI Stealth 16 AI+ B3WG-008VN (Ultra 9 386H | 32GB | 1TB | RTX 5070 8GB | 16 inch QHD+ OLED 240Hz | Win 11 | Đen),https://laptopworld.vn/laptop-msi-stealth-16-ai-b3wg-008vn
laptopworld,Laptop Acer Gaming Nitro ProPanel AN16S-61-R9CN NH.QXGSV.001 (Ryzen™ AI 7 350 | 16GB | 512GB | RTX 5070 8GB | 16inch 2K+ 180Hz | Win 11 | Đen),https://laptopworld.vn/laptop-acer-gaming-nitro-propanel-an16s-61-r9cn-nh-qxgsv-001
laptopworld,Laptop ASUS TUF Gaming A14 FA401GM-RG013W (Ryzen™ AI 9 465 | 32GB | 1TB | RTX™ 5060 8GB | 14inch WQXGA 165Hz | Win 11 | Xám),https://laptopworld.vn/laptop-asus-tuf-gaming-a14-fa401gm-rg013w
laptopworld,Laptop Acer Gaming Nitro ProPanel ANV16S-71-58WQ NH.QXBSV.001 (Core™ 5 210H | 32GB | 512GB | RTX 5050 8GB | 16inch 2K+ 180Hz | Win 11 | Đen),https://laptopworld.vn/laptop-acer-gaming-nitro-propanel-anv16s-71-58wq-nh-qxbsv-001
laptopworld,Laptop Acer Gaming Nitro ProPanel ANV16-72-71T9 NH.QUNSV.001 (Core 7 240H | 16GB | 512GB | RTX™ 5060 8GB | 16inch FHD+ 180Hz | Win 11 | Đen),https://laptopworld.vn/laptop-acer-gaming-nitro-propanel-anv16-72-71t9-nh-qunsv-001
laptopworld,Laptop Acer Gaming Aspire 7 A715-59G-79XF NH.QX6SV.008 (Core™ 7 240H | 16GB | 512GB | RTX 3050 6GB | 15.6 inch FHD 144Hz | Win 11 | Đen),https://laptopworld.vn/laptop-acer-gaming-aspire-7-a715-59g-79xf-nh-qx6sv-008
laptopworld,Laptop Acer Gaming Aspire 7 A715-59G-53GZ NH.QX6SV.00A (Core™ 5 210H | 16GB | 512GB | RTX 3050 6GB | 15.6 inch FHD 144Hz | Win 11 | Đen),https://laptopworld.vn/laptop-acer-gaming-aspire-7-a715-59g-53gz-nh-qx6sv-00a
laptopworld,Laptop Lenovo Legion 5 15AHP10 83M0005FVN (Ryzen 7 260 | 16GB | 512GB | RTX™ 5060 8GB | 15.1inch WQXGA OLED 165Hz | Win 11 | Office | Đen),https://laptopworld.vn/laptop-lenovo-legion-5-15ahp10-83m0005fvn
laptopworld,Laptop Acer Gaming Nitro ProPanel ANV15-42-R9EH NH.U2ZSV.001 (Ryzen™ 7-7445HS | 16GB | 512GB | RTX 4050 | 15.6 inch FHD 180Hz | Win 11 | Đen),https://laptopworld.vn/laptop-acer-gaming-nitro-propanel-anv15-42-r9eh-nh-u2zsv-001
laptopworld,Laptop Acer Gaming Nitro ProPanel ANV15-52-50RB NH.QUASV.002 (Core 5 210H | 16GB | 512GB | RTX 4050 6GB | 15.6 inch FHD 180Hz | Win 11 | Đen),https://laptopworld.vn/laptop-acer-gaming-nitro-propanel-anv15-52-50rb-nh-quasv-002
laptopworld,Laptop Acer Gaming Nitro ProPanel ANV16-72-782F NH.QUPSV.001 (Core 7 240H | 16GB | 512GB | RTX™ 5050 8GB | 16inch FHD+ 180Hz | Win 11 | Đen),https://laptopworld.vn/laptop-acer-gaming-nitro-propanel-anv16-72-782f-nh-qupsv-001
laptopworld,Laptop Acer Gaming Nitro ProPanel AN16S-61-R7ZJ NH.QXFSV.002 (Ryzen™ AI 7 350 | 16GB | 512GB | RTX 5060 8GB | 16inch 2K+ 180Hz | Win 11 | Đen),https://laptopworld.vn/laptop-acer-gaming-nitro-propanel-an16s-61-r7zj-nh-qxfsv-002
laptopworld,Laptop HP OMEN 16-am0127TX BX8Y0PA (Core i9-14900HX | 32GB | 512GB | RTX 5070 8GB | 16inch WUXGA 165Hz | Win 11 | Đen),https://laptopworld.vn/laptop-hp-omen-16-am0127tx-bx8y0pa
laptopworld,Laptop HP OMEN 16-am0129TX BX9D1PA (Ultra 7 255H | 32GB | 512GB | RTX 5070 8GB | 16inch WUXGA 165Hz | Win 11 | Đen),https://laptopworld.vn/laptop-hp-omen-16-am0129tx-bx9d1pa
laptopworld,Laptop HP ZBook Power G8 33D91AV (Core i5-11500H | 16GB | 512GB | Quadro T600 4GB | 15.6 inch FHD | Win 10 Pro | Xám),https://laptopworld.vn/laptop-hp-zbook-power-g8-33d91av
laptopworld,Laptop HP ZBook X G1i 16 B4YT2AV (Ultra 7 255H | 32GB | 1TB | RTX P2000 8GB | 16 inch 2.5K | Win 11 Pro | Xám),https://laptopworld.vn/laptop-hp-zbook-x-g1i-16-b4yt2av
laptopworld,Laptop Acer Predator Triton 14 AI PT14-52T-99TU NH.U0GSV.001 (Ultra 9 288V | 32GB | 2TB | RTX 5070 8GB | 14.5 inch 2.8K OLED 120Hz | Cảm ứng | Bút cảm ứng | Win 11 | Đen),https://laptopworld.vn/laptop-acer-predator-triton-14-ai-pt14-52t-99tu-nh-u0gsv-001
laptopworld,Laptop Acer Gaming Nitro ProPanel ANV15-52-50VA NH.QUBSV.002 (Core 5 210H | 16GB | 512GB | RTX 3050 6GB | 15.6 inch FHD 180Hz | Win 11 | Đen),https://laptopworld.vn/laptop-acer-gaming-nitro-propanel-anv15-52-50va-nh-qubsv-002
laptopworld,Laptop Acer Gaming Nitro ProPanel ANV15-52-73Z8 NH.QUASV.001 (Core 7 240H | 16GB | 512GB | RTX™ 4050 6GB | 15.6 inch FHD 180Hz | Win 11 | Đen),https://laptopworld.vn/laptop-acer-gaming-nitro-propanel-anv15-52-73z8-nh-quasv-001
laptopworld,Laptop Acer Gaming Nitro Lite 16 NL16-71G-71FN NH.D5ASV.003 (Core™ i7-13620H | 16GB | 512GB | RTX 4050 6GB | 16 inch FHD+ 180Hz | Win 11 | Trắng),https://laptopworld.vn/laptop-acer-gaming-nitro-lite-16-nl16-71g-71fn-nh-d5asv-003
laptopworld,Laptop Acer Gaming Nitro ProPanel ANV15-52-74UM NH.QUBSV.003 (Core 7 240H | 16GB | 512GB | RTX™ 3050 6GB | 15.6 inch FHD 180Hz | Win 11 | Đen),https://laptopworld.vn/laptop-acer-gaming-nitro-propanel-anv15-52-74um-nh-qubsv-003
laptopworld,Laptop Acer Gaming Nitro ProPanel ANV16S-41-R337 NH.QZZSV.002 (Ryzen 7 260 | 16GB | 1TB | RTX 5050 8GB | 16inch FHD+ 180Hz | Win 11 | Đen),https://laptopworld.vn/laptop-acer-gaming-nitro-propanel-anv16s-41-r337-nh-qzzsv-002
laptopworld,Laptop Acer Gaming Aspire 7 A715-59G-78WG NH.QX6SV.006 (Core™ i7-13620H | 16GB | 512GB | RTX 3050 6GB | 15.6 inch FHD 144Hz | Win 11 | Đen),https://laptopworld.vn/laptop-acer-gaming-aspire-7-a715-59g-78wg-nh-qx6sv-006
laptopworld,Laptop Acer Gaming Aspire 7 A715-59G-55MD NH.QX6SV.005 (Core™ i5-13420H | 16GB | 512GB | RTX 3050 6GB | 15.6 inch FHD 144Hz | Win 11 | Đen),https://laptopworld.vn/laptop-acer-gaming-aspire-7-a715-59g-55md-nh-qx6sv-005
laptopworld,Laptop Acer Gaming Nitro ProPanel ANV16S-61-R7KQ NH.QXPSV.001 (Ryzen™ AI 5 340 | 16GB | 512GB | RTX 5060 8GB | 16inch FHD+ 180Hz | Win 11 | Đen),https://laptopworld.vn/laptop-acer-gaming-nitro-propanel-anv16s-61-r7kq-nh-qxpsv-001
laptopworld,Laptop Acer Gaming Nitro ProPanel AN16S-61-R193 NH.QXTSV.001 (Ryzen™ AI 9 365 | 16GB | 512GB | RTX™ 5070 8GB | 16inch 2K+ 180Hz | Win 11 | Đen),https://laptopworld.vn/laptop-acer-gaming-nitro-propanel-an16s-61-r193-nh-qxtsv-001
laptopworld,Laptop HP Victus 16-s0138AX 9Q985PA (Ryzen 7-7840HS | 32GB | 512GB | RTX 4070 | 16.1 inch FHD 144Hz | Win 11 | Đen),https://laptopworld.vn/laptop-hp-victus-16-s0138ax-9q985pa
laptopworld,Laptop MSI Cyborg 15 B13WFKG-658VN (Core i7-13620H | 16GB | 1TB | RTX 5060 | 15.6 inch FHD 144Hz | Win11 | Đen),https://laptopworld.vn/laptop-msi-cyborg-15-b13wfkg-658vn
laptopworld,Laptop MSI Cyborg 15 B13WEKG-676VN (Core i5-13420H | 16GB | 512GB | RTX 5050 | 15.6 inch FHD 144Hz | Win11 | Đen),https://laptopworld.vn/laptop-msi-cyborg-15-b13wekg-676vn
laptopworld,Laptop MSI Cyborg 15 A13VEK-2089VN (Core i7-13620H | 16GB | 512GB | RTX 4050 | 15.6 inch FHD 144Hz | Win11 | Đen),https://laptopworld.vn/laptop-msi-cyborg-15-a13vek-2089vn
laptopworld,Laptop MSI Cyborg 15 A13UC-2088VN (Core i5-13420H | 16GB | 512GB | RTX 3050 | 15.6 inch FHD 144Hz | Win11 | Đen),https://laptopworld.vn/laptop-msi-cyborg-15-a13uc-2088vn
laptopworld,Laptop HP OMEN 16-am0176TX BX9D3PA (Ultra 7 255H | 16GB | 512GB | RTX 5060 8GB | 16inch WUXGA 165Hz | Win 11 | Đen),https://laptopworld.vn/laptop-hp-omen-16-am0176tx-bx9d3pa
laptopworld,Laptop Acer Gaming Nitro ProPanel ANV15-52-59RR NH.QZ9SV.005 (Core 5 210H | 16GB | 512GB | RTX 5050 | 15.6 inch FHD 180Hz | Win 11 | Đen),https://laptopworld.vn/laptop-acer-gaming-nitro-propanel-anv15-52-59rr-nh-qz9sv-005
laptopworld,Laptop MSI Cyborg 15 B2RWEKG-402VN (Core 5 210H | 16GB | 512GB | RTX 5050 | 15.6 inch FHD 144Hz | Win 11 | Đen),https://laptopworld.vn/laptop-msi-cyborg-15-b2rwekg-402vn
laptopworld,Laptop Acer Nitro V ANV15-41-R732 NH.QPESV.005 (Ryzen™ 5 6600H | 16GB | 512GB | RTX 4050 | 15.6 inch FHD 165Hz | Win 11 | Đen),https://laptopworld.vn/laptop-acer-nitro-v-anv15-41-r732-nh-qpesv-005
laptopworld,Laptop Lenovo Legion 5 15IRX10 83LY00HQVN (Core™ i7-13650HX | 16GB | 512GB | RTX™ 5060 | 15.3inch WUXGA 165Hz | Win 11 | Office | Đen),https://laptopworld.vn/laptop-lenovo-legion-5-15irx10-83ly00hqvn
laptopworld,Laptop Lenovo Legion 5 15IRX10 83LY00HWVN (Core™ i7-14700HX | 16GB | 512GB | RTX™ 5060 8GB | 15.1inch WQXGA OLED 165Hz | Win 11 | Office | Đen),https://laptopworld.vn/laptop-lenovo-legion-5-15irx10-83ly00hwvn
laptopworld,Laptop Lenovo Legion 5 15IRX10 83LY00HRVN (Core™ i7-13650HX | 16GB | 512GB | RTX™ 5050 | 15.3inch WUXGA 165Hz | Win 11 | Office | Đen),https://laptopworld.vn/laptop-lenovo-legion-5-15irx10-83ly00hrvn
laptopworld,Laptop HP Victus 16-r0227TX 9Q978PA (Core™ i5-13500HX | 32GB | 512GB | RTX 4060 | 16.1inch FHD 165Hz | Win11 | Đen),https://laptopworld.vn/laptop-hp-victus-16-r0227tx-9q978pa
laptopworld,Laptop Lenovo LOQ 15IRX9 83DV01ALVN (Core™ i7-13650HX | 16GB | 512GB | RTX™ 4050 6GB | 15.6 inch FHD 144Hz | Win 11 | Xám),https://laptopworld.vn/laptop-lenovo-loq-15irx9-83dv01alvn
laptopworld,Laptop Acer Gaming Nitro ProPanel ANV15-41-R0FE NH.QPFSV.005 (Ryzen™ 7-7735HS | 16GB | 512GB | RTX 3050 | 15.6 inch FHD 180Hz | Win 11 | Đen),https://laptopworld.vn/laptop-acer-gaming-nitro-propanel-anv15-41-r0fe-nh-qpfsv-005
laptopworld,Laptop MSI Vector 16 HX AI A2XWJG 470VN (RTX 5090 I Ultra 9 275HX | 32GB | 1TB | 16 inch QHD+ 240Hz | Win 11 | Xám),https://laptopworld.vn/laptop-msi-vector-16-hx-ai-a2xwjg-470vn
laptopworld,Laptop Acer Gaming Nitro ProPanel ANV16S-61-R0B8 NH.QXQSV.001 (Ryzen™ AI 5 340 | 16GB | 512GB | RTX 5050 | 16inch FHD+ 180Hz | Win 11 | Đen),https://laptopworld.vn/laptop-acer-gaming-nitro-propanel-anv16s-61-r0b8-nh-qxqsv-001
laptopworld,Laptop Acer Gaming Nitro ProPanel ANV16S-61-R9ZV NH.QXPSV.002 (Ryzen™ AI 7 350 | 32GB | 1TB | RTX 5060 8GB | 16inch 2K+ 180Hz | Win 11 | Đen),https://laptopworld.vn/laptop-acer-gaming-nitro-propanel-anv16s-61-r9zv-nh-qxpsv-002
laptopworld,Laptop HP OMEN 16-am0180TX BX8Y6PA (Ultra 5 225H | 16GB | 512GB | RTX 5050 | 16inch WUXGA 165Hz | Win 11 | Đen),https://laptopworld.vn/laptop-hp-omen-16-am0180tx-bx8y6pa
laptopworld,Laptop HP OMEN 16-am0178TX BX8Y4PA (Ultra 5 225H | 16GB | 512GB | RTX 5060 | 16inch WUXGA 165Hz | Win 11 | Đen),https://laptopworld.vn/laptop-hp-omen-16-am0178tx-bx8y4pa
laptopworld,Laptop HP Victus 15-fb3116AX BX8U4PA (Ryzen 7-7445HS | 16GB | 512GB | RTX 3050 | 15.6inch FHD 144Hz | Win11 | Đen),https://laptopworld.vn/laptop-hp-victus-15-fb3116ax-bx8u4pa
laptopworld,Laptop Gigabyte AERO X16 1VH93VNC94DH (Ryzen™ AI 7 350 | 16GB | 1TB | RTX™ 5060 | 16inch WQXGA 165Hz | Win 11 | Trắng),https://laptopworld.vn/laptop-gigabyte-aero-x16-1vh93vnc94dh
laptopworld,Laptop Gigabyte Gaming A16 CTHH3VN893SH (Core™ i5-13420H | 16GB | 512GB | RTX 5050 | 16inch FHD+ 165Hz | Win 11 | Đen),https://laptopworld.vn/laptop-gigabyte-gaming-a16-cthh3vn893sh
laptopworld,Laptop Acer Gaming Predator Helios Neo 16 AI PHN16-73-98S4 NH.QVQSV.002 (Ultra 9 275HX | 32GB | 1TB | RTX 5060 | 16 inch 2K+ 240Hz | Win 11 | Đen),https://laptopworld.vn/laptop-acer-gaming-predator-helios-neo-16-ai-phn16-73-98s4-nh-qvqsv-002
laptopworld,Laptop Acer Gaming Nitro ProPanel AN16S-61-R5F4 NH.QXFSV.001 (Ryzen™ AI 7 350 | 16GB | 512GB | RTX™ 5060 8GB | 16inch FHD+ 180Hz | Win 11 | Đen),https://laptopworld.vn/laptop-acer-gaming-nitro-propanel-an16s-61-r5f4-nh-qxfsv-001
laptopworld,Laptop Acer Gaming Predator Helios Neo 16 AI PHN16-73-757W NH.QVQSV.001 (Ultra 7 255HX | 32GB | 1TB | RTX 5060 | 16 inch 2K+ 240Hz | Win 11 | Đen),https://laptopworld.vn/laptop-acer-gaming-predator-helios-neo-16-ai-phn16-73-757w-nh-qvqsv-001
laptopworld,Laptop Acer Gaming Nitro ProPanel ANV15-41-R0Y4 NH.QPESV.004 (Ryzen™ 7-7735HS | 16GB | 512GB | RTX 4050 | 15.6 inch FHD 180Hz | Win 11 | Đen),https://laptopworld.vn/laptop-acer-gaming-nitro-propanel-anv15-41-r0y4-nh-qpesv-004
laptopworld,Laptop Acer Gaming Nitro ProPanel ANV15-41-R9M1 NH.QPFSV.004 (Ryzen™ 5-7535HS | 16GB | 512GB | RTX 3050 | 15.6 inch FHD 180Hz | Win 11 | Đen),https://laptopworld.vn/laptop-acer-gaming-nitro-propanel-anv15-41-r9m1-nh-qpfsv-004
laptopworld,Laptop MSI Cyborg 15 B2RWFKG 048VN (Core 7 240H | 16GB | 512GB | RTX 5060 | 15.6 inch FHD 144Hz | Win 11 | Đen),https://laptopworld.vn/laptop-msi-cyborg-15-b2rwfkg-048vn
laptopworld,Laptop MSI Cyborg 15 B2RWFKG 047VN (Core 5 210H | 16GB | 512GB | RTX 5060 | 15.6 inch FHD 144Hz | Win 11 | Đen),https://laptopworld.vn/laptop-msi-cyborg-15-b2rwfkg-047vn
laptopworld,Laptop Lenovo Legion 7 16IAX10 83KY001VVN (Ultra 9 275HX | 32GB | 1TB | RTX™ 5070 8GB | 16inch WQXGA OLED 240Hz | Win 11 | Office | Trắng),https://laptopworld.vn/laptop-lenovo-legion-7-16iax10-83ky001vvn
laptopworld,Laptop MSI Katana 15 HX B14WEK 027VN (Core™ i7-14650HX | 32GB | 512GB | RTX 5050 8GB | 15.6inch QHD 165Hz | Win 11 | Đen),https://laptopworld.vn/laptop-msi-katana-15-hx-b14wek-027vn
laptopworld,Laptop Lenovo Legion 7 16IAX10 83KY001UVN (Ultra 9 275HX | 32GB | 1TB | RTX™ 5060 8GB | 16inch WQXGA OLED 240Hz | Win 11 | Office | Trắng),https://laptopworld.vn/laptop-lenovo-legion-7-16iax10-83ky001uvn
laptopworld,Laptop MSI Stealth 18 HX AI A2XWJG 073VN (Ultra 9 275HX | 64GB | 2TB | RTX 5090 | 18inch UHD+ 120Hz | Win 11 | Đen),https://laptopworld.vn/laptop-msi-stealth-18-hx-ai-a2xwjg-073vn
laptopworld,Laptop MSI Thin 15 B13UC 3247VN (Core™ i5-13420H | 8GB | 512GB | RTX 3050 | 15.6 inch FHD 144Hz | Win 11 | Xám),https://laptopworld.vn/laptop-msi-thin-15-b13uc-3247vn
laptopworld,Laptop Lenovo Legion 5 15IRX10 83LY00A7VN (Core™ i7-14700HX | 16GB | 512GB | RTX™ 5050 8GB | 15.1inch WQXGA OLED 165Hz | Win 11 | Office | Đen),https://laptopworld.vn/laptop-lenovo-legion-5-15irx10-83ly00a7vn
laptopworld,Laptop MSI Katana 15 HX B14WEK-286VN (RTX 5050 8GB I Core™ i5-14450HX | 16GB | 512GB | 15.6inch QHD 165Hz | Win 11 | Đen),https://laptopworld.vn/laptop-msi-katana-15-hx-b14wek-286vn
laptopworld,Laptop MSI Raider 18 HX AI A2XWJG 692VN (Ultra 9 285HX | 64GB | 4TB | RTX 5090 | 18inch UHD+ 120Hz | Win 11 | Đen),https://laptopworld.vn/laptop-msi-raider-18-hx-ai-a2xwjg-692vn
laptopworld,Laptop MSI Katana 15 HX B14WFK 025VN (Core™ i7-14650HX | 16GB | 512GB | RTX 5060 8GB | 15.6inch QHD 165Hz | Win 11 | Đen),https://laptopworld.vn/laptop-msi-katana-15-hx-b14wfk-025vn
laptopworld,Laptop MSI Katana 15 HX B14WFK 267VN (RTX 5060 8GB I Core™ i7-14650HX | 32GB | 512GB | 15.6inch QHD 165Hz | Win 11 | Đen),https://laptopworld.vn/laptop-msi-katana-15-hx-b14wfk-267vn
laptopworld,Laptop ASUS ROG Flow Z13 GZ302EA-RU145WS (Ryzen AI MAX+ 395 | 128GB | 1TB | AMD Radeon | 13.4inch WQXGA 180Hz | Cảm ứng | Win 11 | Office | Đen),https://laptopworld.vn/laptop-asus-rog-flow-z13-gz302ea-ru145ws
laptopworld,Laptop HP OMEN MAX 16-ah0213TX C1WR2PA (Ultra 9 275HX | 64GB | 2TB | RTX 5080 16GB | 16inch WQXGA OLED 240Hz | Win 11 | Office | Đen),https://laptopworld.vn/laptop-hp-omen-max-16-ah0213tx-c1wr2pa
laptopworld,Laptop HP OMEN MAX 16-ah0212TX C1WR1PA (Ultra 9 275HX | 64GB | 2TB | RTX 5090 24GB | 16inch WQXGA OLED 240Hz | Win 11 | Office | Đen),https://laptopworld.vn/laptop-hp-omen-max-16-ah0212tx-c1wr1pa
laptopworld,Laptop Gigabyte Gaming A16 CMHI2VN893SH (Core i7-13620H | 16GB | 512GB | RTX™ 4050 | 16inch FHD+ 165Hz | Win 11 | Đen),https://laptopworld.vn/laptop-gigabyte-gaming-a16-cmhi2vn893sh
laptopworld,Laptop Lenovo Legion Pro 5 16IAX10 83F3003VVN (Ultra 9 275HX | 32GB | 1TB | RTX™ 5060 8GB | 16inch WQXGA OLED 165Hz | Win 11 | Office | Đen),https://laptopworld.vn/laptop-lenovo-legion-pro-5-16iax10-83f3003vvn
laptopworld,Laptop Lenovo Legion Pro 5 16IAX10 83F3002GVN (Ultra 9 275HX | 32GB | 1TB | RTX™ 5070 8GB | 16inch WQXGA OLED 165Hz | Win 11 | Office | Đen),https://laptopworld.vn/laptop-lenovo-legion-pro-5-16iax10-83f3002gvn
laptopworld,Laptop HP ZBook Firefly 14 inch G10 Mobile Workstation 739M5AV (Core™ i7-1365U | 16GB | 1TB | RTX A500 4GB | 14inch WUXGA | Win 11 Pro | Xám),https://laptopworld.vn/laptop-hp-zbook-firefly-14-inch-g10-mobile-workstation-739m5av
laptopworld,Laptop HP OMEN 16-wf1139TX A2NS1PA (Core™ i7-14700HX | 32GB | 1TB | RTX 4060 | 16.1inch QHD 240Hz | Win 11 | Đen),https://laptopworld.vn/laptop-hp-omen-16-wf1139tx-a2ns1pa
laptopworld,Laptop Acer Gaming Nitro Lite 16 NL16-71G-56WQ NH.D59SV.001 (Core™ i5-13420H | 16GB | 512GB | RTX 3050 | 16 inch FHD+ 165Hz | Win 11 | Trắng),https://laptopworld.vn/laptop-acer-gaming-nitro-lite-16-nl16-71g-56wq-nh-d59sv-001
laptopworld,Acer Gaming Nitro Lite 16 NL16-71G-71UJ NH.D59SV.002 (Core™ i7-13620H | 16GB | 512GB | RTX 3050 | 16 inch FHD+ 165Hz | Win 11 | Trắng),https://laptopworld.vn/laptop-acer-gaming-nitro-lite-16-nl16-71g-71uj-nh-d59sv-002
laptopworld,Laptop Lenovo Legion Pro 7 16IAX10H 83F5008WVN (Ultra 9 275HX | 32GB | 1TB | RTX™ 5080 16GB | 16inch WQXGA OLED 240Hz | Win 11 | Office | Đen),https://laptopworld.vn/laptop-lenovo-legion-pro-7-16iax10h-83f5008wvn
laptopworld,Laptop HP Zbook Firefly 14 G11 9F3E8AV (Ultra 7 155U | 16GB | 1TB | Intel Graphics | 14inch WUXGA | Win 11 Pro | Bạc),https://laptopworld.vn/laptop-hp-zbook-firefly-14-g11-9f3e8av
laptopworld,"Laptop MSI Katana 15 B13UDXK-2412VN (Core™ i5-13420H | 8GB | 1TB | RTX 3050 6GB | 15.6inch FHD, 144Hz | Win 11 | Đen)",https://laptopworld.vn/laptop-msi-katana-15-b13udxk-2412vn
laptopworld,Laptop Acer Predator Helios 18 AI PH18-73-98AQ NH.QVWSV.001 (Ultra 9 275HX | 192GB | 6TB | RTX 5090 | 18 inch 4K 120Hz | Win 11 Pro | Đen),https://laptopworld.vn/laptop-acer-predator-helios-18-ai-ph18-73-98aq-nh-qvwsv-001
laptopworld,Laptop Acer Predator Helios Neo 16S AI PHN16S-71-95MS NH.QX7SV.002 (Ultra 9 275HX | 64GB | 2TB | RTX 5070 Ti | 16 inch 2K+ OLED 240Hz | Win 11 | Đen),https://laptopworld.vn/laptop-acer-predator-helios-neo-16s-ai-phn16s-71-95ms-nh-qx7sv-002
laptopworld,Laptop MSI Raider 18 HX AI A2XWIG 033VN (Ultra 9 285HX | 64GB | 4TB | RTX 5080 | 18inch UHD+ 120Hz | Win 11 | Đen),https://laptopworld.vn/laptop-msi-raider-18-hx-ai-a2xwig-033vn
laptopworld,Laptop MSI Vector 16 HX AI A2XWHG 010VN (Ultra 7 255HX | 16GB | 512GB | RTX 5070 Ti | 16 inch QHD+ 240Hz | Win 11 | Xám),https://laptopworld.vn/laptop-msi-vector-16-hx-ai-a2xwhg-010vn
laptopworld,Laptop MSI Titan 18 HX AI A2XWJG-035VN (RTX 5090 24GB I Ultra 9 285HX | 96GB | 6TB | 18inch UHD+ 120Hz | Win 11 | Đen),https://laptopworld.vn/laptop-msi-titan-18-hx-ai-a2xwjg-035vn
laptopworld,Laptop HP Victus 16-r0298TX AE0N5PA (Core i5-13500H | 16GB | 512GB | RTX 4060 | 16.1inch FHD 144Hz | Win11 | Đen),https://laptopworld.vn/laptop-hp-victus-16-r0298tx-ae0n5pa
laptopworld,Laptop HP Omen Transcend 14-fb0135TX AY8V1PA (Ultra 7 155H | 16GB | 1TB | RTX 4060 | 14 inch 2.8K OLED | Win 11 | Trắng),https://laptopworld.vn/laptop-hp-omen-transcend-14-fb0135tx-ay8v1pa
laptopworld,Laptop Acer Nitro V ANV15-51-76B9 NH.QN8SV.008 (Core™ i7-13620H | 16GB | 512GB | RTX 4050 | 15.6 inch FHD 180Hz | Win 11 | Đen),https://laptopworld.vn/laptop-acer-nitro-v-anv15-51-76b9-nh-qn8sv-008
laptopworld,Laptop Acer Predator Triton Neo 16 PTN16-51-78JQ NH.QPNSV.004 (Ultra 7 155H | 32GB | 2TB | RTX 4060 | 16 inch 2.5K 240Hz | Win 11 | Bạc),https://laptopworld.vn/laptop-acer-predator-triton-neo-16-ptn16-51-78jq-nh-qpnsv-004
laptopworld,Laptop Acer Gaming Nitro ProPanel ANV16-41-R6ZY NH.QP2SV.002 (Ryzen 5-8645HS | 16GB | 512GB | RTX 3050 | 16 inch WUXGA 165Hz | Win 11 | Đen),https://laptopworld.vn/laptop-acer-gaming-nitro-propanel-anv16-41-r6zy-nh-qp2sv-002
laptopworld,Laptop Acer Gaming Nitro ProPanel ANV16-41-R7EN NH.QP2SV.004 (Ryzen 7-8845HS | 16GB | 512GB | RTX 3050 | 16 inch WUXGA 165Hz | Win 11 | Đen),https://laptopworld.vn/laptop-acer-gaming-nitro-propanel-anv16-41-r7en-nh-qp2sv-004
laptopworld,Laptop Acer Gaming Nitro ProPanel ANV16-41-R36Y NH.QP1SV.004 (Ryzen 7-8845HS | 16GB | 512GB | RTX 4050 | 16 inch WUXGA 165Hz | Win 11 | Đen),https://laptopworld.vn/laptop-acer-gaming-nitro-propanel-anv16-41-r36y-nh-qp1sv-004
laptop88,[New 100%] Laptop Dell 15 DC15250 5315BLK - Intel Core i5 1334U | 512GB | 15.6 Inch Full HD,https://laptop88.vn/new-100-laptop-dell-15-dc15250-5315blk-intel-core-i5-1334u-512gb-156-inch-full-hd
laptop88,[New 100%] Laptop HP Victus 15 fb3116AX BX8U4PA - AMD Ryzen 7 7445HS | RTX 3050 | 15.6 Inch Full HD 144Hz,https://laptop88.vn/new-100-laptop-hp-victus-15-fa0033dx-9t9r8ua-intel-core-i5-12450h-rtx-3050.html
laptop88,[New 100%] Laptop Lenovo IdeaPad Slim 3 16ARP10 83K80016VN - AMD Ryzen 5 7533HS | 16GB | 512GB | 16 Inch WUXGA,https://laptop88.vn/new-100-laptop-lenovo-ideapad-slim-3-16arp10-83k80016vn-amd-ryzen-5-7535hs-16gb-512gb-16-inch-wuxga
laptop88,[New 100%] Laptop HP 15-FD0133WM B4KT4UA - Intel Core i3 1315U | 8GB | 256GB | 15.6 Inch Full HD | Win 11,https://laptop88.vn/new-100-laptop-hp-15-fd0133-intel-core-i3-1315u-156-inch-full-hd
laptop88,[New 100%] Laptop Dell 15 DC15255 - AMD Ryzen 7-7730U | RAM 16GB | SSD 512GB | 15.6 Inch Full HD Touch,https://laptop88.vn/new-100-laptop-dell-15-dc15255-g8mk9-amd-ryzen-7-7730u-ram-16gb-ssd-512gb-156-inch-full-hd-touch
laptop88,[New 100%] Laptop Dell Pro PV 15250 Essential - Intel Core 3 100U | SSD 512GB | 15.6 Inch 120Hz Full HD,https://laptop88.vn/new-100-laptop-dell-pro-pv-15250-essential-intel-core-3-100u-ssd-512gb-156-inch-120hz-full-hd
laptop88,[New 100%] Laptop Lenovo LOQ 15IRX9 83DV01ALVN - Intel i7 13650HX | 16GB | 512GB | RTX 4050,https://laptop88.vn/new-100-laptop-lenovo-loq-15irx9-83dv01alvn-intel-i7-13650hx-16gb-512gb-rtx-4050
laptop88,[New 100%] Laptop Asus ExpertBook P1403CVA-C5H16-50W - Intel Core 5-210H | SSD 512GB | 14 inch Full HD,https://laptop88.vn/new-100-laptop-asus-expertbook-p1403cva-c5h16-50w-intel-core-5-210h-ssd-512gb-14-inch-full-hd
laptop88,[New 100%] Laptop Lenovo IdeaPad Slim 3 14IPH11 83UQ003NVN - Ultra 5 322 | 16GB | 512GB | 14 Inch WUXGA,https://laptop88.vn/new-100-laptop-lenovo-ideapad-slim-3-14iph11-83uq003nvn-ultra-5-322-16gb-512gb-14-inch-wuxga
laptop88,[New 100%] Laptop Asus ExpertBook P1403CVA-C5H08-50W - Intel Core 5-210H | SSD 512GB | 14 inch Full HD,https://laptop88.vn/new-100-laptop-asus-expertbook-p1403cva-c5h08-50w-core-5-210h-ram-8gb-ssd-512gb-14-inch-full-hd
laptop88,[New 100%] MSI Cyborg 15 A13VE-2410VN - Intel Core i5 13420H | RTX 4050 | 15.6 FHD IPS 144Hz,https://laptop88.vn/new-100-msi-cyborg-15-a13vek-2410vn-intel-core-i5-13420h-rtx-4050-156-fhd-ips-144hz
laptop88,[New 100%] Laptop HP Victus 15-fb3115AX BX9C9PA - AMD Ryzen 7 7445HS | RTX 4050 | 15.6 Inch Full HD 144Hz,https://laptop88.vn/new-100-laptop-hp-victus-15-fb3115ax-bx9c9pa-amd-ryzen-7-7445hs-rtx-4050-156-inch-full-hd-144hz
laptop88,[New 100%] Laptop Gaming Asus TUF F16 FX607VJB-RL151W - Intel Core 5 210H | RTX 3050 | 16 Inch 144Hz,https://laptop88.vn/new-100-laptop-gaming-asus-tuf-f16-fx607vjb-rl151w-intel-core-5-210h-rtx-3050-16-inch-144hz
laptop88,[New 100%] Laptop HP 15-fd1289TU C2CV8PA - Ultra 7 155H | 16GB | SSD 512GB | 15.6 Full HD,https://laptop88.vn/new-100-laptop-hp-15-fd1289tu-c2cv8pa-ultra-7-155h-16gb-ssd-512gb-156-full-hd
laptop88,[New 100%] Laptop Lenovo IdeaPad Slim 3 14IWC11 83RQ002PVN - Intel Core 5 320 | 8GB | 512GB | 14 Inch WUXGA | Win 11,https://laptop88.vn/new-100-laptop-lenovo-ideapad-slim-3-14iwc11-83rq002pvn-intel-core-5-320-8gb-512gb-14-inch-wuxga-win-11
laptop88,[New 100%] Laptop Acer Aspire Lite 14 AL14-45P-R7Z3 - NX.DPESV.002 - Ryzen 3 5400U | 8GB | 512GB | 14 Inch Full HD+,https://laptop88.vn/new-100-laptop-acer-aspire-lite-14-al14-45p-r7z3-nxdpesv002-ryzen-3-5400u-8gb-512gb-14-inch-full-hd
laptop88,[New 100%] Laptop Lenovo LOQ Essential 15IAX9E 83LK00CVUS - Intel i5-12450HX | RAM 16GB | SSD 512GB | RTX™ 3050 | 15.6 inch Full HD 144Hz 100% sRGB,https://laptop88.vn/new-100-laptop-lenovo-loq-essential-15iax9e-83lk00cvus-intel-i5-12450hx-ram-16gb-ssd-512gb-rtx-3050-156-inch-full-hd-144hz-100-srgb
laptop88,[New 100%] Laptop HP VICTUS 15-fa2451TX D17WPPA - i5-13420H | RTX 4050 | 15.6 Inch Full HD 144Hz,https://laptop88.vn/new-100-laptop-hp-victus-15-fa2451tx-d17wppa-i5-13420h-rtx-4050-156-inch-full-hd-144hz
laptop88,[New 100%] Laptop Lenovo LOQ Essential 15ARP10E 83S0000DVN - Ryzen 5 7535HS | RTX 3050 6GB | 15.6 inch Full HD 144Hz 100% sRGB,https://laptop88.vn/new-100-laptop-lenovo-loq-essential-15arp10e-83s0000dvn-ryzen-5-7535hs-rtx-3050-6gb-156-inch-full-hd-144hz-100-srgb
laptop88,[New 100%] Laptop Acer Gaming Aspire 7 A715-59G-59RD - Core 5 210H | 16GB | 512GB | RTX 3050 | 15.6 Inch 144Hz,https://laptop88.vn/new-100-laptop-acer-gaming-aspire-7-a715-59g-59rd-core-5-210h-16gb-512gb-rtx-3050-156-inch-144hz
laptop88,[New 100%] Macbook Neo 2026 - Chip A18 Pro - 6 core CPU | 5 core GPU | RAM 8GB | SSD 256GB |13 Inch Liquid Retina,https://laptop88.vn/new-100-macbook-neo-2026-chip-a18-pro-6-core-cpu-5-core-gpu-ram-8gb-ssd-256gb-13-inch-liquid-retina
laptop88,[New 100%] Laptop Lenovo V14 Gen 5 IRU 83HD0062VA - Intel Core i5-13420H | 16GB | 512GB 14 Inch Full HD,https://laptop88.vn/new-100-laptop-lenovo-v14-gen-5-iru-83hd0062va-intel-core-i5-13420h-16gb-512gb-14-inch-full-hd
laptop88,[New 100%] Laptop Asus ExpertBook BM1 BM1403CDA-S61611W - AMD Ryzen 5 150 | RAM 16GB | 14 Inch Full HD,https://laptop88.vn/new-100-laptop-asus-expertbook-bm1-bm1403cda-s60974w-ryzen-5-7535hs-14-inch-full-hd
laptop88,[New 100%] Laptop ASUS TUF Gaming A15 FA506NCG-HN184W - AMD R7-7445HS | 16GB DDR5 | RTX 3050 | 15.6 Full HD 144Hz,https://laptop88.vn/new-100-laptop-asus-tuf-gaming-a15-fa506ncr-hn097w-amd-r7-7435hs-16gb-ddr5-rtx-3050-156-full-hd-144hz
laptop88,[New 100%] Laptop Lenovo IdeaPad Slim 3 15IRH8 83EM00H6IN - Intel Core i7-13620H | 16GB | 15 inch Full HD,https://laptop88.vn/new-100-laptop-lenovo-ideapad-slim-3-15irh8-83em00h6in-intel-core-i7-13620h-16gb-15-inch-full-hd
laptop88,Laptop mới chính hãng,https://laptop88.vn/laptop-moi.html
laptop88,Laptop Asus,https://laptop88.vn/laptop-asus.html
laptop88,Laptop Asus Vivobook,https://laptop88.vn/laptop-asus-vivobook.html
laptop88,Laptop Asus TUF,https://laptop88.vn/laptop-asus-tuf.html
laptop88,Laptop Asus Expertbook,https://laptop88.vn/laptop-asus-expertbook.html
laptop88,Laptop Asus ROG,https://laptop88.vn/laptop-asus-rog.html
laptop88,Laptop Asus Gaming V16,https://laptop88.vn/laptop-asus-gaming-v16
laptop88,Laptop Asus Zenbook,https://laptop88.vn/laptop-asus-zenbook.html
laptop88,Laptop Asus Core i3,https://laptop88.vn/laptop-asus-core-i3.html
laptop88,Laptop Asus Core i5,https://laptop88.vn/laptop-asus-core-i5.html
laptop88,Laptop Asus Core i7,https://laptop88.vn/laptop-asus-core-i7.html
laptop88,Laptop Dell,https://laptop88.vn/laptop-dell.html
laptop88,Laptop Dell Vostro,https://laptop88.vn/laptop-dell-vostro.html
laptop88,Laptop Dell Pro,https://laptop88.vn/laptop-dell-pro
laptop88,Laptop Dell Inspiron,https://laptop88.vn/laptop-dell-inspiron.html
laptop88,Laptop Dell Core i3,https://laptop88.vn/laptop-dell-core-i3.html
laptop88,Laptop Dell Core i5,https://laptop88.vn/laptop-dell-core-i5.html
laptop88,Laptop Dell Core i7,https://laptop88.vn/laptop-dell-core-i7.html
laptop88,Laptop Dell XPS,https://laptop88.vn/laptop-dell-xps.html
laptop88,Laptop Dell Latitude,https://laptop88.vn/laptop-dell-latitude.html
laptop88,Laptop Dell AMD Ryzen 3,https://laptop88.vn/laptop-dell-amd-ryzen-3.html
laptop88,Laptop Dell AMD Ryzen 5,https://laptop88.vn/laptop-dell-amd-ryzen-5.html
laptop88,Laptop Dell Alienware,https://laptop88.vn/laptop-dell-alienware.html
laptop88,Laptop Dell Precision,https://laptop88.vn/laptop-dell-precision.html
laptop88,Laptop Lenovo,https://laptop88.vn/lenovo.html
laptop88,Laptop Lenovo Ideapad,https://laptop88.vn/laptop-lenovo-ideapad.html
laptop88,Lenovo LOQ,https://laptop88.vn/lenovo-loq.html
laptop88,Laptop Lenovo Legion,https://laptop88.vn/laptop-lenovo-legion.html
laptop88,Laptop Lenovo Yoga,https://laptop88.vn/laptop-lenovo-yoga.html
laptop88,Laptop Lenovo Thinkpad,https://laptop88.vn/laptop-lenovo-thinkpad.html
laptop88,Laptop Lenovo Thinkbook,https://laptop88.vn/lenovo-thinkbook.html
laptop88,Laptop Lenovo Core i3,https://laptop88.vn/laptop-lenovo-core-i3.html
laptop88,Laptop Lenovo Core i5,https://laptop88.vn/laptop-lenovo-core-i5.html
laptop88,Laptop Lenovo Core i7,https://laptop88.vn/laptop-lenovo-core-i7.html
laptop88,Macbook Mới 100%,https://laptop88.vn/macbook-moi-100.html
laptop88,Macbook Neo,https://laptop88.vn/macbook-neo
laptop88,Macbook Air,https://laptop88.vn/macbook-air.html
laptop88,Macbook Pro,https://laptop88.vn/macbook-pro.html
laptop88,Laptop HP,https://laptop88.vn/hp.html
laptop88,Laptop HP Victus,https://laptop88.vn/laptop-hp-victus.html
laptop88,Laptop HP Omnibook,https://laptop88.vn/laptop-hp-omnibook
laptop88,Laptop HP Core i5,https://laptop88.vn/laptop-hp-core-i5.html
laptop88,Laptop HP Pavilion,https://laptop88.vn/laptop-hp-pavilion.html
laptop88,Laptop HP Probook,https://laptop88.vn/laptop-hp-probook.html
laptop88,Laptop HP Envy,https://laptop88.vn/laptop-hp-envy.html
laptop88,Laptop HP Elitebook,https://laptop88.vn/laptop-hp-elitebook.html
laptop88,Laptop HP Core i3,https://laptop88.vn/laptop-hp-core-i3.html
laptop88,Laptop HP Core i7,https://laptop88.vn/laptop-hp-core-i7.html
laptop88,Laptop HP Spectre,https://laptop88.vn/laptop-hp-spectre.html
laptop88,Laptop HP Omen,https://laptop88.vn/hp-omen.html
laptop88,Laptop Acer,https://laptop88.vn/acer.html
laptop88,Laptop Acer Aspire,https://laptop88.vn/laptop-acer-aspire.html
laptop88,Acer Nitro Propanel,https://laptop88.vn/acer-nitro-propanel
laptop88,Laptop Acer Nitro,https://laptop88.vn/laptop-acer-nitro.html
laptop88,Laptop Acer Swift,https://laptop88.vn/laptop-acer-swift.html
laptop88,Laptop Acer Predator,https://laptop88.vn/laptop-acer-predator.html
laptop88,Laptop Acer Core i3,https://laptop88.vn/laptop-acer-core-i3.html
laptop88,Laptop Acer Core i5,https://laptop88.vn/laptop-acer-core-i5.html
laptop88,Laptop Acer Core i7,https://laptop88.vn/laptop-acer-core-i7.html
laptop88,Laptop MSI,https://laptop88.vn/laptop-msi.html
laptop88,Laptop MSI Modern,https://laptop88.vn/laptop-msi-modern.html
laptop88,Laptop MSI Katana,https://laptop88.vn/laptop-msi-katana.html
laptop88,Laptop MSI Bravo,https://laptop88.vn/laptop-msi-bravo.html
laptop88,Laptop GIGABYTE,https://laptop88.vn/laptop-gigabyte.html
laptop88,Laptop LG,https://laptop88.vn/laptop-lg.html
laptop88,LG Gram 14,https://laptop88.vn/lg-gram-14.html
laptop88,LG Gram 16,https://laptop88.vn/lg-gram-16.html
laptop88,LG Gram 17,https://laptop88.vn/lg-gram-17.html
laptop88,Microsoft Surface,https://laptop88.vn/microsoft-surface.html
laptop88,Laptop Samsung Galaxy,https://laptop88.vn/laptop-samsung-galaxy.html
laptop88,Laptop Huawei,https://laptop88.vn/laptop-huawei.html
laptop88,Laptop sinh viên - văn phòng,https://laptop88.vn/laptop-sinh-vien-van-phong.html
laptop88,Laptop Gaming,https://laptop88.vn/laptop-gaming.html
laptop88,Laptop mỏng nhẹ,https://laptop88.vn/laptop-mong-nhe-cao-cap.html
laptop88,Laptop đồ họa,https://laptop88.vn/laptop-do-hoa.html
laptop88,Laptop màn đẹp,https://laptop88.vn/laptop-man-dep
laptop88,Laptop pin trâu,https://laptop88.vn/laptop-pin-trau
laptop88,Laptop AI,https://laptop88.vn/laptop-ai
laptop88,Laptop 10 triệu,https://laptop88.vn/laptop-10-trieu.html
laptop88,Laptop 15 triệu,https://laptop88.vn/laptop-15-trieu.html
laptop88,Laptop 20 triệu,https://laptop88.vn/laptop-20-trieu.html
laptop88,Laptop 30 triệu,https://laptop88.vn/laptop-30-trieu.html
laptop88,Laptop trên 30 triệu,https://laptop88.vn/laptop-tren-30-trieu
laptop88,Laptop88.vn,https://laptop88.vn/gioi-thieu
anphatpc,Laptop ASUS ExpertBook B3 B3405CCA-LY0077W (Intel Core Ultra 5 225H | Intel Graphics | 14 inch WUXGA | 16GB | 512GB | Win 11 | Xám),https://www.anphatpc.com.vn/laptop-asus-expertbook-b3-b3405cca-ly0077w.html
anphatpc,Laptop LENOVO Legion 5 15AHP11 83Q7001HVN (AMD Ryzen 7 250 | RTX 5050 8GB GDDR7 | 15.3-inch WQXGA | 16GB | 512GB | Windows 11 Home SL | Đen),https://www.anphatpc.com.vn/laptop-lenovo-legion-5-15ahp11-83q7001hvn.html
anphatpc,Laptop LENOVO IdeaPad Slim 3 16IWC11 83RS001NVN (Intel Core 5 320 | Intel Graphics | 16-inch WUXGA | 16GB | 512GB | Windows 11 Home SL | Xám),https://www.anphatpc.com.vn/laptop-lenovo-ideapad-slim-3-16iwc11-83rs001nvn.html
anphatpc,Laptop HP Omen Max 16-ah0186TX - BX9S1PA (Intel Core Ultra 7 255HX | RTX 5080 16GB GDDR7 | 16-inch WQXGA | 32 GB | 1 TB | Win 11 Home SL | Đen),https://www.anphatpc.com.vn/laptop-hp-omen-max-16-ah0186tx-bx9s1pa.html
anphatpc,Laptop MSI Modern 14 H1M-014VN (Intel Core 7 150U | 16GB | 512GB | Intel Graphics | 14 inch FHD+ | Win 11 | Platium),https://www.anphatpc.com.vn/laptop-msi-modern-14-h1m-014vn.html
anphatpc,Laptop MSI Modern 15 F13MG 667VN (Intel Core i5-1334U | 8GB | 512GB | Intel Graphics | 15.6 inch FHD | Win 11 | Bạc),https://www.anphatpc.com.vn/laptop-msi-modern-15-f13mg-667vn.html
anphatpc,Laptop MSI Modern 15 F13MG 667VN_16G (Intel Core i5-1334U | 16GB | 512GB | Intel Graphics | 15.6 inch FHD | Win 11 | Bạc),https://www.anphatpc.com.vn/back-to-school-msi-2026.html
anphatpc,Laptop MSI Cyborg 15 C13WEO-417VN (Intel Core i7-13620H | RTX 5050 8GB | 15.6 inch FHD 144Hz | 16GB | 512GB | Win 11 | Xám),https://www.anphatpc.com.vn/laptop-msi-cyborg-15-c13weo-417vn.html
anphatpc,Laptop HP 250R G10 CC9C0PT (Intel Core 7 150U | 16GB | 512GB | Intel Graphics | 15.6 inch FHD | Win 11 | Bạc),https://www.anphatpc.com.vn/laptop-hp-250r-g10-cc9c0pt.html
anphatpc,Laptop HP EliteBook 640 G10 BH3E2PT (Intel Core i5-1335U | 8GB | 512GB | Intel Graphics | 14 inch FHD IPS | Win 11 | Bạc),https://www.anphatpc.com.vn/laptop-hp-elitebook-640-g10-bh3e2pt.html
anphatpc,Laptop HP OmniBook 7 14-fs0032TU C1NT8PA (Intel Core 9 270H | Intel Graphics | 14 inch WUXGA | 32 GB | 512 GB | Windows 11 Home SL | Office | Bạc),https://www.anphatpc.com.vn/laptop-hp-omnibook-7-14-fs0032tu-c1nt8pa.html
anphatpc,"Laptop Acer Gaming Nitro ProPanel ANV15-52-72BM NH.QZ9SV.004 (Intel Core i7-13620H | RTX 5050 | 15.6"" FHD IPS 180Hz 100% sRGB | Win 11 | Đen)",https://www.anphatpc.com.vn/laptop-acer-gaming-nitro-v-15-propanel-anv15-52-72bm.html
anphatpc,Laptop ASUS TUF Gaming A15 FA506NCG-HN329W (AMD Ryzen™ 7 8845HS | RTX 3050 4GB | 15.6 inch FHD 144Hz | 16GB | 512GB | Win 11 | Đen),https://www.anphatpc.com.vn/laptop-asus-tuf-gaming-a15-fa506ncg-hn329w.html
anphatpc,Laptop Lenovo ThinkBook 14 G9 21UY008HVA (Intel Core i5-13420H | Intel UHD | 14 inch WUXGA | 16GB | 512GB | NoOS | Xám),https://www.anphatpc.com.vn/laptop-lenovo-thinkbook-14-g9-21uy008hva.html
anphatpc,Laptop Lenovo ThinkBook 14 G9 IRL 21UY008TVN (Core i5-13420H | Intel UHD | 14-inch WUXGA | 16GB | 512GB | Windows 11 Home SL | Xám),https://www.anphatpc.com.vn/laptop-lenovo-thinkbook-14-g9-irl-21uy008tvn.html
anphatpc,Laptop ASUS ProArt P16 H7606WP-SR335W (AMD Ryzen 9 HX 370 | RTX 5070 | 16 inch OLED 3K 120Hz cảm ứng | 64GB | 2TB | Win 11 | Đen),https://www.anphatpc.com.vn/laptop-asus-proart-p16-h7606wp-sr335w.html
anphatpc,Laptop ASUS ProArt PX13 HN7306EA-LX050W (AMD Ryzen AI MAX+ 395 | AMD Radeon | 13.3 inch OLED 3K cảm ứng | 32GB | 1TB | Win 11 | Đen),https://www.anphatpc.com.vn/laptop-asus-proart-px13-hn7306ea-lx050w.html
anphatpc,Laptop HP 250R G10 C3SH7AT (Intel Core 5 120U | 16GB | 512GB | Intel Graphics | 15.6 inch FHD IPS | Win 11 | Bạc),https://www.anphatpc.com.vn/laptop-hp-250r-g10-c3sh7at.html
anphatpc,Laptop HP 14 - ep1179TU C89ZSPA (Intel Core 5 120U | 16GB | 512GB | Intel Graphics | 14 inch FHD | Win 11 | Bạc),https://www.anphatpc.com.vn/laptop-hp-14-ep1179tu-c89zspa.html
anphatpc,Laptop MSI Katana 15 B13VEK-2440VN (Intel Core i7-13620H | RTX 4050 6GB | 15.6 inch FHD 144Hz | 16GB | 1TB | Win 11 | Đen),https://www.anphatpc.com.vn/laptop-msi-katana-15-b13vek-2440vn.html
anphatpc,Laptop MSI Gaming Cyborg 15 A13VE-2410VN (Intel Core i5-13420H | RTX 4050 6GB GDDR6 | 15.6-inch FHD | 16GB | 512GB | Win 11 | Đen),https://www.anphatpc.com.vn/laptop-msi-gaming-cyborg-15-a13ve-2410vn.html
anphatpc,Laptop MSI Modern 14S AI+ G3MG-050VN (Intel Core Ultra 7 355 | 16GB | 1TB | Intel Graphics | 14 inch FHD+ | Win 11 | Bạc),https://www.anphatpc.com.vn/laptop-msi-modern-14s-ai-g3mg-050vn.html
anphatpc,Laptop Gaming - Đồ Họa,https://www.anphatpc.com.vn/laptop-gaming-do-hoa.html
anphatpc,Laptop Gaming Nitro,https://www.anphatpc.com.vn/laptop-gaming-nitro.html
anphatpc,Laptop Gaming Predator,https://www.anphatpc.com.vn/laptop-acer-predator-helios-neo.html
anphatpc,Laptop Gaming Acer Nitro Propanel,https://www.anphatpc.com.vn/laptop-gaming-nitro-propanel.html
anphatpc,Laptop Helios Neo 16,https://www.anphatpc.com.vn/laptop-acer-helios-neo-16.html
anphatpc,ASUS Vivobook Gaming,https://www.anphatpc.com.vn/asus-vivobook-gaming.html
anphatpc,Laptop Gaming Gigabyte,https://www.anphatpc.com.vn/laptop-gaming-gigabyte.html
anphatpc,Lenovo LOQ,https://www.anphatpc.com.vn/lenovo-loq.html
anphatpc,MSI Katana,https://www.anphatpc.com.vn/laptop-msi-katana.html
anphatpc,HP Victus,https://www.anphatpc.com.vn/laptop-hp-victus.html
anphatpc,Laptop Đồ Họa Acer,https://www.anphatpc.com.vn/laptop-do-hoa-acer.html
anphatpc,Laptop Đồ Họa ASUS,https://www.anphatpc.com.vn/laptop-do-hoa-asus.html
anphatpc,Laptop Đồ Họa Dell,https://www.anphatpc.com.vn/laptop-do-hoa-dell.html
anphatpc,Laptop Đồ Họa HP,https://www.anphatpc.com.vn/laptop-do-hoa-hp.html
anphatpc,Laptop Đồ Họa Lenovo,https://www.anphatpc.com.vn/laptop-do-hoa-lenovo.html
anphatpc,Laptop Đồ Họa MSI,https://www.anphatpc.com.vn/laptop-do-hoa-msi.html
anphatpc,Laptop Gaming AI,https://www.anphatpc.com.vn/ai-gaming-laptop.html
anphatpc,Laptop Theo Hãng,https://www.anphatpc.com.vn/laptop-theo-hang.html
anphatpc,ASUS Vivobook S,https://www.anphatpc.com.vn/asus-vivobook-s.html
anphatpc,HP OmniBook,https://www.anphatpc.com.vn/hp-omnibook.html
anphatpc,MSI Modern,https://www.anphatpc.com.vn/laptop-msi-modern.html
anphatpc,MSI Cyborg,https://www.anphatpc.com.vn/msi-cyborg.html
anphatpc,Laptop Doanh Nghiệp,https://www.anphatpc.com.vn/laptop-doanh-nghiep.html
anphatpc,Laptop Lenovo,https://www.anphatpc.com.vn/laptop-lenovo-cho-doanh-nghiep.html
anphatpc,Laptop ASUS,https://www.anphatpc.com.vn/laptop-asus-cho-doanh-nghiep.html
anphatpc,Laptop Dell,https://www.anphatpc.com.vn/laptop-dell-cho-doanh-nghiep.html
anphatpc,Laptop HP,https://www.anphatpc.com.vn/laptop-hp-cho-doanh-nghiep.html
anphatpc,Laptop Lập Trình,https://www.anphatpc.com.vn/laptop-cho-lap-trinh-vien.html
anphatpc,Laptop Kế Toán,https://www.anphatpc.com.vn/laptop-cho-ke-toan.html
anphatpc,Laptop Doanh Nhân,https://www.anphatpc.com.vn/laptop-doanh-nhan.html
anphatpc,Laptop Data Analytic,https://www.anphatpc.com.vn/laptop-cho-data-analystic.html
anphatpc,Laptop Học Tập,https://www.anphatpc.com.vn/laptop-hoc-tap-van-phong.html
anphatpc,Laptop Giá Rẻ,https://www.anphatpc.com.vn/laptop-pho-thong-gia-re.html
anphatpc,Laptop AI,https://www.anphatpc.com.vn/laptop-ai.html
anphatpc,Laptop ASUS AI,https://www.anphatpc.com.vn/laptop-asus-ai.html
anphatpc,Laptop Lenovo AI,https://www.anphatpc.com.vn/laptop-lenovo-ai.html
anphatpc,Laptop Acer AI,https://www.anphatpc.com.vn/laptop-acer-ai.html
anphatpc,Laptop MSI AI,https://www.anphatpc.com.vn/laptop-msi-ai.html
anphatpc,Laptop HP AI,https://www.anphatpc.com.vn/laptop-hp-ai.html
anphatpc,Laptop Dell AI,https://www.anphatpc.com.vn/laptop-dell-ai.html
anphatpc,Đế tản nhiệt Laptop,https://www.anphatpc.com.vn/de-tan-nhiet-laptop.html
anphatpc,Bàn Laptop,https://www.anphatpc.com.vn/ban-laptop.html
anphatpc,Macbook Air (M4),https://www.anphatpc.com.vn/macbook-air-m4.html
anphatpc,MacBook Air (M2),https://www.anphatpc.com.vn/macbook-air-m2.html
anphatpc,MacBook Air (M5),https://www.anphatpc.com.vn/macbook-air-m5.html
anphatpc,Macbook 14 ( M5),https://www.anphatpc.com.vn/macbook-14-m5.html
anphatpc,Macbook Neo,https://www.anphatpc.com.vn/macbook-neo.html
anphatpc,RAM cho LAPTOP,https://www.anphatpc.com.vn/ram-cho-laptop.html
anphatpc,Dell Inspiron,https://www.anphatpc.com.vn/may-tinh-dong-bo-pc-dell.html
anphatpc,"Top Laptop Nhẹ Dưới 1kg Đáng Mua Nhất 2025: Siêu Di Động, Hiệu Năng Đỉnh",https://www.anphatpc.com.vn/top-laptop-nhe-duoi-1kg-dang-mua-nhat-2025-sieu-di-dong-hieu-nang-dinh.html
anphatpc,Laptop Dell và HP cái nào bền hơn? Những điều bạn cần biết trước khi chọn mua,https://www.anphatpc.com.vn/laptop-dell-va-hp-cai-nao-ben-hon.html
anphatpc,Phải làm gì khi laptop không kết nối được wifi 5G?,https://www.anphatpc.com.vn/phai-lam-gi-khi-laptop-khong-ket-noi-duoc-wifi-5g.html
anphatpc,Top 6 laptop văn phòng tầm giá 15 triệu chạy deadline siêu mượt,https://www.anphatpc.com.vn/top-san-pham-laptop-van-phong-15-trieu-chay-deadline-sieu-muot.html
anphatpc,Phải làm gì khi nhiệt độ laptop lúc chơi game tăng cao?,https://www.anphatpc.com.vn/phai-lam-gi-khi-nhiet-do-laptop-luc-choi-game-tang-cao.html
anphatpc,Laptop HP OmniBook 5 Flip 14-fp0057TU BZ7Q6PA (Intel Core 5 120U | 16GD5 | 512GSSD | 14.0_WUXGA IPS 300n Cảm ứng | WL/BT | W11SL | Bạc),https://www.anphatpc.com.vn/laptop-hp-omnibook-5-flip-14-fp0057tu-bz7q6pa.html
anphatpc,Laptop Gigabyte Gaming A16 CMHI2MY893SH (Intel Core i7-13620H | RTX 4050 6GB | 16GB | 512GB | 16 inch WUXGA 165Hz | Win 11),https://www.anphatpc.com.vn/laptop-gigabyte-gaming-a16-cmhi2my893sh.html
anphatpc,"Laptop Dell 14 DC14250 C7U161W11SLU (Intel Core7 150U | 16GB | 1TB | Intel Graphics | 14"" (1920x1200) | Win 11 | Office | Bạc)",https://www.anphatpc.com.vn/laptop-dell-14-dc14250-c7u161w11slu.html
anphatpc,Laptop Dell 14 DC14250-71092478 (Intel Core 7 150U | Intel graphics | 14.0-inch FHD+ | 16 GB | 512 GB | McAfee LS | Windows 11 Home | Office Home 2024 | Microsoft 365 Basic | Bạc),https://www.anphatpc.com.vn/laptop-dell-14-dc14250-71092478.html
anphatpc,Laptop Dell 14 DC14255 R7165W11SLU (AMD Ryzen 7 250 | 16GB | 512GB | AMD Radeon | 14 inch FHD+ | Win 11 | Office | Bạc),https://www.anphatpc.com.vn/laptop-dell-14-dc14255-r7165w11slu.html
anphatpc,Laptop MSI Prestige 14 AI+ D3MG-022VN (Intel Core Ultra 7 355 | Intel Arc graphics | 14 inch FHD+ | 32GB | 1TB | Windows 11 Home | Xám),https://www.anphatpc.com.vn/laptop-msi-prestige-14-ai-d3mg-022vn.html
anphatpc,Laptop HP 15-fd2050wm D4JK5UA (Intel Core 5-225U | 8GB | 512GB | Intel Graphics | 15.6 inch FHD | Cảm ứng | Win 11 | Bạc),https://www.anphatpc.com.vn/laptop-hp-15-fd2050wm-d4jk5ua.html
anphatpc,Laptop ASUS TUF Gaming A16 FA608UMI-TU162W (AMD Ryzen 7 260 | 16GB | 512GB | RTX 5060 8GB | 16 inch FHD+ 144Hz | Windows 11 Home | Xám),https://www.anphatpc.com.vn/laptop-asus-tuf-gaming-a16-fa608umi-tu162w.html
anphatpc,Laptop Dell Pro 14 Essential PV14250-71084489 (Intel Core 5 120U | 16GB | 1TB | Intel Graphics | 14 inch FHD+ | Win 11 | ax+BT | McAfee LS | Bạc),https://www.anphatpc.com.vn/laptop-dell-pro-14-essential-pv14250-71084489.html
anphatpc,Laptop Dell 14 DC14250 DC4C5386W (Intel Core 5 120U | 16GB | 512GB | Intel Graphics | 14 inch FHD+ | Win 11 | Ofice | Bạc),https://www.anphatpc.com.vn/laptop-dell-14-dc14250-dc4c5386w.html
anphatpc,Laptop HP OmniBook 5 16-ag1067AU BZ7U5PA (AMD Ryzen AI 7 350 | AMD Radeon 860M | 16 inch WUXGA | 16 GB | 512 GB | Windows 11 Home | Office | Bạc),https://www.anphatpc.com.vn/laptop-hp-omnibook-5-16-ag1067au-bz7u5pa.html
anphatpc,Laptop HP OmniBook 7 14-fr0033TU C1MN2PA (Intel Core Ultra 5 225U | 14 inch 2K IPS | 16GB | 512GB | Win 11 | Office | Bạc),https://www.anphatpc.com.vn/laptop-hp-omnibook-7-14-fr0033tu-c1mn2pa.html
anphatpc,Laptop ASUS Vivobook 14 X1407AA-LY360W (Intel Core Ultra 5 325 | 16GB | 512GB | Intel Graphics | 14 inch WUXGA | Win 11 | Bạc),https://www.anphatpc.com.vn/laptop-asus-vivobook-14-x1407aa-ly360w.html
anphatpc,Laptop Asus Vivobook S16 S3607VA-RP120W (Intel Core 7 240H | 16GB | 512GB | Intel UHD | 16 inch WUXGA | Win 11 | Bạc),https://www.anphatpc.com.vn/laptop-asus-vivobook-s16-s3607va-rp120w.html
anphatpc,Laptop ASUS Vivobook S14 S3407VA-LY256W (Intel Core 7 240H | 16GB | 512GB | Intel Graphics | 14 inch WUXGA | Win 11 | Bạc),https://www.anphatpc.com.vn/laptop-asus-vivobook-s14-s3407va-ly256w.html
anphatpc,Laptop Dell 16 DC16251 DC6C7557W1 (Intel Core 7 150U | 16GB | 1TB | Nvidia GT 2GB MX570A | 16 inch FHD+ | Win 11 | Office | Bạc),https://www.anphatpc.com.vn/laptop-dell-16-dc16251-dc6c7557w1.html
anphatpc,Laptop Dell 16 DC16250 C7U161W11BLU (Intel Core 7 150U | 16GB | 1TB | Intel Graphics | 16 inch WUXGA | Cảm ứng | Win 11 | Office | Đen),https://www.anphatpc.com.vn/laptop-dell-16-dc16250-c7u161w11blu.html
anphatpc,Laptop HP OmniBook 5 16-ag1068AU BZ7T0PA (AMD Ryzen AI 5 340 | AMD Radeon 840M | 16 inch WUXGA | Touch | 16 GB | 512 GB | Windows 11 Home | Office | Bạc),https://www.anphatpc.com.vn/laptop-hp-omnibook-5-16-ag1068au-bz7t0pa.html
anphatpc,Laptop ASUS TUF Gaming A16 FA608UM-RV266W (AMD Ryzen 7 260 | 16GB | 512GB | RTX 5060 8GB | 16 inch FHD+ 165Hz | Win 11 | Xám),https://www.anphatpc.com.vn/laptop-asus-tuf-gaming-a16-fa608um-rv266w.html
anphatpc,Laptop Dell 15 DC15250 CPH992 (Intel Core i5-1334U | 16GB | 512GB | Intel Graphics | 15.6 inch FHD | Win 11 | Office | Bạc),https://www.anphatpc.com.vn/laptop-dell-15-dc15250-cph992.html
anphatpc,Laptop Dell 15 DC15250-i5U165W11SLU-5 (Intel Core i5-1334U | 16GB | 512GB | Intel Graphics | 15.6 inch FHD | Win 11 | Office | Bạc),https://www.anphatpc.com.vn/laptop-dell-15-dc15250-i5u165w11slu-5.html
anphatpc,Laptop Dell 15 DC15250-71084746 (Intel Core i5-1334U | 16GB | 512GB Intel Graphics | | 15.6 inch FHD IPS | OfficeHS24+365 | McAfee LS | Win 11 Home),https://www.anphatpc.com.vn/laptop-dell-15-dc15250-71084746.html
anphatpc,Laptop MSI Cyborg 15 Max C13WE-422VN (Intel Core i7-13620H | RTX 5050 | 15.6 inch FHD 144Hz | 16GB | 512GB | Win 11 | Xám),https://www.anphatpc.com.vn/laptop-msi-cyborg-15-max-c13we-422vn.html
anphatpc,Laptop ASUS ExpertBook P3 G1 P3406CCAP-U516W (Intel Core Ultra 5 Processor 225H | Intel Graphics | 16GB | 512GB | 14 inch WUXGA | Win 11 | Xám),https://www.anphatpc.com.vn/laptop-asus-expertbook-p3-g1-p3406ccap-u516w.html
anphatpc,Laptop MSI Modern 14 F1MG-432VN (Intel Core 5 120U | 16GB | 512GB | Intel Graphics | 14 inch FHD | Win 11 | Bạc),https://www.anphatpc.com.vn/may-tinh-xach-tay-msi-modern-14-f1mg-432vn.html
anphatpc,Laptop ASUS Zenbook A16 UX3607OA-SQ137WS (Snapdragon X2 Elite Extreme X2E94100 | Qualcomm Adreno | 16.0-inch 3K OLED | 24GB | 512GB | Windows 11 Home | Office | Be),https://www.anphatpc.com.vn/laptop-asus-zenbook-a16-ux3607oa-sq137ws.html
anphatpc,Laptop Lenovo ThinkPad L14 Gen 6 21S60025VA (Intel Core Ultra 7 255H | 16GB | 512GB | Intel Arc | 14 inch WUXGA | NoOS | Đen),https://www.anphatpc.com.vn/laptop-lenovo-thinkpad-l14-gen-6-21s60025va.html
anphatpc,Laptop HP ProBook 4 G1i- BQ5C7PT (Core Ultra 7 255U | 16GB | 512GB | Intel Graphics | 14 inch WUXGA | Win 11 | Bạc),https://www.anphatpc.com.vn/laptop-hp-probook-4-g1i-bq5c7pt.html
anphatpc,Laptop Dell 15 DC15250 71092479 (Intel Core i5-1334U | 16GB | 512GB | Intel Graphics | 15.6 inch FHD | Win 11 | Office | Bạc),https://www.anphatpc.com.vn/laptop-dell-15-dc15250-71092479.html
anphatpc,Laptop ASUS TUF Gaming A14 FA401UH-RG001W (AMD Ryzen 7 260 | RTX 5050 8GB GDDR7 | 14-inch 2.5K | 16GB | 512GB | Windows 11 Home | Xám),https://www.anphatpc.com.vn/laptop-asus-tuf-gaming-a14-fa401uh-rg001w.html
anphatpc,Laptop ASUS TUF Gaming A14 FA401UM-RG049W (AMD Ryzen 7 260 | RTX 5060 8GB GDDR7 | 14-inch 2.5K | 32GB | 512GB | Windows 11 Home | Xám),https://www.anphatpc.com.vn/laptop-asus-tuf-gaming-a14-fa401um-rg049w.html
anphatpc,Laptop HP 240R G9 AX3C6AT (Intel Core i3-1315U | Intel Graphics | 14-inch FHD | 8GB | 512 GB | Win 11 Home SL | Xám),https://www.anphatpc.com.vn/laptop-hp-240r-g9-ax3c6at.html
anphatpc,Laptop HP EliteBook 640 G10 873H3PA (Intel Core i7-1355U | 16GB | 512GB | Intel Iris Xe | 14 inch FHD Touch | Win 11 | Bạc),https://www.anphatpc.com.vn/laptop-hp-elitebook-640-g10-873h3pa.html
anphatpc,Laptop HP EliteBook 640 G10 BH3E4PT (Intel Core i7-1355U | 16GB | 512GB | Intel Iris Xe | 14 inch FHD | Win 11 | Bạc),https://www.anphatpc.com.vn/laptop-hp-elitebook-640-g10-bh3e4pt.html
anphatpc,Laptop MSI Cyborg 15 Black Edition A13VEO-2608VN (Intel Core i7-13620H | RTX 4050 6GB | 15.6 inch FHD 144Hz | 16GB | 512GB | Win 11 | Đen),https://www.anphatpc.com.vn/laptop-msi-cyborg-15-black-edition-a13veo-2608vn.html
anphatpc,Laptop ASUS Vivobook Go 14 E1404FA-EB012W (AMD Ryzen 5 40 | AMD Radeon | 14 inch FHD 60Hz | 8GB | 512GB | Win 11 | Bạc),https://www.anphatpc.com.vn/laptop-asus-vivobook-go-14-e1404fa-eb012w.html
anphatpc,Laptop Asus Vivobook Go 15 E1504FA-BQ4821W (AMD Ryzen 5 40 | 8GB | 512GB | AMD Radeon | 15.6 inch FHD | Win 11 | Bạc),https://www.anphatpc.com.vn/laptop-asus-vivobook-go-15-e1504fa-bq4821w.html
anphatpc,Laptop ASUS Gaming V16 V3607VJ-TK189W (Intel Core 5 210H | RTX 3050 6GB | 16-inch WUXGA | 16GB | 512GB | Windows 11 | Đen),https://www.anphatpc.com.vn/laptop-asus-gaming-v16-v3607vj-tk189w.html
anphatpc,Laptop ASUS TUF Gaming F16 FX608JHI-TU209W (Intel Core i7 Processor 14650HX | RTX 5050 | 16 inch FHD+ 144Hz | 16GB | 512GB | Win 11 | Xám),https://www.anphatpc.com.vn/laptop-asus-tuf-gaming-f16-fx608jhi-tu209w.html
anphatpc,Laptop ASUS TUF Gaming F16 FX608JHI-TU210W (Intel Core i5-14450HX | RTX 5050 8GB | 16 inch FHD + 144Hz | 16GB | 512GB | Win 11 | Xám),https://www.anphatpc.com.vn/laptop-asus-tuf-gaming-f16-fx608jhi-tu210w.html
anphatpc,Laptop Acer Gaming Nitro Lite 16 NL16-71G-71UJ NH.D59SV.002(Intel Core i7-13620H | RTX3050 | 16 inch FHD+ | 16GB | 512GB | Win 11 Home SL| Trắng),https://www.anphatpc.com.vn/laptop-acer-gaming-nitro-lite-16-nl16-71g-71uj.html
anphatpc,Laptop ASUS ROG Strix SCAR 18 G835LXG-TQ473W (Intel Core Ultra 9 Processor 290HX | RTX 5090 24GB | 18 inch 4K 240Hz | 64GB | 2TB | Win 11 | Đen),https://www.anphatpc.com.vn/laptop-asus-rog-strix-scar-18-g835lxg-tq473w.html
anphatpc,Laptop Lenovo ThinkPad L14 Gen 6 21S60028VA (Intel Core Ultra 7 255H | 32GB | 512GB | Intel Arc | 14 inch WUXGA | NoOS | Đen),https://www.anphatpc.com.vn/laptop-lenovo-thinkpad-l14-gen-6-21s60028va.html
anphatpc,Laptop Dell Pro 14 PC14250 (Intel Core Ultra 7 265U | 32GB | 512GB | 14 inch FHD + IPS | 3 Cell | Ubuntu),https://www.anphatpc.com.vn/laptop-dell-pro-14-pc14250-intel-core-ultra-7-265u.html
anphatpc,Laptop Dell 15 DC15250 DC5I7952W1 (Intel Core i7-1355U | 16GB | 512GB | Intel Graphics | 15.6 inch FHD IPS | Win 11 | OfficeHome24 | OS365 | Bạc),https://www.anphatpc.com.vn/laptop-dell-15-dc15250-dc5i7952w1.html
anphatpc,Laptop Dell 15 DC15250 71092480 (Intel Core i7-1355U | 16GB | 512GB | Intel Graphics | 15.6 inch FHD | Win 11 | Office | Bạc),https://www.anphatpc.com.vn/laptop-dell-15-dc15250-71092480.html
anphatpc,"Laptop Dell Pro 14 Essential PV14250-71092662 (Core 5 120U | 16GB | 1TB SSD | 14"" FHD+ | Win 11)",https://www.anphatpc.com.vn/laptop-dell-pro-14-essential-pv14250-71092662.html
anphatpc,Laptop Dell Pro 14 Essential PV14250 ( Intel Core 7 processor 150U | 16GB | 512GB | Intel Graphics | 14 inch FHD+ | Ubuntu | Bạc),https://www.anphatpc.com.vn/laptop-dell-pro-14-essential-pv14250.html
anphatpc,Laptop Asus ZenBook A14 UX3407NA-QD132WS (Snapdragon X2 Elite X2E-88-100 | 16GB | 512GB | Qualcomm Adreno | 14 inch WUXGA OLED | Win 11 | Office | Be),https://www.anphatpc.com.vn/laptop-asus-zenbook-a14-ux3407na-qd132ws.html
anphatpc,Laptop Asus ROG Zephyrus G16 GU606AX-TB042WS (Intel Core Ultra 9 386H | RTX 5090 | 16 inch 2.5K OLED 240Hz | 64GB | 2TB | Win 11 | Office | Xám),https://www.anphatpc.com.vn/laptop-asus-rog-zephyrus-g16-gu606ax-tb042ws.html
anphatpc,Laptop ASUS Zenbook 14 UX3405CA-ST628W (Intel Core Ultra 5 225H | Intel Arc Graphics | 14.0-inch 3K OLED | 16GB | 512GB | Windows | Xanh),https://www.anphatpc.com.vn/laptop-asus-zenbook-14-ux3405ca-st628w.html
anphatpc,Laptop ASUS Vivobook Go 15 E1504FA-BQ340W (Ryzen 5 40 | 16GB | 512GB | AMD Radeon | 15.6 inch FHD | Win 11 | Bạc),https://www.anphatpc.com.vn/laptop-asus-vivobook-go-15-e1504fa-bq340w.html
anphatpc,Laptop ASUS Vivobook S14 S3407VA-LY053W (Intel Core i7-13620H | 16GB | 512GB | Intel UHD | 14 inch WUXGA | Win 11 | Bạc),https://www.anphatpc.com.vn/laptop-asus-vivobook-s14-s3407va-ly053w.html
anphatpc,Laptop Asus Vivobook S14 M3407KA-SF034WS (AMD Ryzen AI 5 330 | 16GB | 512GB | AMD Radeon | 14 inch WUXGA OLED | Win 11 | Office | Bạc),https://www.anphatpc.com.vn/laptop-asus-vivobook-s14-m3407ka-sf034ws.html
anphatpc,Laptop ASUS Vivobook S14 S3407AA-SF945W (Intel Core Ultra 5 325 | 16GB | 512GB | Intel Arc | 14 WUXGA OLED | Win 11 | Xám),https://www.anphatpc.com.vn/laptop-asus-vivobook-s14-s3407aa-sf945w.html
anphatpc,Laptop ASUS Vivobook S14 M3407HA-SF480W (AMD Ryzen 5 220 | AMD Radeon Graphics | 14.0-inch WUXGA | 16GB | 512GB | Windows 11 | Xám),https://www.anphatpc.com.vn/laptop-asus-vivobook-s14-m3407ha-sf480w.html
anphatpc,Laptop ASUS Vivobook S14 M3407GA-SF030W (AMD RYZEN AI 7 445 | AMD Radeon | 14 inch WUXGA OLED | 16GB | 512GB | Win 11 | Xám),https://www.anphatpc.com.vn/laptop-asus-vivobook-s14-m3407ga-sf030w.html
anphatpc,Laptop ASUS Vivobook S16 M3607GA-SH034W (AMD RYZEN AI 7 445 | AMD Radeon | 16 inch WUXGA OLED | 16GB | 512GB | Win 11 | Xám),https://www.anphatpc.com.vn/mua-laptop-asus-rinh-ngay-chuot-asus-md100-chi-290k.html
anphatpc,Laptop ASUS TUF Gaming A16 FA607NUQ-RL007W (AMD Ryzen 7 170 | RTX 4050 6GB GDDR6 | 16 inch FHD+ | 16GB | 512GB | Windows 11 | Xám),https://www.anphatpc.com.vn/laptop-asus-tuf-gaming-a16-fa607nuq-rl007w.html
anphatpc,Laptop ASUS Vivobook X1404MA-EB028W (Intel Core 5 320 | Intel Graphics | 14 inch FHD IPS | 16GB | 512GB | Win 11 | Bạc),https://www.anphatpc.com.vn/laptop-asus-vivobook-x1404ma-eb028w.html
anphatpc,Laptop Asus Vivobook S16 S3607AA-SH042W (Intel Core Ultra 5 325 | 16GB | 512GB | Intel Graphics | 16 inch WUXGA OLED | Win 11 | Xám),https://www.anphatpc.com.vn/laptop-asus-vivobook-s16-s3607aa-sh042w.html
anphatpc,Laptop ASUS ROG Strix G16 G614PH-TS118W (AMD Ryzen 9 8940HX | RTX 5050 | 16 inch WQXGA 300Hz | 16GB | 512GB | Win 11 | Xám),https://www.anphatpc.com.vn/laptop-asus-rog-strix-g16-g614ph-ts118w.html
anphatpc,Laptop ASUS ROG Strix G16 G614PR-TS103W (AMD Ryzen 9 8940HX | RTX 5070 Ti | 16 inch WQXGA 300Hz | 16GB | 512GB | Win 11 | Xám),https://www.anphatpc.com.vn/laptop-asus-rog-strix-g16-g614pr-ts103w.html
anphatpc,Laptop ASUS Zenbook 14 UX3405CA-ST1531W (Intel Core Ultra 9 285H | Intel Arc | 14 inch 3K OLED | 16GB | 512GB | Win 11 | Xanh),https://www.anphatpc.com.vn/laptop-asus-zenbook-14-ux3405ca-st1531w.html
anphatpc,Laptop ASUS Zenbook 14 UX3405CA-ST1713W (Intel Core Ultra 5 225H | Intel Arc | 14 inch 3K OLED | 16GB | 512GB | Win 11 | Xanh),https://www.anphatpc.com.vn/laptop-asus-zenbook-14-ux3405ca-st1713w.html
anphatpc,Laptop ASUS Zenbook 14 UX3405CA-ST630W (Intel Core Ultra 7 255H | Intel Arc | 14 inch 3K OLED | 16GB | 512GB | Win 11 | Xanh),https://www.anphatpc.com.vn/laptop-asus-zenbook-14-ux3405ca-st630w.html
anphatpc,Laptop ASUS Vivobook 16 X1607CA-MB399W (Intel Core Ultra 7 Processor 255H | Intel Graphics | 16 inch WUXGA IPS 60Hz | 16GB | 512GB | Win 11 | Bạc),https://www.anphatpc.com.vn/laptop-asus-vivobook-16-x1607ca-mb399w.html
anphatpc,Laptop ASUS Zenbook S 16 UM5606GA-SS441W (AMD Ryzen AI 9 465 | 16GB | 512GB | AMD Radeon | 16 inch 3K OLED | Win 11 | Trắng),https://www.anphatpc.com.vn/laptop-asus-zenbook-s-16-um5606ga-ss441w.html
anphatpc,Laptop ASUS Vivobook S14 S3407AA-SF032W (Core Ultra 7 355 | 16GB | 512GB | Intel Graphics | 14 WUXGA OLED | Win 11 | Xám),https://www.anphatpc.com.vn/laptop-asus-vivobook-s14-s3407aa-sf032w.html
anphatpc,Laptop ASUS Vivobook X1404MA-EB029W (Intel Core 7 350 | Intel Graphics | 14 inch FHD | 16GB | 512GB WIn 11 | Bạc),https://www.anphatpc.com.vn/laptop-asus-vivobook-x1404ma-eb029w.html
anphatpc,Laptop ASUS Vivobook 14 X1407CA-LY203W (Intel Core Ultra 5 Processor 225H | Intel Graphics | 14 inch WUXGA | 16GB | 512GB | Win 11 | Bạc),https://www.anphatpc.com.vn/laptop-asus-vivobook-14-x1407ca-ly203w.html
anphatpc,Laptop ASUS Zenbook S 14 UX5406AA-SU348W (Intel Core Ultra 9 386H | Intel Graphics | 14.0-inch 3K OLED Cảm ứng | 16GB | 512GB | Windows 11 | Trắng),https://www.anphatpc.com.vn/laptop-asus-zenbook-s-14-ux5406aa-su348w.html
anphatpc,Laptop ASUS ExpertBook P1403CVA-C5H16-50W (Intel Core 5 Processor 210H | Intel Graphics | 14 inch FHD | 16GB | 512GB | Win 11 | Xám),https://www.anphatpc.com.vn/laptop-asus-expertbook-p1403cva-c5h16-50w.html
anphatpc,Laptop Lenovo Yoga Slim 7 14IPH11 83QM0075VN ( Intel Core Ultra 7 355 | 16GB | 512GB | Intel Graphics | 14 inch WUXGA OLED | Win 11 | Office | Xám),https://www.anphatpc.com.vn/laptop-lenovo-yoga-slim-7-14iph11-83qm0075vn.html
anphatpc,Laptop Asus ZenBook Duo UX8407AA-SN439WS (Intel Core Ultra X7 Processor 358H | 32GB | 512GB | Intel Arc | 14 inch 3K OLED | Cảm ứng | Win 11 | Office | Xám),https://www.anphatpc.com.vn/laptop-asus-zenbook-duo-ux8407aa-sn439ws.html
anphatpc,Laptop ASUS Vivobook Go 14 E1404FA-EB935W (AMD Mendocino R5 | AMD Radeon Graphics | 14.0-inch FHD | 16GB | 512GB | Windows 11 | Bạc),https://www.anphatpc.com.vn/laptop-asus-vivobook-go-14-e1404fa-eb935w.html
anphatpc,Laptop ASUS ExpertBook P1503CVA-C5H16-50W (Intel Core 5 Processor 210H | Intel Graphics | 15.6 inch FHD | 16GB | 512GB | Win 11 | Xám),https://www.anphatpc.com.vn/laptop-asus-expertbook-p1503cva-c5h16-50w.html
anphatpc,Laptop Asus ROG Zephyrus G14 GU405AR-SY016W (Core Ultra 9 386H | RTX 5070 Ti | 14-inch OLED 3K | 32GB | 1TB | Windows 11 | Xám),https://www.anphatpc.com.vn/laptop-asus-rog-zephyrus-g14-gu405ar-sy016w.html
anphatpc,Laptop Asus ROG Zephyrus G16 GU606AM-TB032W (Intel Core Ultra 9 386H | RTX 5060 | 16 inch 2.5K OLED 240Hz | 32GB | 1TB | Win 11 | Xám),https://www.anphatpc.com.vn/laptop-asus-rog-zephyrus-g16-gu606am-tb032w.html
anphatpc,Laptop Asus ROG Zephyrus G14 GA403GM-SY164W (AMD Ryzen AI 9 465 | RTX 5060 | 14-inch 3K | 16GB | 512GB | Windows 11 | Xám),https://www.anphatpc.com.vn/laptop-asus-rog-zephyrus-g14-ga403gm-sy164w.html
anphatpc,Laptop Asus Vivobook 14 M1407GA-LY270W (AMD Ryzen AI 7 445 | AMD Radeon Graphics | 14.0-inch WUXGA | 16GB | 512GB | Windows 11 | Bạc),https://www.anphatpc.com.vn/laptop-asus-vivobook-14-m1407ga-ly270w.html
anphatpc,Laptop Asus ROG Zephyrus G16 GU606AR-TB027W (Intel Core Ultra 9 386H | RTX 5070 Ti | 16 inch 2.5K OLED 240Hz | 32GB | 1TB | Win 11 | Xám),https://www.anphatpc.com.vn/laptop-asus-rog-zephyrus-g16-gu606ar-tb027w.html
anphatpc,Laptop ASUS Zenbook 14 UM3406GA-QD075W (AMD Ryzen AI 7 445 | AMD Radeon | 14 inch WUXGA OLED | 16GB | 512GB | Win 11 | Đen),https://www.anphatpc.com.vn/laptop-asus-zenbook-14-um3406ga-qd075w.html
anphatpc,"Laptop Dell Pro 14 Essential PV14250- PV14250-150U-161TBW (Core 7 150U | 16GB | 1TB SSD | 14"" (1920x1200) | 4 Cells | Win 11 | 2Y Warranty Prosupport)",https://www.anphatpc.com.vn/laptop-dell-pro-14-essential-pv14250-pv14250-150u-161tbw.html
anphatpc,Laptop Lenovo Legion 5 15IRX10 83LY00HQVN (Intel Core i7-13650HX | RTX 5060 8GB | 15.3 inch WUXGA IPS | 16GB | 512GB | Win 11 | Office | Đen),https://www.anphatpc.com.vn/laptop-lenovo-legion-gaming-5-15irx10-83ly00hqvn.html
anphatpc,Laptop HP OmniBook X Flip 14-fk0082AU BZ7N8PA (AMD Ryzen™ AI 7 350 | AMD Radeon | 14 inch 2K Cảm ứng | 32GB | 1TB | Win 11 | Office | Bạc),https://www.anphatpc.com.vn/laptop-hp-omnibook-x-flip-14-fk0082au-bz7n8pa.html
anphatpc,Laptop HP EliteBook 645 G11 A8WT0PT (Ryzen 7-7735U | 16GB | 512GB | Radeon Graphics | 14 inch WUXGA IPS | Win 11 | Bạc),https://www.anphatpc.com.vn/laptop-hp-elitebook-645-g11-a8wt0pt.html
anphatpc,Laptop ASUS Vivobook 14 Flip TP3407AA-SG029W (Intel Core Ultra 7 355 | Intel Graphics | 14-inch WUXGA | 16GB | 512GB | Windows 11 Home | Xám),https://www.anphatpc.com.vn/laptop-asus-vivobook-14-flip-tp3407aa-sg029w.html
anphatpc,Laptop ASUS Vivobook S14 S3407VA-LY147W (Intel Core 5 210H | 16GB | 512GB | Intel Graphics | 14 inch WUXGA | Win 11 | Bạc),https://www.anphatpc.com.vn/laptop-asus-vivobook-s14-s3407va-ly147w.html
anphatpc,Laptop ASUS ROG Zephyrus G16 GU606AW-TB052WS (Intel Core Ultra 9 386H | RTX 5080 16GB GDDR7 | 16-inch WQXGA | 64GB | 1TB | Windows 11 Home | Office | Xám),https://www.anphatpc.com.vn/laptop-asus-rog-zephyrus-g16-gu606aw-tb052ws.html
anphatpc,Laptop HP EliteBook x360 830 G11 A7RA8PT (Core Ultra 7 155U | 16GB | 512GB | Intel® Graphics | 13.3inch WUXGA | Cảm ứng | Win 11 | Bạc),https://www.anphatpc.com.vn/laptop-hp-elitebook-x360-830-g11-a7ra8pt.html
anphatpc,Laptop HP Elitebook 8 G1i Next Gen AI 47 TOPS D85ZNAT (Intel Core Ultra 7-258V | Intel Arc Graphics | 14 inch WUXGA | 32 GB | 512 GB | Windows 11 Home 64 | Bạc),https://www.anphatpc.com.vn/laptop-hp-elitebook-8-g1i-next-gen-ai-47-tops-d85znat.html
anphatpc,Laptop HP Elitebook 640 G11 A7LA3PT (Intel Core Ultra 7 165U | 16GB | 512GB | 14 inch WUXGA | Cảm ứng | Win 11 | Bạc),https://www.anphatpc.com.vn/laptop-hp-elitebook-640-g11-a7la3pt.html
anphatpc,Laptop HP ProBook 4 G1i-BQ5H9PT (Core Ultra 7 255H | 16GB | 512GB | Intel Graphics | 14 inch WUXGA | Cảm ứng | Win 11 | Bạc),https://www.anphatpc.com.vn/laptop-hp-probook-4-g1i-bq5h9pt.html
anphatpc,Laptop HP Elitebook 640 G11 A7LB4PT (Intel Core Ultra 7 165U | 16GB | 512GB | 14 inch WUXGA | Win 11 | Bạc),https://www.anphatpc.com.vn/laptop-hp-elitebook-640-g11-a7lb4pt.html
anphatpc,Laptop HP OmniBook 7 Aero 13-bg1083AU BZ7R9PA (AMD Ryzen AI 7 350 | AMD Radeon 860M | 13.3 inch WUXGA IPS | 32GB | 512GB | Win 11 | OfficeHS24 + M365 | Bạc),https://www.anphatpc.com.vn/laptop-hp-omnibook-7-aero-13-bg1083au-bz7r9pa.html
anphatpc,Laptop HP EliteBook 6 G1i 13 BQ9M4PT (Intel Core Ultra 5 235U | 16GB | 512GB | Intel Graphics | 13.3 inch WUXGA IPS | Win 11 Pro | Bạc),https://www.anphatpc.com.vn/laptop-hp-elitebook-6-g1i-13-bq9m4pt.html
anphatpc,Laptop HP ProBook 4 G1i -BQ5B4PT (Core Ultra 5 225H | 16GB | 512GB | Intel Graphics | 14 inch WUXGA | Cảm ứng | Win 11 | Bạc),https://www.anphatpc.com.vn/laptop-hp-probook-4-g1i-bq5b4pt.html
anphatpc,Laptop HP14-ep1200TU D0BG9PA (Intel Core Ultra 7 155H | 24GB | 512GB | Intel Arc | 14 inch FHD | Win 11 | Bạc),https://www.anphatpc.com.vn/laptop-hp14-ep1200tu-d0bg9pa.html
anphatpc,Laptop HP VICTUS 15-fb3116AX BX8U4PA (AMD Ryzen 7 7445H | RTX 3050 | 15.6 inch FHD 144Hz | 16GB | 512GB | Win 11 | Đen),https://www.anphatpc.com.vn/laptop-hp-victus-15-fb3116ax-bx8u4pa.html
anphatpc,Laptop HP OmniBook 7 14-fs0043TU C1MN3PA (Intel Core 5 210H | 14 inch 2K | 16GB | 512GB | Win 11 | Office | Bạc),https://www.anphatpc.com.vn/laptop-hp-omnibook-7-14-fs0043tu-c1mn3pa.html
anphatpc,Laptop HP 15-fd1289TU C2CV8PA (Intel Core Ultra 7 155H | 16GB | 512GB | Intel Arc | 15.6 inch FHD IPS | Win 11 | Bạc),https://www.anphatpc.com.vn/laptop-hp-15-fd1289tu-c2cv8pa.html
anphatpc,Laptop HP 15-fd0823TU C81NMPA (Intel Core i7-1355U | 16GB | 512GB | Intel Iris Xe | 15.6 inch FHD | Win 11 | Bạc),https://www.anphatpc.com.vn/laptop-hp-15-fd0823tu-c81nmpa.html
anphatpc,Laptop HP 14-ep1012TU D72CPPA (Intel Core 5 120U | 16GB | 512GB | Intel Graphics | 14 inch FHD | Win 11 | Bạc),https://www.anphatpc.com.vn/laptop-hp-14-ep1012tu.html
anphatpc,Laptop Dell Inspiron 14 5441 5MNK1 (Snapdragon X Plus X1P-64-100 | 16GB | 512GB | Qualcom Adreno | 14 inch FHD+ | Win 11 | Office 24 | Xám),https://www.anphatpc.com.vn/laptop-dell-inspiron-14-5441-5mnk1.html
anphatpc,"Laptop Dell Pro 14 Essential PV14250-71092353 (Core 7 150U | 16GB | 512GB SSD | 14"" FHD+ | Ubuntu)",https://www.anphatpc.com.vn/laptop-dell-pro-14-essential-pv14250-71092353.html
anphatpc,"Laptop Dell Pro 14 Essential PV14250-71092352 (Core 5 120U | 16GB | 1TB SSD | 14"" FHD+ | Ubuntu)",https://www.anphatpc.com.vn/laptop-dell-pro-14-essential-pv14250-71092352.html
anphatpc,Laptop Lenovo ThinkPad X1 Carbon Gen 13 21NS010BVN (Intel Core Ultra 7 258V | Intel Arc | 14 inch 2.8K OLED | 32GB | 512GB | Win 11 Pro | Đen),https://www.anphatpc.com.vn/laptop-lenovo-thinkpad-x1-carbon-gen-13-21ns010bvn.html
anphatpc,Laptop Lenovo Legion Pro 7 16IAX10H 83F5008WVN (Intel Core Ultra 9 275HX | RTX 5080 16GB | 16 inch WQXGA OLED 240Hz | 32GB | 1 TB | Win 11 | Đen),https://www.anphatpc.com.vn/laptop-lenovo-legion-pro-7-16iax10h-83f5008wvn.html
anphatpc,Laptop Dell Pro 14 Essential PV14250-71084490 (Intel Core 7 150U | 16GB | 512GB | Intel Graphics | 14 inch FHD+ | Win 11 | Bạc),https://www.anphatpc.com.vn/laptop-dell-pro-14-essential-pv14250-71084490.html
anphatpc,Laptop HP 250 G10 A06FFPT (Intel Core i7-1355U | 16GB | 512GB | 15.6 inch FHD | Intel Graphics | Win 11 | Bạc),https://www.anphatpc.com.vn/laptop-hp-250-g10-a06ffpt.html
anphatpc,Laptop Dell Pro 14 Essential PV14250-PV14250-150U-161TBU (Intel Core 7 processor 150U | 16GB | 1TB | 14 inch | Ubuntu),https://www.anphatpc.com.vn/laptop-dell-pro-14-essential-pv14250-pv14250-150u-161tbu.html
anphatpc,Laptop HP 240 G10 9H2E5PT (Intel Core i7-1355U | 8GB | 512GB | Intel Iris Xe | 14 inch FHD | Win 11 | Bạc),https://www.anphatpc.com.vn/laptop-hp-240-g10-9h2e5pt.html
anphatpc,Laptop HP OmniBook 7 14-fr0024TU C1MN0PA (Intel Core Ultra 7 255H | Intel Arc 140T GPU | 14 inch 2K IPS | 32GB | 512GB | Win 11 | Office),https://www.anphatpc.com.vn/laptop-hp-omnibook-7-14-fr0024tu-c1mn0pa.html
anphatpc,Laptop MSI Cyborg 15 A13UC-2088VN (Intel Core i5-13420H | RTX 3050 4GB GDDR6 | 15.6 inch FHD | 16GB | 512GB | Windows 11 Home | Đen),https://www.anphatpc.com.vn/laptop-msi-cyborg-15-a13uc-2088vn.html
anphatpc,"Laptop Dell Pro 14 Essential PV14250-71092663 (Core 7 150U | 16GB | 512GB SSD | 14"" FHD+ | Win 11)",https://www.anphatpc.com.vn/laptop-dell-pro-14-essential-pv14250-71092663.html
anphatpc,Laptop LENOVO Yoga Pro 7 15IPH11 83SN000BVN (Intel Core Ultra 7 356H | RTX 5050 8GB GDDR7 | 15.3-inch 2.5K WQXGA | 32GB | 1TB | Windows 11 Home SL | Office | Xám),https://www.anphatpc.com.vn/laptop-lenovo-yoga-pro-7-15iph11-83sn000bvn.html
anphatpc,Laptop Lenovo IdeaPad Slim 3 16IPH11 83US0040VN (Intel Core Ultra 5 322 | 16GB | 512GB | Intel Graphics | 16 inch WUXGA IPS | Win 11 | Xám),https://www.anphatpc.com.vn/laptop-lenovo-ideapad-slim-3-16iph11-83us0040vn.html
anphatpc,Laptop MSI Modern 15 F1MG-1225VN (Intel Core 5 120U | Intel graphics | 15.6-inch FHD | 16GB | 512GB | Windows 11 | Xám),https://www.anphatpc.com.vn/laptop-msi-modern-15-f1mg-1225vn.html
anphatpc,Laptop Gigabyte GAMING A16 3THK3VN893SH GA63H (AMD Ryzen 7 260 | RTX 5050 | 16 inch IPS WUXGA 165Hz | 16GB | 512GB | Win 11 | Đen),https://www.anphatpc.com.vn/laptop-gigabyte-gaming-a16-3thk3vn893sh-ga63h.html
anphatpc,Laptop Lenovo LOQ 15AHP11 83TN0040VN (AMD Ryzen 7 250 | RTX 5050 8GB GDDR7 | 15.3 inch WUXGA | 16GB | 512GB | Windows 11 Home Single Language | Xám),https://www.anphatpc.com.vn/laptop-lenovo-loq-15ahp11-83tn0040vn.html
anphatpc,Laptop LENOVO Legion 5 15AHP11 83Q7001JVN (AMD Ryzen 7 250 | RTX 5060 8GB GDDR7 | 15.3-inch WQXGA | 16GB | 512GB | Windows 11 Home SL | Đen),https://www.anphatpc.com.vn/laptop-lenovo-legion-5-15ahp11-83q7001jvn.html
anphatpc,Laptop Lenovo Legion 5 15IPH11 83RW0023VN (Intel Core™ Ultra 7 356H | RTX 5060 8GB | 15.3 inch WQXGA OLED 165Hz | 16GB | 512GB | Win 11 | Office | Đen),https://www.anphatpc.com.vn/laptop-lenovo-legion-5-15iph11-83rw0023vn.html
anphatpc,Laptop Lenovo IdeaPad Slim 5 14IPH11 83S5000DVN (Intel Core Ultra 5 322 | 16GB | 512GB | Intel Graphics | 14 inch WUXGA OLED | Win 11 | Xám),https://www.anphatpc.com.vn/laptop-lenovo-ideapad-slim-5-14iph11-83s5000dvn.html
anphatpc,Laptop Lenovo IdeaPad Slim 3 16IPH11 83US003YVN (Intel Core Ultra 7 355 | 16GB | 512GB | Intel Graphics | 16 inch WUXGA | Win 11 | Xám),https://www.anphatpc.com.vn/laptop-lenovo-ideapad-slim-3-16iph11-83us003yvn.html
anphatpc,Laptop Lenovo IdeaPad Slim 3 14IWC11 83RQ002PVN (Intel Core 5 320 | Intel Graphics | 14 inch WUXGA IPS | 8GB | 512GB | Win 11 | Xám),https://www.anphatpc.com.vn/laptop-lenovo-ideapad-slim-3-14iwc11-83rq002pvn.html
anphatpc,Laptop Lenovo IdeaPad Slim 3 14IWC11 83RQ002NVN (Intel Core 5 320 | Intel Graphics | 14 inch WUXGA IPS | 16GB | 512GB | Win 11 | Xám),https://www.anphatpc.com.vn/laptop-lenovo-ideapad-slim-3-14iwc11-83rq002nvn.html
anphatpc,Laptop Lenovo IdeaPad Slim 3 14IPH11 83UQ003NVN (Intel Core Ultra 5 322 | Integrated Intel® Graphics | 14 inch WUXGA IPS | 16GB | 512GB | Win 11 | Xám),https://www.anphatpc.com.vn/laptop-lenovo-ideapad-slim-3-14iph11-83uq003nvn.html
anphatpc,Laptop Lenovo IdeaPad Slim 3 14IPH11 83UQ003PVN (Intel Core Ultra 7 355 | Intel Graphics | 14 inch WUXGA IPS | 16GB | 512GB | Win 11 | Xám),https://www.anphatpc.com.vn/laptop-lenovo-ideapad-slim-3-14iph11-83uq003pvn.html
anphatpc,Laptop Dell 15 DC15250 CPH991 (Core i7-1355U | 16GD5 | 1TSSD | 15.6FHD 120Hz | 4C54 | W11SL+OFFICE 2024),https://www.anphatpc.com.vn/laptop-dell-15-dc15250-cph991.html
anphatpc,"Laptop Dell 15 DC15250 DC15250-i7U161W11SLU-5 (Intel Core i7-1355U | 16GB | 1TB SSD | 15.6"" FHD, UMA | Win11 | Office Home 24 | Bạc)",https://www.anphatpc.com.vn/laptop-dell-15-dc15250-dc15250-i7u161w11slu-5.html
anphatpc,Laptop Lenovo Legion Pro 5 16IAX10 83F3003VVN (Intel Core Ultra 9 275HX | RTX 5060 8GB | 16 inch WQXGA OLED | 32GB | 1TB | Win 11 | Office | Đen),https://www.anphatpc.com.vn/laptop-lenovo-legion-pro-5-16iax10-83f3003vvn.html
anphatpc,Laptop Dell 15 DC15255 X9YM41 (AMD Ryzen 7 7730U | 16GB | 1TB | AMD Radeon | 15.6 inch FHD 120Hz | Win 11 | OfficeH24+365B | Bạc),https://www.anphatpc.com.vn/laptop-dell-15-dc15255-x9ym41.html
anphatpc,Laptop ASUS ExpertBook P1503CVA-C3U08-50W (Intel Core 3 Processor 100U | Intel UHD | 15.6 inch FHD | 8GB | 512GB | Win 11 | Xám),https://www.anphatpc.com.vn/laptop-asus-expertbook-p1503cva-c3u08-50w.html
anphatpc,Laptop ASUS ROG Strix G16 G614PW-TS051W (AMD Ryzen 9 8940HX | RTX 5080 | 16 inch WQXGA 300Hz | 16GB | 1TB | Win 11 | Xám),https://www.anphatpc.com.vn/laptop-asus-rog-strix-g16-g614pw-ts051w.html
anphatpc,Laptop Lenovo ThinkPad E16 Gen 3 22AY003TVA (Intel Core Ultra 7 258V | Intel Arc | 16 inch WUXGA IPS | 32GB | 1TB | NoOS | Đen),https://www.anphatpc.com.vn/laptop-lenovo-thinkpad-e16-gen-3-22ay003tva.html
anphatpc,Laptop Lenovo ThinkPad E16 Gen 3 21SR002MVA (Intel Core Ultra 7 255H | Intel Arc 140T | 16 inch WUXGA IPS | 16GB | 1TB | NoOS | Đen),https://www.anphatpc.com.vn/laptop-lenovo-thinkpad-e16-gen-3-21sr002mva.html
anphatpc,Laptop Lenovo ThinkPad E16 Gen 3 21SR002LVA (Intel Core Ultra 7 255H | Intel Arc | 16 inch WUXGA | 16GB | 512GB | NoOS | Đen),https://www.anphatpc.com.vn/laptop-lenovo-thinkpad-e16-gen-3-21sr002lva.html
anphatpc,Laptop ASUS TUF Gaming A16 FA608UHI-TU121W (AMD Ryzen 7 260 | 16GB | 512GB | RTX 5050 | 16 inch FHD + 144Hz | Win 11 | Xám),https://www.anphatpc.com.vn/laptop-asus-tuf-gaming-a16-fa608uhi-tu121w.html
anphatpc,Laptop ASUS Vivobook S14 M3407HA-SF490W (R7-260 | 16GD5 | 512GSSD_PCIe | 14.0 WUXGA_60Hz | W11SL |XÁM),https://www.anphatpc.com.vn/laptop-asus-vivobook-s14-m3407ha-sf490w.html
anphatpc,Laptop ASUS Vivobook 16 X1607CA-MB387W (Intel Core Ultra 5 225H | Intel Graphics | 16 inch WUXGA IPS | 16GB | 512GB | Win 11 | Bạc),https://www.anphatpc.com.vn/laptop-asus-vivobook-16-x1607ca-mb387w.html
anphatpc,Laptop ASUS Vivobook S14 S3407CA-SF923W (Intel Core Ultra 7 Processor 255H | 16GB | 512GB | 14 inch WUXGA OLED | Win 11 | Xám),https://www.anphatpc.com.vn/laptop-asus-vivobook-s14-s3407ca-sf923w.html
anphatpc,Laptop ASUS Vivobook S14 S3407CA-LY096WS (Intel Core Ultra 7 Processor 255H | 16GB | 512GB | Intel UHD | 14 inch WUXGA IPS | Win 11 | Office | Xám),https://www.anphatpc.com.vn/laptop-asus-vivobook-s-14-s3407ca-ly096ws.html
anphatpc,Laptop ASUS Vivobook S16 M3607HA-SH186W (AMD Ryzen 7 260 Processor 3.8GHz | AMD Radeon™ Graphics | 16 inch FHD 60Hz | 16GB | 512GB | Win 11 | Xám),https://www.anphatpc.com.vn/laptop-asus-vivobook-s16-m3607ha-sh186w.html
anphatpc,Laptop Asus Vivobook S16 S3607VA-RP056W (Intel Core i7-13620H | Intel UHD | 16 inch WUXGA | 16GB | 512GB | Win 11 | Bạc),https://www.anphatpc.com.vn/laptop-asus-vivobook-s16-s3607va-rp056w.html
anphatpc,Laptop ASUS Vivobook X1404VA-EB509W (Core i3-1315U | Intel UHD Graphics | 14 inch FHD | 8GB | 512GB | Win 11 | Bạc),https://www.anphatpc.com.vn/laptop-asus-vivobook-x1404va-eb509w.html
anphatpc,Laptop Lenovo ThinkPad E16 Gen 3 21SR002TVN (Core Ultra 7 255H | 32GB | 1TB | Intel Arc 140T | 16 inch WUXGA IPS 60Hz | Win 11 | Đen),https://www.anphatpc.com.vn/laptop-lenovo-thinkpad-e16-gen-3-21sr002tvn.html
anphatpc,Laptop Lenovo ThinkPad E14 Gen 7 21SX002PVA (Core Ultra 5 225H | 16GB | 1TB | 14 inch WUXGA | Intel Graphics | NoOS | Đen),https://www.anphatpc.com.vn/laptop-lenovo-thinkpad-e14-gen-7-21sx002pva.html
anphatpc,Laptop Lenovo ThinkPad E16 Gen 3 21SR002SVN (Core Ultra 7 255H | 32GB | 512GB | Intel Arc 140T | 16 inch WUXGA IPS 60Hz | Win 11 | Đen),https://www.anphatpc.com.vn/laptop-lenovo-thinkpad-e16-gen-3-21sr002svn.html
anphatpc,Laptop Lenovo ThinkPad E16 Gen 3 21SR002UVN (Core Ultra 7 255H | 16GB | 512GB | Intel Graphics | 16 inch WUXGA IPS 60Hz | Win 11 | Đen),https://www.anphatpc.com.vn/laptop-lenovo-thinkpad-e16-gen-3-21sr002uvn.html
anphatpc,Laptop ASUS ROG Strix G16 G614PM-TS147W (AMD Ryzen 9 8940HX | RTX 5060 8GB | 16 inch WQXGA 300Hz | 16GB | 512GB | Win 11 | Xám),https://www.anphatpc.com.vn/laptop-asus-rog-strix-g16-g614pm-ts147w.html
anphatpc,Laptop ASUS ROG Strix G16 G614PP-TS112W (AMD Ryzen 9 8940HX | RTX 5070 | 16 inch WQXGA 300Hz | 16GB | 512GB | Win 11 | Xám),https://www.anphatpc.com.vn/laptop-asus-rog-strix-g16-g614pp-ts112w.html
anphatpc,Laptop ASUS ExpertBook B1 BM1403CDA-S61611W (AMD Ryzen 5 150 | 16GB | 512GB | AMD Radeon | 14 inch FHD | Win 11 | Xám),https://www.anphatpc.com.vn/laptop-asus-expertbook-b1-bm1403cda-s61611w.html
anphatpc,Laptop HP VICTUS 15-fa2731TX B85LNPA (Intel Core i5-13420H | RTX 3050 | 15.6 inch FHD 144Hz | 16GB | 512GB | Win 11 | Đen),https://www.anphatpc.com.vn/laptop-hp-victus-15-fa2731tx-b85lnpa.html
anphatpc,Laptop ASUS ExpertBook P1403CVA-C5H16-63WS (Intel Core 5 Processor 210H | Intel Graphics | 14 inch FHD | 16GB | 512GB | Win 11 | Office | Xám),https://www.anphatpc.com.vn/laptop-asus-expertbook-p1403cva-c5h16-63ws.html
anphatpc,Laptop Lenovo V14 G5 IRL 83HD0062VA (Intel Core i5-13420H | 16GB | 512GB | Intel UHD | 14 inch FHD IPS | NoOS | Xám),https://www.anphatpc.com.vn/laptop-lenovo-v14-g5-irl-83hd0062va.html
anphatpc,Laptop Lenovo V14 G5 IRL 83HD003DVA (Intel Core 7 240H | Intel Graphics | 14-inch FHD | 16GB | 512GB | NoOS | Xám),https://www.anphatpc.com.vn/laptop-lenovo-v14-g5-irl-83hd003dva.html
anphatpc,Laptop ASUS TUF Gaming A14 FA401EA-RG041W (AMD Ryzen AI MAX+ 392 | AMD Radeon | 14 inch WQXGA 165Hz | 32GB | 512GB | Win 11 | Xám),https://www.anphatpc.com.vn/laptop-asus-tuf-gaming-a14-fa401ea-rg041w.html
anphatpc,Laptop ASUS ROG Zephyrus G16 GU606AW-TB121W (Intel Core Ultra 9 386H | RTX 5080 16GB GDDR7 | 16-inch WQXGA | 32GB | 1TB | Windows 11 Home | Xám),https://www.anphatpc.com.vn/laptop-asus-rog-zephyrus-g16-gu606aw-tb121w.html
anphatpc,Laptop Acer Gaming Aspire 7 A715-59G-59RD NH.DXUSV.001 (Intel Core 5 210H | RTX 3050 4GB GDDR6 | 15.6 inch FHD | 16GB | 512GB | Windows 11 Home SL | Đen),https://www.anphatpc.com.vn/nam-hoc-moi-toi-san-deal-sam-laptop-tai-an-phat-nhan-voucher-giam-toi-1tr.html
anphatpc,Laptop Acer Nitro ANV15-41-R732 NH.QPESV.005 (AMD Ryzen 5 6600H | RTX 4050 6GB | 15.6 inch FHD | 16GB | 512GB | Windows 11 Home SL | Đen),https://www.anphatpc.com.vn/acer-back-to-school-2026-hoc-het-suc-choi-het-minh.html
anphatpc,Laptop Dell XPS 13 9350 71100521 (Intel Core Ultra 5 226V | 16GB | 1TB | Intel Arc | 13.4 inch QHD 2.5K 120Hz | Win 11 | Office | Đen),https://www.anphatpc.com.vn/laptop-dell-xps-13-9350-71100521.html
anphatpc,Laptop Lenovo Yoga Slim 7 14IPH11 83QM002EVN (Intel Core Ultra 7 355 | Intel Graphics | 14 inch WUXGA OLED | 32GB | 1TB | Win 11 | Office | Trắng kem),https://www.anphatpc.com.vn/laptop-lenovo-yoga-slim-7-14iph11-83qm002evn.html
anphatpc,Laptop Lenovo ThinkPad E14 Gen 7 21T90025VN (Intel Core 7 240H | Intel Graphics | 14 inch WUXGA 60Hz | 16GB | 512GB | Win 11 | Đen),https://www.anphatpc.com.vn/laptop-lenovo-thinkpad-e14-gen-7-21t90025vn.html
anphatpc,Laptop ASUS ExpertBook P3 G1 P3606CCAP-U716W (Intel Core Ultra 7 255H | Intel Graphics | 16 inch WUXGA 60Hz | 16GB | 512GB | Win 11 | Xám),https://www.anphatpc.com.vn/laptop-asus-expertbook-p3-g1-p3606ccap-u716w.html
anphatpc,Laptop ASUS ExpertBook P3 G1 P3606CCAP-U516W (Intel Core Ultra 5 Processor 225H | Intel Graphics | 16 inch WUXGA 60Hz | 16GB | 512GB | Win 11 | Xám),https://www.anphatpc.com.vn/laptop-asus-expertbook-p3-g1-p3606ccap-u516w.html
anphatpc,Laptop Lenovo ThinkPad T14s Gen 6 21N1001XVN (Snapdragon® X Elite X1E-78-100 | Qualcomm® Adreno | 14 inch WUXGA IPS | 32GB | 1TB | Win 11 Pro | Đen),https://www.anphatpc.com.vn/laptop-lenovo-thinkpad-t14s-gen-6-21n1001xvn.html
anphatpc,Laptop Lenovo Thinkpad E14 G7 21SX00BJVA (Intel Core Ultra 5 135H | Intel Arc | 14 inch WUXGA IPS | 16GB | 512GB | NoOS | Đen),https://www.anphatpc.com.vn/laptop-lenovo-thinkpad-e14-g7-21sx00bjva.html
anphatpc,Laptop Dell 16 DC16250-71092481 (Intel Core 5 120U | Intel graphics | 16-inch FHD+ | 16GB | 1TB | McAfee LS | Windows 11 Home | Office Home 2024 | Microsoft 365 Basic | Đen),https://www.anphatpc.com.vn/laptop-dell-16-dc16250-71092481.html
anphatpc,Laptop Lenovo ThinkPad E16 Gen 3 21SR002JVA (Intel Core Ultra 5 225U | 16GB | 512GB | Intel Graphics | 16 inch WUXGA IPS 60Hz | NoOS | Đen),https://www.anphatpc.com.vn/laptop-lenovo-thinkpad-e16-gen-3-21sr002jva.html
anphatpc,Laptop Lenovo ThinkPad E14 Gen 7 21T90021VA (Intel Core 7 240H | 14 inch WUXGA IPS | 16GB | 512GB | NoOS | Đen),https://www.anphatpc.com.vn/laptop-lenovo-thinkpad-e14-gen-7-21t90021va.html
anphatpc,Laptop Asus ZenBook A14 UX3407QA-QD299WS (Snapdragon X X1 26 100 | 16GB | 512GB | 14 inch WUXGA OLED | Win 11 | Office),https://www.anphatpc.com.vn/laptop-asus-zenbook-a14-ux3407qa-qd299ws.html
anphatpc,Laptop ASUS Expertbook Ultra B9406CAA-X7642TW (Intel Core Ultra X7 Processor 358H | Intel Arc Graphics | 14.0-inch WQXGA+ | Touch | 64GB | 2TB | Windows 11 Home | Xám),https://www.anphatpc.com.vn/laptop-asus-expertbook-b9406caa-x7642tw.html
anphatpc,Laptop Gigabyte GAMING A16 CVHI3VNC94SH (Intel Core i7-13620H | RTX 5060 8GB | 16 inch QHD+ 165Hz | 16GB | 1TB | Win 11SL | Đen),https://www.anphatpc.com.vn/laptop-gigabyte-gaming-a16-cvhi3vnc94sh.html
anphatpc,Laptop ASUS TUF Gaming A14 FA401EA-RG034W ( AMD Ryzen AI MAX+ 392 | AMD Radeon | 14 inch 2.5K 165Hz | 64GB | 1TB | Win 11 | Xám),https://www.anphatpc.com.vn/laptop-asus-tuf-gaming-a14-fa401ea-rg034w.html
anphatpc,Laptop Lenovo ThinkBook 16 G9 IRL 21US008FVN (Intel Core i5-13420H | Intel UHD Graphics | 16-inch WUXGA | 16GB | 512GB | Windows 11 Home SL | Xám),https://www.anphatpc.com.vn/laptop-lenovo-thinkbook-16-g9-irl-21us008fvn.html
anphatpc,Laptop Lenovo IdeaPad Slim 3 14IPH11 83UQ000JVN (Intel Core Ultra 5 322 | Intel Graphics | 14 inch WUXGA IPS | 16GB | 512GB | Win 11 | Xám),https://www.anphatpc.com.vn/laptop-lenovo-ideapad-slim-3-14iph11-83uq000jvn.html
anphatpc,Laptop ASUS ExpertBook B3 B3405CCA-LY0080W (Intel Core Ultra 7 255H | Intel Graphics | 14 inch WUXGA | 16GB | 512GB | Win 11 | Xám),https://www.anphatpc.com.vn/laptop-asus-expertbook-b3-b3405cca-ly0080w.html
anphatpc,Laptop ASUS Vivobook X1404VA-EB355W (Intel Core 7 Processor 150U | Intel Graphics | 14 inch FHD | 16GB | 512GB | Win 11 | Bạc),https://www.anphatpc.com.vn/laptop-asus-vivobook-x1404va-eb355w.html
anphatpc,Laptop ASUS ExpertBook P1403CVA-C5H08-50W (Intel Core 5 Processor 210H | Intel Graphics | 14 inch FHD | 8GB | 512GB | Win 11 | Xám),https://www.anphatpc.com.vn/laptop-asus-expertbook-p1403cva-c5h08-50w.html
anphatpc,Laptop Gaming AI Asus ROG Zephyrus G14 GU405AW-SY029W (Core Ultra 9 386H | RTX 5080 16GB GDDR7 | 14-inch 3K | 32GB | 1TB | Windows 11 | Xám),https://www.anphatpc.com.vn/laptop-asus-rog-zephyrus-g14-gu405aw-sy029w.html
anphatpc,Laptop ASUS ExpertBook P1503CVA-C5H16-63WS (Intel Core 5 Processor 210H | Intel Graphics | 15.6 inch FHD | 16GB | 512GB | Win 11 | Office | Xám),https://www.anphatpc.com.vn/laptop-asus-expertbook-p1503cva-c5h16-63ws.html
anphatpc,Laptop Asus ROG Zephyrus DUO 16 GX651AX-SR050WS (Core Ultra 9 386H | RTX 5090 | 16-inch 3K cảm ứng | 64GB | 2TB | Windows 11 | Xám),https://www.anphatpc.com.vn/laptop-asus-rog-zephyrus-duo-16-gx651ax-sr050ws.html
anphatpc,Laptop Dell XPS 9350 XPS9350-U5IA165W11GR-FP (Intel Core Ultra 5 226V | 16GB | 512GB | Intel Arc | 13.4 inch QHD + (cảm ứng) | Win 11 | Office | Đen),https://www.anphatpc.com.vn/laptop-dell-xps-9350-xps9350-u5ia165w11gr-fp.html
anphatpc,Laptop Lenovo ThinkBook 14 G9 IRL 21UY008YVN (Intel Core 5-210H | Intel Graphics | 14-inch WUXGA | 16GB | 1TB | Windows 11 Home SL | Xám),https://www.anphatpc.com.vn/laptop-lenovo-thinkbook-14-g9-irl-21uy008yvn.html
anphatpc,Laptop Lenovo ThinkBook 14 G9 IRL 21UY008LVA (Intel Core 5-210H | Intel Graphics | 14-inch WUXGA | 16GB | 512GB | NoOS | Xám),https://www.anphatpc.com.vn/laptop-lenovo-thinkbook-14-g9-irl-21uy008lva.html
anphatpc,Laptop Lenovo ThinkBook 14 G9 IRL 21UY008MVA (Intel Core 5 210H | Intel Graphics | 14-inch WUXGA | 16GB | 1TB | NoOS | Xám),https://www.anphatpc.com.vn/laptop-lenovo-thinkbook-14-g9-irl-21uy008mva.html
anphatpc,Laptop Lenovo ThinkBook 16 G9 21US008XVA (Intel Core 5 210H | Intel Graphics | 16-inch WUXGA | 16GB | 512GB | NoOS | Xám),https://www.anphatpc.com.vn/laptop-lenovo-thinkbook-16-g9-21us008xva.html
anphatpc,Laptop Lenovo IdeaPad Slim 3 14IPH11 83UQ002GVN (Intel Core Ultra 7 355 | Integrated Intel Graphics | 14 inch WUXGA | 16GB | 512GB | Windows 11 Home | Xám),https://www.anphatpc.com.vn/laptop-lenovo-ideapad-slim-3-14iph11-83uq002gvn.html
anphatpc,Laptop Acer Aspire Go 14 AG14-72P-563L NX.JSBSV.002 (Intel Core 5 processor 120U | 16GB | 512GB | Intel UHD | 14 inch FHD+ | Win 11 | Bạc),https://www.anphatpc.com.vn/an-phat-say-hi-neu.html
anphatpc,Laptop LENOVO ThinkPad X9-14 Gen 1 21QA006JVN (Intel Core Ultra 7 258V | 32GB | 512GB | Intel Arc | 14 inch WUXGA OLED | Win 11 Pro | Xám),https://www.anphatpc.com.vn/laptop-lenovo-thinkpad-x9-14-gen-1-21qa006jvn.html
anphatpc,Laptop Lenovo Ideapad Slim 5 - 14AGP11 83S1006RVN (AMD Ryzen™ AI 7 445 | AMD Radeon | 14 inch WUXGA OLED | 16GB | 512GB | Win 11 | Xám),https://www.anphatpc.com.vn/laptop-lenovo-ideapad-slim-5-14agp11-83s1006rvn.html
anphatpc,Laptop Lenovo Yoga Slim 7 14AGP11 83QS001DVN (AMD Ryzen AI 7 445 | AMD Radeon 840M Graphics | 14 inch WUXGA | 16GB | 512GB | Windows 11 Home | Xanh),https://www.anphatpc.com.vn/laptop-lenovo-yoga-slim-7-14agp11-83qs001dvn.html
anphatpc,Laptop Asus ZenBook A14 UX3407NA-QD254W (Snapdragon X2 Elite X2E-88-100 | 32GB | 1TB | Qualcomm Adreno | 14 inch WUXGA OLED | Win 11 | Xám),https://www.anphatpc.com.vn/laptop-asus-zenbook-a14-ux3407na-qd254w.html
anphatpc,Laptop HP AI 14-hc0028TU D72BJPA (Intel Core Ultra 5 225U | 16GB | 512GB | Intel® Graphics | 14 inch FHD | Win 11 | Bạc),https://www.anphatpc.com.vn/laptop-hp-ai-14-hc0028tu-d72bjpa.html
anphatpc,Laptop Lenovo IdeaPad Slim 5 OLED 15ARP10 83J3001DVN (AMD Ryzen 7 7735HS | 16GB | 512GB | AMD Radeon | 15.1 WQXGA OLED | Win 11 | Xám),https://www.anphatpc.com.vn/laptop-lenovo-ideapad-slim-5-oled-15arp10-83j3001dvn.html
anphatpc,Laptop Gigabyte AERO X16 1VH93VNC94DH (AMD Ryzen AI 7 350 | RTX 5060 8GB GDDR7 | 16 inch WQXGA | 16GB | 1TB | Windows 11 Home SL | Trắng),https://www.anphatpc.com.vn/laptop-gigabyte-aero-x16-1vh93vnc94dh.html
anphatpc,Laptop Lenovo ThinkPad E16 Gen 3 21SR00A6VA (Intel Core Ultra 5 135H | Intel Graphics | 16 inch WUXGA IPS 60Hz | 16GB | 512GB | NoOS | Đen),https://www.anphatpc.com.vn/laptop-lenovo-thinkpad-e16-gen-3-21sr00a6va.html
anphatpc,Laptop ASUS ExpertBook P1503CVA-C5H08-50W (Intel Core 5 Processor 210H | Intel Graphics | 15.6 inch FHD | 8GB | 512GB | Win 11 | Xám),https://www.anphatpc.com.vn/laptop-asus-expertbook-p1503cva-c5h08-50w.html
anphatpc,Laptop Dell 14 DC14255 DC4AI5278W1 (AMD Ryzen AI 5 330 | 14 inch FHD+ | 16GB | 512GB SSD | Win 11 | OfficeHome24 | OS365),https://www.anphatpc.com.vn/laptop-dell-14-dc14255-dc4ai5278w1.html
anphatpc,Laptop LENOVO Legion Pro 7 FIFA World Cup 26 Edition 16IAX10H 83F500JGVN (Intel Core Ultra 9 275HX | RTX 5070 Ti | 16 inch WQXGA 240Hz | 32GB | 1TB | Win 11 | Đen),https://www.anphatpc.com.vn/laptop-lenovo-legion-pro-7-16iax10h-83f500jgvn.html
anphatpc,Laptop LENOVO ThinkPad X9-14 Gen 1 21QA006GVN (Intel Core Ultra 5 228V | 32GB | 1TB | Intel Arc | 14 inch WUXGA OLED | Win 11 Pro | Xám),https://www.anphatpc.com.vn/laptop-lenovo-thinkpad-x9-14-gen-1-21qa006gvn.html
anphatpc,Laptop Lenovo V15 G5 IRL 83HF00BSVA (Intel Core i5-13420H | 16GB | 512GB | Intel UHD | NoOS | Xám),https://www.anphatpc.com.vn/laptop-lenovo-v15-g5-irl-83hf00bsva.html
anphatpc,Laptop HP EliteBook 6 G1i 13 BQ9M7PT (Intel Core Ultra 7 265U | 16GB | 512GB | 13.3 inch WUXGA | Win 11 Pro | Bạc),https://www.anphatpc.com.vn/laptop-hp-elitebook-6-g1i-13-bq9m7pt.html
anphatpc,Laptop Lenovo ThinkPad P16s Gen 4 21QV0056VA (Intel Core Ultra 5 225H | RTX PRO 500 Blackwell Generation 6GB | 16 inch WUXGA IPS | 32GB | 512GB | NoOS | Đen),https://www.anphatpc.com.vn/laptop-lenovo-thinkpad-p16s-gen-4-21qv0056va.html
anphatpc,Laptop Lenovo ThinkPad P16s Gen 4 21QV005DVA (Intel Core Ultra 7 255H | RTX PRO 500 Blackwell Generation 6GB | 16 inch WUXGA | 32GB | 1TB | NoOS | Đen),https://www.anphatpc.com.vn/laptop-lenovo-thinkpad-p16s-gen-4-21qv005dva.html
anphatpc,Laptop Lenovo ThinkPad P16s Gen 4 21QV005CVA (Intel Core Ultra 7 255H | RTX PRO 500 6GB | 16 inch WUXGA IPS | 32GB | 512GB | NoOS | Đen),https://www.anphatpc.com.vn/laptop-lenovo-thinkpad-p16s-gen-4-21qv005cva.html
anphatpc,Laptop ASUS Vivobook X1404VA-EB609W (Intel Core 3 Processor 100U | 14 inch FHD 60Hz | 8GB | 512GB | Win 11 | Bạc),https://www.anphatpc.com.vn/laptop-asus-vivobook-x1404va-eb609w.html
anphatpc,Laptop HP EliteBook 6 G1i BQ9N4PT (Intel Core Ultra 7 255H | 16GB | 512GB | Intel Graphics | 14 inch WUXGA IPS | Win 11 | Bạc),https://www.anphatpc.com.vn/laptop-hp-elitebook-6-g1i-bq9n4pt.html
anphatpc,Laptop ASUS ExpertBook P1 PM3606CHA-MB0082W (Ryzen 7 8840HS | Radeon 780M | 16 inch WUXGA | 16GB | 512GB | Win 11 | Xám),https://www.anphatpc.com.vn/laptop-asus-expertbook-p1-pm3606cha-mb0082w.html
anphatpc,Laptop ASUS Gaming V16 V3607VJ-RP071W ( Intel Core 5 210H | RTX 3050 6GB | 16 inch WUXGA | 16GB | 512GB | Win 11 | Đen),https://www.anphatpc.com.vn/laptop-asus-gaming-v16-v3607vj-rp071w.html
anphatpc,Laptop ASUS Zenbook 14 UM3406GA-QD073WS (AMD Ryzen AI 7 445 | AMD Radeon | 14 inch WUXGA OLED | 32GB | 1TB | Win 11 | Office | Đen),https://www.anphatpc.com.vn/laptop-asus-zenbook-14-um3406ga-qd073ws.html
anphatpc,Laptop Asus Vivobook S16 S3607CA-SH083WS (Intel Core Ultra 7 255H | 16GB | 512GB | Intel Arc Graphics | 16 inch FHD OLED | Win 11 | Office | Xám),https://www.anphatpc.com.vn/laptop-asus-vivobook-s16-s3607ca-sh083ws.html
anphatpc,Laptop MSI Prestige 14 Flip AI+ Vincent Van Gogh Edition The Starry Night 259VN (Intel Core Ultra X9 processor 378H | Intel Arc | 14 inch FHD+ OLED | Cảm ứng | 32GB | 1TB | Win 11),https://www.anphatpc.com.vn/laptop-msi-prestige-14-flip-ai-vincent-van-gogh-edition-the-starry-night-259vn.html
anphatpc,Laptop MSI Prestige 14 Flip AI+ Vincent van Gogh Edition Starry Night Over the Rhône 260VN (Intel Core Ultra X9 processor 378H | Intel Arc | 14 inch FHD+ OLED | Cảm ứng | 32GB | 1TB | Win 11),https://www.anphatpc.com.vn/laptop-msi-prestige-14-flip-ai-vincent-van-gogh-edition-starry-night-over-the-rhone-260vn.html
anphatpc,Laptop HP OmniBook X Flip 14-fm0088TU BZ7Q2PA (Intel Core Ultra 5 226V | 16GB | 512GB | Intel Arc | 14 inch 2K | Cám ứng | Win 11 | Office | Xanh),https://www.anphatpc.com.vn/laptop-hp-omnibook-x-flip-14-fm0088tu-bz7q2pa.html
anphatpc,"Laptop ASUS TUF Gaming A15 FA506NCG-HN390W (AMD Ryzen 7 155 | RTX 3050 4GB GDDR6 | 15,6-inch FHD | 16GB | 512GB | Windows 11 Home | Đen)",https://www.anphatpc.com.vn/laptop-asus-tuf-gaming-a15-fa506ncg-hn390w.html
anphatpc,Laptop HP OmniBook 7 AI 16-az0038TU C2CX1PA (Intel Core 5 210H | 24GB | 512GB | Intel Graphics | 16 inch WUXGA IPS | Win 11 | Office | Bạc),https://www.anphatpc.com.vn/laptop-hp-omnibook-7-ai-16-az0038tu-c2cx1pa.html
anphatpc,Laptop Lenovo Yoga Slim 7 14IPH11 83QM002FVN (Intel Core Ultra 7 355 | Intel Graphics | 14 inch WUXGA OLED | 32GB | 1TB | Xám | Win 11 | Office),https://www.anphatpc.com.vn/laptop-lenovo-yoga-slim-7-14iph11-83qm002fvn.html
anphatpc,Laptop Gigabyte Gaming A16 CMHH2VN893SH (Intel Core i5-13420H | RTX 4050 6GB | 16GB | 512GB | 16 inch WUXGA 165Hz | Win 11 Home SL),https://www.anphatpc.com.vn/laptop-gigabyte-gaming-a16-cmhh2vn893sh.html
anphatpc,Laptop Gaming OMEN 14-fb0135TX AY8V1PA (Intel Core Ultra 7 155H | RTX 4060 8GB | 14 inch 2.8K OLED 120Hz | 16GB | 1TB | Win 11 ),https://www.anphatpc.com.vn/laptop-gaming-omen-14-fb0135tx-ay8v1pa.html
anphatpc,Laptop Dell 15 DC15250 DC5I5897W1 (Intel Core i5-1334U | 16GB | 512GB | Intel Graphics | 15 inch FHD | Win 11 | Office | Bạc),https://www.anphatpc.com.vn/laptop-dell-15-dc15250-dc5i5897w1.html
anphatpc,Laptop HP Probook 4 G2i DK2X1AT (Intel Core Ultra 7 355 | Intel Graphics | 14-inch WUXGA | 16GB | 512GB | Windows 11 Home | Bạc),https://www.anphatpc.com.vn/laptop-hp-probook-4-g2i-dk2x1at.html
anphatpc,Laptop HP Probook 4 G2i DK2W4AT (Intel Core Ultra 5 325 | Intel Graphics | 14-inch WUXGA | 16 GB | 512 GB | Windows 11 Home | Bạc),https://www.anphatpc.com.vn/laptop-hp-probook-4-g2i-dk2w4at.html
anphatpc,Laptop ASUS ROG Zephyrus G16 GU605CP-QR141W (Intel Core Ultra 7 255H | RTX 5070 8GB GDDR7 | 16-inch 2.5K | 32GB | 512GB | Windows 11 Home | Túi | Xám),https://www.anphatpc.com.vn/laptop-asus-rog-zephyrus-g16-gu605cp-qr141w.html
anphatpc,Laptop HP EliteBook X Flip G1i B9FF4PT (Intel Core Ultra 7 258V | 32GB | 1TB | Intel Arc Graphics | 14 inch 2.5K | Cảm ứng | Win 11 Pro | Bạc),https://www.anphatpc.com.vn/laptop-hp-elitebook-x-flip-g1i-b9ff4pt.html
anphatpc,Laptop HP EliteBook X Flip G2i DJ9J5PT (Intel Core Ultra 7 366H | 32GB | 1TB | Intel Graphics | 14 inch 2.8K OLED | Cảm ứng | Win 11 Pro | Bạc),https://www.anphatpc.com.vn/laptop-hp-elitebook-x-flip-g2i-dj9j5pt.html
anphatpc,Laptop HP EliteBook X Flip G2i DJ9J4PT (Intel Core Ultra 7 366H | 32GB | 1TB | Intel Graphics | 14 inch 2.8K OLED | Cảm ứng | Win 11 Pro | Xanh),https://www.anphatpc.com.vn/laptop-hp-elitebook-x-flip-g2i-dj9j4pt.html
anphatpc,Laptop MSI Crosshair 16 HX E14WFK-074VN (Intel Core i7 14650HX | RTX 5060 8GB GDDR7 | 16-inch QHD+ | 16GB | 1TB | Windows 11 | Đen),https://www.anphatpc.com.vn/laptop-msi-crosshair-16-hx-e14wfk-074vn.html
anphatpc,Laptop MSI Cyborg 15 Max C13WF-421VN (Intel Core i7-13620H | RTX 5060 8GB GDDR7 | 15.6-inch FHD | 16GB | 512GB | Windows 11 | Xám),https://www.anphatpc.com.vn/laptop-msi-cyborg-15-max-c13wf-421vn.html
anphatpc,Laptop MSI Titan 18 HX A2WJ-1200VN (Intel Core Ultra 9 290HX Plus | RTX 5090 GDDR7 24GB | 18inch UHD+ | 96GB | 2TB | Windows 11 Home SEA | Đen),https://www.anphatpc.com.vn/laptop-msi-titan-18-hx-a2wj-1200vn.html
anphatpc,Laptop MSI Vector 16 HX AI A2XWJG-470VN (Intel Core Ultra 9 275HX | RTX 5090 GDDR7 24GB | 16 inch QHD+ | 32GB | 1TB | Windows 11 Home SEA | Xám),https://www.anphatpc.com.vn/laptop-msi-vector-16-hx-ai-a2xwjg-470vn.html
anphatpc,Laptop HP OmniBook 5 16-ag1069AU BZ7T1PA (AMD Ryzen AI 5 340 | AMD Radeon 840M | 16 inch WUXGA | 16 GB | 512 GB | Windows 11 Home | Office | Bạc),https://www.anphatpc.com.vn/laptop-hp-omnibook-5-16-ag1069au-bz7t1pa.html
anphatpc,Laptop GIGABYTE AORUS MASTER 16 BYH-C5VNE64SH (Intel Core Ultra 9 Processor 275HX | RTX 5080 16GB | 16 inch WQXGA 240Hz |32GB | 1TB | Win 11),https://www.anphatpc.com.vn/laptop-gigabyte-aorus-master-16-byh-c5vne64sh.html
anphatpc,Laptop HP ProBook 4 G1i -BQ5B2PT (Core Ultra 5 225U | 8GB | 512GB | Intel Graphics | 14 inch WUXGA | Win 11 | Bạc),https://www.anphatpc.com.vn/laptop-hp-probook-4-g1i-bq5b2pt.html
anphatpc,Laptop HP EliteBook 640 G10 BH3E3PT (Intel Core i5-1335U | 16GB | 512GB | Intel Iris Xe | 14 inch FHD | Win 11 | Bạc),https://www.anphatpc.com.vn/laptop-hp-elitebook-640-g10-bh3e3pt.html
anphatpc,Laptop Lenovo ThinkPad T14s Gen 6 21N1001UVN (Snapdragon X Elite X1E-78-100 | Integrated Qualcomm Adreno | 14 inch WUXGA IPS | 32GB | 1TB | Win 11 Pro | Đen),https://www.anphatpc.com.vn/laptop-lenovo-thinkpad-t14s-gen-6-21n1001uvn.html
anphatpc,Laptop HP OmniBook X Flip 14-fm0076TU BZ7P6PA (Intel Core Ultra 7 258V | Intel Arc 140V | 14 inch WUXGA Touchscreen (cảm ứng) | 32GB | 512GB | Windows 11 Home SL | Office | Pen | Xanh),https://www.anphatpc.com.vn/laptop-hp-omnibook-x-flip-14-fm0076tu-bz7p6pa.html
anphatpc,Laptop ASUS TUF Gaming F16 FX607VJR-TU320W (Intel Core 5 Processor 205H | RTX 3050 | 16 inch FHD+ 144Hz | 16GB | 512GB | Win 11 | Xám),https://www.anphatpc.com.vn/laptop-asus-tuf-gaming-f16-fx607vjr-tu320w.html
anphatpc,Laptop HP OmniBook X Flip 14-fk0092AU BZ7P5PA (AMD Ryzen AI 5 340 | AMD Radeon 840M | 14 inch WUXGA | Cảm ứng | Pen | 16 GB | 512 GB | Windows 11 Home | Office | Bạc),https://www.anphatpc.com.vn/laptop-hp-omnibook-x-flip-14-fk0092au-bz7p5pa.html
anphatpc,Laptop ASUS TUF Gaming F16 FX607VJR-TU328W (Intel Core 7 Processor 230H | RTX 3050 | 16 inch FHD+ 144Hz | 16GB | 512GB | Win 11 | Xám),https://www.anphatpc.com.vn/laptop-asus-tuf-gaming-f16-fx607vjr-tu328w.html
anphatpc,Laptop HP 250R G9 B93H2AT (Intel Core i5-1334U | 8GB | 512GB | Intel Graphics | 15.6 inch FHD | Win 11 | Bạc tro sẫm),https://www.anphatpc.com.vn/laptop-hp-250r-g9-b93h2at.html
anphatpc,Laptop ASUS TUF Gaming 16 FX610JM-TU004W (Intel Core i7 Processor 14650HX | RTX 5060 | 16 inch FHD+ IPS 144Hz | 16GB | 512GB | Win 11 | Đen),https://www.anphatpc.com.vn/laptop-asus-tuf-gaming-16-fx610jm-tu004w.html
anphatpc,Laptop ASUS TUF Gaming 16 FX610JH-TU009W (Intel Core i7 Processor 14650HX | RTX 5050 | 16 inch FHD+ IPS 144Hz | 16GB | 512GB | Win 11 ),https://www.anphatpc.com.vn/laptop-asus-tuf-gaming-16-fx610jh-tu009w.html
anphatpc,Laptop ASUS ExpertBook P3405CVA-NZ0077W (Intel Core i7-13620H | 16GB | 512GB | 14 inch WQXGA | Intel UHD | Windows 11 | Xám),https://www.anphatpc.com.vn/laptop-asus-expertbook-p3405cva-nz0077w.html
anphatpc,Laptop Asus Vivobook 14 M1405NAQ-LY010W (AMD Ryzen 5 150 | 16GB | 512GB | AMD Radeon | 14 inch WUXGA | Win 11 | Bạc),https://www.anphatpc.com.vn/laptop-asus-vivobook-14-m1405naq-ly010w.html
anphatpc,Laptop ASUS Expertbook Ultra B9406CAA-X7321TW (Intel Core Ultra X7 358H | Intel Arc Graphics | 14.0-inch WQXGA+ | Touch | 32GB | 1TB | Windows 11 Home | Xám),https://www.anphatpc.com.vn/laptop-asus-expertbook-b9406caa-x7321tw.html
anphatpc,Laptop ASUS Gaming V16 V3607VU-RP343W (Intel Core 5 210H | RTX 4050 6GB | 16 inch WUXGA 144Hz | 16GB | 512GB | Win 11 | Đen),https://www.anphatpc.com.vn/laptop-asus-gaming-v16-v3607vu-rp343w.html
anphatpc,Laptop ASUS Vivobook S14 S3407CA-SF913W (Intel Core Ultra 5 Processor 225H | 16GB | 512GB | Intel Graphics | 14 inch WUXGA OLED | Win 11 | Xám,https://www.anphatpc.com.vn/laptop-asus-vivobook-s14-s3407ca-sf913w.html
anphatpc,"Laptop Acer Gaming Predator Helios Neo 16 AI PHN16-73-757W NH.QVQSV.001 (Core Ultra 7 255HX | RTX 5060 | 16"" 2K+ IPS 240Hz 100% DCI-P3 | Win 11 | Đen)",https://www.anphatpc.com.vn/laptop-acer-gaming-predator-helios-neo-16-ai-phn16-73-757w.html
anphatpc,Laptop Lenovo IdeaPad Slim 3 15ARP10 83K700EWVN (AMD Ryzen 7 7735HS | AMD Radeon 680M Graphics | 15.3-inch WUXGA | 16 GB | 512GB | Windows 11 Home | Xám),https://www.anphatpc.com.vn/laptop-lenovo-ideapad-slim-3-15arp10-83k700ewvn.html
anphatpc,Laptop Asus Vivobook 16 X1607CA-MB980W (Intel Core Ultra 5 Processor 225H | 16GB | 512GB | 16 inch WUXGA 60Hz | Win 11 | Bạc),https://www.anphatpc.com.vn/laptop-asus-vivobook-16-x1607ca-mb980w.html
anphatpc,Laptop MSI Cyborg 15 B2RWEKG - 402VN (Intel Core 5 210H | RTX 5050 8GB | 15.6 inch FHD 144Hz | 16GB | 512GB | Win 11 | Đen),https://www.anphatpc.com.vn/laptop-msi-cyborg-15-b2rwekg-402vn.html
anphatpc,Laptop Dell XPS 13 9350 71058714 (Intel Core Ultra 5 226V | 16 GB | 1TB SSD | Intel Arc | 13.4 inch QHD + | Cảm ứng | Win 11 | OfficeHome24+O365),https://www.anphatpc.com.vn/laptop-dell-xps-13-9350-71058714.html
anphatpc,Laptop Lenovo Legion 5 15IRX10 83LY00A7VN (Intel Core i7-14700HX | RTX 5050 | 15.1 inch WQXGA OLED | 16GB | 512GB | Win 11 | Office | Đen),https://www.anphatpc.com.vn/laptop-lenovo-legion-5-15irx10-83ly00a7vn.html
anphatpc,Laptop Gigabyte AORUS 16X ASG-53VNC94SH (Intel Core i7-14650HX | RTX 4070 8GB | 16 inch WQXGA 165Hz | 16GB | 1TB | Win 11 | Xám),https://www.anphatpc.com.vn/laptop-gigabyte-aorus-16x-asg-53vnc94sh.html
anphatpc,Laptop ASUS Gaming V16 V3607VU-RP216W (Intel Core 7 240H | RTX 4050 | 16 inch WUXGA 144Hz | 16GB | 512GB | Win 11 | Đen),https://www.anphatpc.com.vn/laptop-asus-gaming-v16-v3607vu-rp216w.html
anphatpc,Laptop HP Elite x360 830 G10 876C5PA (Intel Core i7-1355U | 16GB | 512GB | Intel Iris Xe | 13.3 inch WUXGA Cảm ứng| Win 11 | Bạc),https://www.anphatpc.com.vn/laptop-hp-elite-x360-830-g10-876c5pa.html
anphatpc,Laptop HP OmniBook 7 AI 16-az0043TU C2CX3PA (Intel Core 7 240H | Intel Graphics | 16 inch WUXGA | 32GB | 512GB | Windows 11 Home SL | Office | Bạc),https://www.anphatpc.com.vn/laptop-hp-omnibook-7-ai-16-az0043tu-c2cx3pa.html
anphatpc,Laptop HP OmniBook 7 Aero 13-bg1087AU BZ7S1PA (AMD Ryzen AI 5 340 | AMD Radeon 840M | 13.3 inch WUXGA | 16GB | 512GB | Win 11 | Office | Bạc),https://www.anphatpc.com.vn/laptop-hp-omnibook-7-aero-13-bg1087au-bz7s1pa.html
anphatpc,Laptop HP Probook 445 G10 9H8X7PT (AMD Ryzen 7 7730U | 16GB | 512GB | AMD Radeon | 14 inch FHD IPS | Win 11 | Bạc),https://www.anphatpc.com.vn/laptop-hp-probook-445-g10-9h8x7pt.html
anphatpc,Laptop MSI VenturePro 16 AI A1VEG-003VN (Intel Core Ultra 7 155H | RTX 4050 6GB | 16 inch 2K OLED 120Hz | 16 GB | 512GB | Win 11 | Xám),https://www.anphatpc.com.vn/laptop-msi-venturepro-16-ai-a1veg-003vn.html
anphatpc,Laptop HP OmniBook 7 14-fr0027TU C1MN1PA (Intel Core Ultra 7 255H | Intel Graphics | 14 inch 2K IPS | 16GB | 512GB | Win 11 | Office),https://www.anphatpc.com.vn/laptop-hp-omnibook-7-14-fr0027tu-c1mn1pa.html
anphatpc,Laptop MSI Prestige 13 AI Evo A1MG-062VN (Intel Core Ultra 7-155H | 13.3 inch 2.8K OLED | 32GB | 1TB | Win 11 | Xám),https://www.anphatpc.com.vn/laptop-msi-prestige-13-ai-evo-a1mg-062vn.html
anphatpc,Laptop MSI Crosshair 16 HX E14WEK-076VN (Intel Core i9-14900HX | RTX 5050 8GB | 16 inch QHD+ 240Hz | 32GB | 1TB | Win 11 | Đen),https://www.anphatpc.com.vn/laptop-msi-crosshair-16-hx-e14wek-076vn.html
anphatpc,Laptop MSI Katana 15 HX B14WEK-286VN (Intel Core i5-14450HX | RTX 5050 8GB | 15.6 inch QHD 165Hz | 16GB | 512GB | Win 11 | Đen),https://www.anphatpc.com.vn/laptop-msi-katana-15-hx-b14wek-286vn.html
anphatpc,Laptop ASUS TUF Gaming F16 FX608JHR-RV037W (Intel Core i7 Processor 14650HX | RTX 5050 | 16 inch FHD + 165Hz | 16GB | 1TB | Win 11 | Xám),https://www.anphatpc.com.vn/laptop-asus-tuf-gaming-f16-fx608jhr-rv037w.html
anphatpc,Laptop ASUS TUF Gaming A14 FA401KM-RG010WS (AMD Ryzen AI 7 350 | RTX 5060 8GB GDD7 | 14-inch 2.5K WQXGA | 32GB | 1TB | Windows 11 Home + Microsoft Office Home 2024 + Microsoft 365 Basic | Xám),https://www.anphatpc.com.vn/laptop-asus-tuf-gaming-a14-fa401km-rg010ws-90nr0kg1-m000t0.html
anphatpc,Laptop Asus ROG Zephyrus G16 GU605CM-QR078W (Intel Core Ultra 9 285H | RTX 5060 8GB | 16 inch 2.5K OLED 240Hz | 32GB | 1TB | Win 11 | Xám)- Hàng Đã Kích Hoạt,https://www.anphatpc.com.vn/laptop-asus-gaming-rog-zephyrus-g16-gu605cm-qr078w.html
anphatpc,Laptop Dell 15 DC15250 CPH99 (Intel Core i5-1334U | 16GB | 512GB | 15.6 inch FHD 120Hz | Win 11 | Office | Bạc),https://www.anphatpc.com.vn/laptop-dell-15-dc15250-cph99.html
anphatpc,Laptop Lenovo ThinkPad T14s Gen 6 21QX00LKVN (Intel Core Ultra 5 228V | Intel Arc | 14 inch WUXGA IPS | 32GB | 512GB | Win 11 Pro | Đen),https://www.anphatpc.com.vn/laptop-lenovo-thinkpad-t14s-gen-6-21qx00lkvn.html
anphatpc,Laptop Lenovo LOQ Essential 15IRX11 83SC003RVN (Intel Core i5-13450HX | RTX 5050 8GB | 15.6 inch FHD | 16GB | 512GB | Win 11 | Xám),https://www.anphatpc.com.vn/laptop-lenovo-loq-essential-15irx11-83sc003rvn.html
anphatpc,Laptop Lenovo Yoga 7 2-in-1 14IPH11 83TC002JVN (Intel Core Ultra 7 355 | 32GB | 1TB | Intel Graphics | 14 inch WUXGA | Cảm ứng | Win 11 | Office | Xám,https://www.anphatpc.com.vn/laptop-lenovo-yoga-7-2-in-1-14iph11-83tc002jvn.html
anphatpc,Laptop LENOVO IdeaPad Slim 3 14ARP10 83K600E6VN (AMD Ryzen 5 7535HS | AMD Radeon | 14 inch WUXGA | 16GB | 512GB | Win 11 | Xám),https://www.anphatpc.com.vn/laptop-lenovo-ideapad-slim-3-14arp10-83k600e6vn.html
anphatpc,Laptop MSI Raider 16 HX B2WI-257VN (Intel Core Ultra 9 275HX | RTX 5080 16GB GDDR7 | 16-inch QHD+ | 32GB | 1TB | Windows 11 | Đen),https://www.anphatpc.com.vn/laptop-msi-raider-16-hx-b2wi-257vn.html
anphatpc,Laptop GIGABYTE GAMING EAGLE 9MJR2VNF93SH (AMD Ryzen 5 7533HS | RTX 4050 6GB GDDR6 | 16-inch FHD+ | 16GB | 512 GB | Win 11 Home SL | Đen),https://www.anphatpc.com.vn/laptop-gigabyte-gaming-eagle-9mjr2vnf93sh.html
anphatpc,Laptop GIGABYTE GAMING EAGLE 9LJR2VNF93SH (AMD Ryzen 5 7533HS | RTX 3050 6GB GDDR6 | 16-inch FHD+ | 16 GB | 512GB | Win 11 Home SL | Đen),https://www.anphatpc.com.vn/laptop-gigabyte-gaming-eagle-9ljr2vnf93sh.html
anphatpc,Laptop Dell 16 Plus DB16250-DB6U5387W1 (Intel Core Ultra 5 226V | 16GB | 1TB | Intel Graphics | 16 inch 2.5K | Win 11 | OfficeHome24 | OS365 | Xanh),https://www.anphatpc.com.vn/laptop-dell-16-plus-db16250-db6u5387w1.html
anphatpc,Laptop Gigabyte AORUS 16X ASG-53VNC54SH (Intel Core i7-14650HX | RTX 4070 8GB | 16 inch WQXGA 165Hz | 16GB | 1TB | Win 11 | Xám),https://www.anphatpc.com.vn/laptop-gigabyte-aorus-16x-asg-53vnc54sh.html
anphatpc,Laptop Gigabyte GAMING A16 CTHH3VN893SH (Intel Core i5-13420H | RTX 5050 8GB GDDR7 | 16 inch FHD+ | 16GB | 512GB | Windows 11 Home SL | Đen),https://www.anphatpc.com.vn/laptop-gigabyte-gaming-a16-cthh3vn893sh.html
anphatpc,Laptop ASUS ExpertBook P5 P5405CSA-NZ0016W (Intel Core Ultra 5 226V | Intel Arc 130V | 14 inch WQXGA 144Hz | 16GB | 512GB | Win 11 | Xám),https://www.anphatpc.com.vn/laptop-asus-expertbook-p5-p5405csa-nz0016w.html
anphatpc,Laptop ASUS Zenbook 14 UM3406KA-PP590WS (AMD Ryzen AI 7 350 | 32GB | 1TB | 14 inch 3K OLED | AMD Radeon Graphics | Windows 11 Home + Microsoft Office | Đen),https://www.anphatpc.com.vn/laptop-asus-zenbook-14-um3406ka-pp590ws.html
anphatpc,Laptop ASUS TUF Gaming F16 FX608JMI-TU241W (Intel Core i7 Processor 14650HX | RTX 5060 | 16 inch FHD+ 144Hz | 16GB | 512GB | Win 11 | Xám),https://www.anphatpc.com.vn/laptop-asus-tuf-gaming-f16-fx608jmi-tu241w.html
anphatpc,Laptop ASUS Gaming V16 V3607VH-RP084W (Intel Core 5 210H | RTX 5050 8GB | 16 inch WUXGA 144Hz | 16GB | 512GB | Win 11 | Đen),https://www.anphatpc.com.vn/laptop-asus-gaming-v16-v3607vh-rp084w.html
anphatpc,Laptop ASUS Gaming V16 V3607VH-RP025W (Intel Core 7 240H | RTX 5050 8GB | 16 inch WUXGA 144Hz | 16GB | 512GB | Win 11 | Đen),https://www.anphatpc.com.vn/laptop-asus-gaming-v16-v3607vh-rp025w.html
anphatpc,Laptop ASUS Gaming V16 V3607VM-RP044W (Intel Core 7 240H | RTX 5060 8GB | 16 inch WUXGA 144Hz | 16GB | 1TB | Win 11 | Đen),https://www.anphatpc.com.vn/laptop-asus-gaming-v16-v3607vm-rp044w.html
anphatpc,Laptop ASUS Gaming V16 V3607VH-RP024W (Intel Core 5 210H | RTX 5050 8GB | 16 inch WUXGA 144Hz | 16GB | 512GB | Win 11 | Đen),https://www.anphatpc.com.vn/laptop-asus-gaming-v16-v3607vh-rp024w.html
anphatpc,Laptop ASUS Vivobook S 14 OLED S5406SA-PP168WS (Intel Core Ultra 5 226V | 16GB | 512GB | Intel Arc | 14 inch 3K OLED | Win 11 | Office | Đen),https://www.anphatpc.com.vn/laptop-asus-vivobook-s-14-oled-s5406sa-pp168ws.html
anphatpc,Laptop Asus Vivobook S14 S3407QA-SF043W (Snapdragon X X1 26 100 | 16GB | 512GB | Qualcomm Adreno | 14 inch FHD OLED | Win 11 | Xám),https://www.anphatpc.com.vn/laptop-asus-vivobook-s14-s3407qa-sf043w.html
anphatpc,Laptop ASUS Vivobook S14 S3407VA-LY146W (Intel Core 5 210H | 16GB | 512GB | Intel Graphics | 14 inch WUXGA | Win 11 | Bạc),https://www.anphatpc.com.vn/laptop-asus-vivobook-s14-s3407va-ly146w.html
anphatpc,Laptop HP OmniBook X Flip 14-kb0048TU D72BYPA (Intel Core Ultra 7 355 | Intel Graphics | 14 inch 2K OLED | Cảm ứng | 32GB | 512GB | Win 11 | Office | Xanh),https://www.anphatpc.com.vn/laptop-hp-omnibook-x-flip-14-kb0048tu-d72bypa.html
anphatpc,Laptop HP OmniBook 5 AI 14-hh0072TU D72CQPA (Intel Core Ultra 7 355 | 14 inch 2K OLED | 16GB | 512GB | Win 11 | Office | Bạc),https://www.anphatpc.com.vn/laptop-hp-omnibook-5-ai-14-hh0072tu-d72cqpa.html
anphatpc,Laptop HP OmniBook 5 AI 14-hh0073TU D72CRPA (Intel Core Ultra 7 355 | Intel Graphics | 14-inch 2K | 16 GB | 512 GB | Windows 11 Home SL | Office | Bạc),https://www.anphatpc.com.vn/laptop-hp-omnibook-5-ai-14-hh0073tu-d72crpa.html
anphatpc,Laptop HP OmniBook 5 AI 14-hh0075TU D72CTPA (Intel Core Ultra 5 322 | Intel Graphics | 14 inch 2K | 16GB | 512GB | Win 11 | Office | Bạc),https://www.anphatpc.com.vn/laptop-hp-omnibook-5-ai-14-hh0075tu-d72ctpa.html
anphatpc,Laptop HP OmniBook 5 AI 14-hh0074TU D72CSPA (Intel Core Ultra 5 322 | Intel Graphics | 14-inch 2K | Touch | 16 GB | 512 GB | Windows 11 Home SL | Office | Bạc),https://www.anphatpc.com.vn/laptop-hp-omnibook-5-ai-14-hh0074tu-d72cspa.html
anphatpc,Laptop Dell 15 DC15250-71084747 (Intel Core i7-1355U | 16GB | 512GB | Intel Graphics | 15.6 inch FHD IPS | OfficeHome24+Office 365 | McAfee LS | Win 11 Home),https://www.anphatpc.com.vn/laptop-dell-15-dc15250-71084747.html
anphatpc,Laptop Gaming OMEN MAX 16 16-ah0213TX (Intel Core Ultra 9 275HX | RTX 5080 | 16 inch OLED 2.5K 240Hz | 64GB | 2TB | Win 11 | Đen),https://www.anphatpc.com.vn/laptop-gaming-omen-max-16-16-ah0213tx.html
anphatpc,Laptop Gaming OMEN MAX 16 16-ah0212TX (Intel Core Ultra 9 275HX | RTX 5090 | 16 inch OLED 2.5K | 64GB | 2TB | Win 11 | Đen),https://www.anphatpc.com.vn/laptop-gaming-omen-max-16-16-ah0212tx.html
anphatpc,Laptop HP AI 14-hc0055TU DP2B7PA (Intel Core Ultra 7-255U | 16GB | 512GB SSD | 14 inch FHD | Win11SL | Vàng),https://www.anphatpc.com.vn/laptop-hp-ai-14-hc0055tu-dp2b7pa-intel-core-ultra-7-255u-16gb-512gb-ssd-14-inch-fhd-win11sl-vang.html
anphatpc,Laptop Dell Pro 14 Essential PV14250-PV14250-120U-16512U (Intel Core 5 120U | 16GB | 512GB | Intel Graphics | 14 inch FHD+ | Ubuntu),https://www.anphatpc.com.vn/laptop-dell-pro-14-essential-pv14250-pv14250-120u-16512u.html
anphatpc,Laptop MSI Crosshair 16 Max HX E2WGXK-051VN (Intel Core Ultra 9 290HX Plus | RTX 5070 12GB GDDR7 | 16-inch QHD+ | 32GB | 1TB | Windows 11 | Đen),https://www.anphatpc.com.vn/laptop-msi-crosshair-16-max-hx-e2wgxk-051vn.html
anphatpc,Laptop MSI Crosshair 16 Max HX E2WGXK-052VN (Intel Core Ultra 7 251HX | RTX 5070 12GB GDDR7 | 16-inch QHD+ | 16GB | 1TB | Windows 11 | Đen),https://www.anphatpc.com.vn/laptop-msi-crosshair-16-max-hx-e2wgxk-052vn.html
anphatpc,Laptop Lenovo IdeaPad Slim 5 OLED 15ARP10 83J3002SVN (AMD Ryzen 7 7735HS | 32GB | 512GB | AMD Radeon 680M | 15.1 inch WQXGA | Win 11 | Xám),https://www.anphatpc.com.vn/laptop-lenovo-ideapad-slim-5-oled-15arp10-83j3002svn.html
anphatpc,Laptop LENOVO IdeaPad Slim 3 16ARP10 83K800GTVN (AMD Ryzen 5 7533HS | AMD Radeon | 16 inch WUXGA IPS | 16GB | 512GB | Win 11 | Xám),https://www.anphatpc.com.vn/laptop-lenovo-ideapad-slim-3-16arp10-83k800gtvn.html
anphatpc,Laptop Dell Pro 14 PC14250 (Intel Core Ultra 5 235U | 16GB | 512GB 14 inch FHD + IPS | Win 11),https://www.anphatpc.com.vn/laptop-dell-pro-14-pc14250.html
anphatpc,Laptop HP 14-ep1137TU C2CY8PA (Intel Core Ultra 7 155H | Intel Arc Graphics | 14 inch FHD | 16 GB | 512 GB | Windows 11 Home SL | Bạc),https://www.anphatpc.com.vn/laptop-hp-14-ep1137tu-c2cy8pa.html
anphatpc,Laptop HP 240 G10 B93GZAT (Intel Core i5 - 1334U | 16GB | 512GB | Intel Graphics | 14 inch FHD IPS | Win 11 | Bạc xám),https://www.anphatpc.com.vn/laptop-hp-240-g10-b93gzat.html
anphatpc,Laptop Dell Pro 14 Essential PV14250-120U-08512W (Intel Core 5 120U | 8GB | 512GB | Intel Graphics | 14 inch FHD + | Win 11),https://www.anphatpc.com.vn/laptop-dell-pro-14-essential-pv14250-120u-08512w.html
anphatpc,"Laptop Dell Pro 14 Essential PV14250-71092661 (Core 3 100U | 8GB | 512GB SSD | 14"" FHD+ | Win 11)",https://www.anphatpc.com.vn/laptop-dell-pro-14-essential-pv14250-71092661.html
anphatpc,Laptop Dell 15 DC15250 CPH997 (Intel Core i7-1355U | 16GB | 1TB | 15.6 inch FHD IPS | Win 11 | Office | Bạc),https://www.anphatpc.com.vn/laptop-dell-15-dc15250-cph997.html
anphatpc,Laptop HP EliteBook 6 G1i BQ9M9PT (Intel Core Ultra 5 225H | 16GB | 512GB | Intel Graphics | 14 inch WUXGA IPS | Win 11 | Bạc),https://www.anphatpc.com.vn/laptop-hp-elitebook-6-g1i-bq9m9pt.html
anphatpc,Laptop GIGABYTE GAMING A16 EVHS3VN893SH (Intel Ultra 9 185H | RTX 5060 8GB | 16-inch FHD+ | 16GB | 512 GB | Win 11 Home SL | Đen),https://www.anphatpc.com.vn/laptop-gigabyte-gaming-a16-evhs3vn893sh.html
anphatpc,Laptop GIGABYTE AORUS MASTER 16 6XJM4VNE64SH (AMD Ryzen 9 9955HX3D | RTX 5070Ti 12GB | 16-inch QHD+ | 32GB | 1TB | Windows 11 Home SL | Đen),https://www.anphatpc.com.vn/laptop-gigabyte-aorus-master-16-6xjm4vne64sh.html
anphatpc,Laptop GIGABYTE AERO X16 4WHN3VNC93AH (AMD Ryzen AI 9 465 | RTX 5070 8GB | 16-inch QHD+ | 16GB | 512 GB | Win 11 Home SL | Xám),https://www.anphatpc.com.vn/laptop-gigabyte-aero-x16-4whn3vnc93ah.html
anphatpc,Laptop LENOVO LOQ 15ARP10E 83S0004FVN (AMD Ryzen 7 7735HS | RTX 4050 6GB | 15.6 inch FHD IPS | 16GB | 512GB | Win 11 | Xám),https://www.anphatpc.com.vn/laptop-lenovo-loq-15arp10e-83s0004fvn.html
anphatpc,Laptop ASUS ExpertBook P1 P1403CVA-S61261W (Intel Core i7-13620H | Intel UHD | 14 inch FHD | 16GB | 1TB | Win 11),https://www.anphatpc.com.vn/laptop-asus-expertbook-p1-p1403cva-s61261w.html
anphatpc,Laptop HP ProBook 4 G1i-BQ5B3PT (Core Ultra 5 225U | 16GB | 512GB | Intel Graphics | 14 inch WUXGA | Win 11 | Bạc),https://www.anphatpc.com.vn/laptop-hp-probook-4-g1i-bq5b3pt.html
anphatpc,Laptop Dell Inspiron 14 5440 71053697 (Intel Core 5 120U | 16GB | 1TB | 14 inch FHD + | Win 11 | Office | Xanh),https://www.anphatpc.com.vn/laptop-dell-inspiron-14-5440-71053697.html
anphatpc,Laptop HP 15-fd0306TU A2NL7PA (Intel Core i3-1315U | 8GB | 256GB | Intel Graphics | 15.6 inch FHD | Win 11 | Bạc),https://www.anphatpc.com.vn/laptop-hp-hp-15-fd0306tu-a2nl7pa.html
anphatpc,Laptop Lenovo ThinkPad T14s Gen 6 21QX00LGVA (Intel Core Ultra 5 228V | Intel Arc | 14 inch WUXGA IPS | 32GB | 512GB | NoOS | Đen),https://www.anphatpc.com.vn/laptop-lenovo-thinkpad-t14s-gen-6-21qx00lgva.html
anphatpc,Laptop Lenovo ThinkPad E14 Gen 7 21T90029VN (Intel Core 7 240H | 14 inch WUXGA IPS 60Hz | 32GB | 512GB | Win 11 | Đen),https://www.anphatpc.com.vn/laptop-lenovo-thinkpad-e14-gen-7-21t90029vn.html
anphatpc,Laptop Dell Pro 14 PC14250 42LTU7PC14250 (Intel Core Ultra 7 255U | 16GB | 512GB | Intel Graphics | 14 inch FHD+ | Win 11 Pro | Bạc),https://www.anphatpc.com.vn/laptop-dell-pro-14-pc14250-42ltu7pc14250.html
anphatpc,Laptop ASUS ExpertBook P5 P5405CSA-NZ0017W (Intel Core Ultra 7 258V | Intel Arc | 14 inch WQXGA 144Hz | 32GB | 1TB | Win 11 | Xám),https://www.anphatpc.com.vn/laptop-asus-expertbook-p5-p5405csa-nz0017w.html
anphatpc,Laptop ASUS TUF Gaming F16 FX607VU-RL045W (Intel Core 5 210H | 16GB | 512GB | 16 inch FHD+ | RTX 4050 | Windows 11 Home | Xám),https://www.anphatpc.com.vn/laptop-asus-tuf-gaming-f16-fx607vu-rl045w.html
anphatpc,Laptop ASUS Zenbook 14 UX3405CA-ST629W (Intel Core Ultra 7 255H 2.0 GHz | Intel Arc Graphics | 14.0-inch 3K OLED | 32GB | 512GB | Windows 11 | Xanh),https://www.anphatpc.com.vn/laptop-asus-zenbook-14-ux3405ca-st629w.html
anphatpc,Laptop ASUS Zenbook 14 UM3406GA-QD075WS (AMD Ryzen AI 7 445 | AMD Radeon | 14 inch WUXGA OLED | 16GB | 512GB | Win 11 | Office | Đen),https://www.anphatpc.com.vn/laptop-asus-zenbook-14-um3406ga-qd075ws.html
anphatpc,Laptop ASUS Vivobook S14 S3407CA-LY095WS (Intel Core Ultra 5 Processor 225H | 16GB | 512GB | Intel UHD | 14 inch WUXGA IPS 60Hz | Win 11 | Office | Xám),https://www.anphatpc.com.vn/laptop-asus-vivobook-s-14-s3407ca-ly095ws.html
anphatpc,Laptop Asus Vivobook 14 M1405NAQ-LY011W (AMD Ryzen 7 170 | 16GB | 512GB | AMD Radeon | 14 inch WUXGA | Win 11 | Bạc),https://www.anphatpc.com.vn/laptop-asus-vivobook-14-m1405naq-ly011w.html
anphatpc,Laptop ASUS Vivobook M1502N M1502NAQ-BQ021W (AMD Ryzen 5 150 | AMD Radeon Graphics | 15.6-inch FHD | 16GB | 512GB | Windows 11 | Bạc),https://www.anphatpc.com.vn/laptop-asus-m1502n-m1502naq-bq021w.html
anphatpc,Laptop Asus Vivobook 15 X1502VA-BQ886W (Intel Core i7-13620H | 16GB | 512GB | Intel UHD | 15.6 inch FHD IPS | Win 11 | Bạc),https://www.anphatpc.com.vn/laptop-asus-vivobook-15-x1502va-bq886w.html
anphatpc,Laptop ASUS Vivobook 14 X1407CA-LY008W (Intel Core Ultra 5 Processor 225H | Intel Graphics | 14 inch WUXGA | 16GB | 512GB | Win 11 | Bạc),https://www.anphatpc.com.vn/laptop-asus-vivobook-14-x1407ca-ly008w.html
anphatpc,Laptop ASUS Vivobook 16 X1607CA-MB990W (Intel Core Ultra 7 255H | Intel Graphics | 16.0-inch WUXGA | 16GB | 512GB | Windows 11 | Bạc),https://www.anphatpc.com.vn/laptop-asus-vivobook-16-x1607ca-mb990w.html
anphatpc,Laptop Asus Vivobook 15 X1504VA-BQ265W (Intel Core 5 120U | 16GB | 512GB | 15.6 inch FHD IPS 60Hz | Win 11 | Bạc),https://www.anphatpc.com.vn/laptop-asus-vivobook-15-x1504va-bq265w.html
anphatpc,Laptop Dell Inspiron 14 5440 - NDY5V1 ( Core i5-1334U/16GD5/512SSD/14.0FHD+/W11SL+OFFICE),https://www.anphatpc.com.vn/laptop-dell-inspiron-14-5440-ndy5v1.html
anphatpc,Laptop Asus Vivobook 15 X1504VA-BQ165W (Intel Core 5 120U | 16GB | 512GB | 15.6 inch FHD IPS 60Hz | Win 11 | Bạc),https://www.anphatpc.com.vn/laptop-asus-vivobook-15-x1504va-bq165w.html
anphatpc,Laptop Gigabyte GAMING A16 CTHI3VN893SH (Intel Core i7-13620H | RTX 5050 8GB | 16 inch IPS FHD+ 165Hz | 16GB | 512GB | Win 11 | Đen),https://www.anphatpc.com.vn/laptop-gigabyte-gaming-a16-cthi3vn893sh.html
anphatpc,Laptop HP OmniBook 5 Flip 14-fp0055TU BZ7Q4PA (Intel Core 7 150U | 24GB | 512GB | Intel Graphics | 14 inch WUXGA IPS Cảm ứng | Win 11 | Pen | Bạc),https://www.anphatpc.com.vn/laptop-hp-omnibook-5-flip-14-fp0055tu-bz7q4pa.html
anphatpc,Laptop Acer Gaming Nitro ProPanel ANV16-41-R7EN (AMD Ryzen 7 8845HS | RTX 3050 | 16 inch WUXGA | 32GB | 512GB | Win 11 | Đen),https://www.anphatpc.com.vn/laptop-acer-gaming-nitro-propanel-n24c4-anv16-41-r7en.html
anphatpc,Laptop ASUS TUF Gaming A16 FA608UH-RV106W (AMD Ryzen 7 260 Processor 3.8GHz | 16GB | 512GB | RTX 5050 | 16 inch FHD+ | Win 11 | Xám),https://www.anphatpc.com.vn/laptop-asus-tuf-gaming-a16-fa608uh-rv106w.html
anphatpc,Laptop ASUS ROG Flow Z13 GZ302 GZ302EA-RU145WS (AMD Ryzen AI MAX+ 395 | 128GB | 1TB | 13.4 inch WQXGA | AMD Radeon Graphics | Windows 11 + Office | Đen),https://www.anphatpc.com.vn/laptop-asus-rog-flow-z13-gz302-gz302ea-ru145ws.html
anphatpc,Laptop ASUS TUF Gaming A15 FA506NCG-HN184W (AMD Ryzen 7 7445HS | RTX 3050 4GB | 15.6 inch FHD 144Hz | 16GB | 512GB | Win 11 | Đen),https://www.anphatpc.com.vn/laptop-asus-tuf-gaming-a15-fa506ncg-hn184w.html
anphatpc,Laptop ASUS Zenbook S 16 UM5606GA-SS384WS (AMD Ryzen AI 9 465 | 32GB | 1TB | AMD Radeon | 16 inch 3K OLED 120Hz | Win 11 | Office | Trắng),https://www.anphatpc.com.vn/laptop-asus-zenbook-s-16-um5606ga-ss384ws.html
anphatpc,Laptop ASUS ROG Strix G16 G614PH-S5101W (AMD Ryzen 9 8940HX | RTX 5050 8GB | 16 inch WQXGA 240Hz| 16GB | 512GB | Win 11 | Xám),https://www.anphatpc.com.vn/laptop-asus-rog-strix-g16-g614ph-s5101w.html
anphatpc,Laptop ASUS Vivobook M1502N M1502NAQ-BQ031W (AMD Ryzen 7 170 | AMD Radeon Graphics | 15.6-inch FHD | 16GB | 512GB | Windows 11 | Bạc),https://www.anphatpc.com.vn/laptop-asus-vivobook-m1502n-m1502naq-bq031w.html
anphatpc,Laptop ASUS Zenbook S 14 UX5406AA-SU415WS (Intel Core Ultra 9 386H | Intel Graphics | 14.0-inch OLED | 32GB | 512GB | Windows 11 | Office | Trắng),https://www.anphatpc.com.vn/laptop-asus-zenbook-s-14-ux5406aa-su415ws.html
anphatpc,Laptop Asus Vivobook S16 S3607CA-SH082WS (Intel Core Ultra 5 225H | 16GB | 512GB | Intel Arc | 16 inch FHD OLED 60Hz | Win 11 | Office | Xám),https://www.anphatpc.com.vn/laptop-asus-vivobook-s16-s3607ca-sh082ws.html
anphatpc,Laptop ASUS ExpertBook P3605CVA-PL0042W (Intel Core i5-13420H | 16GB | 512GB | 16 inch WQXGA | Intel UHD | Windows 11 | Xám),https://www.anphatpc.com.vn/laptop-asus-expertbook-p3605cva-pl0042w.html
anphatpc,Laptop ASUS ExpertBook P3405CVA-NZ0027W (Intel Core i5-13420H | 16GB | 512GB | 14 inch WQXGA | Intel UHD | Windows 11 | Xám),https://www.anphatpc.com.vn/laptop-asus-expertbook-p3405cva-nz0027w.html
anphatpc,Laptop ASUS TUF Gaming A14 FA401GM-RG013W (AMD Ryzen AI 9 465 | RTX 5060 8GB GDDR7 | 14-inch WQXGA | 32GB | 1TB | Windows 11 | Xám),https://www.anphatpc.com.vn/laptop-asus-tuf-gaming-a14-fa401gm-rg013w.html
anphatpc,Laptop Asus ROG Zephyrus G14 GA403GM-SY004W 90NR0QL1-M004T0 (AMD Ryzen AI 9 465 | RTX 5060 8GB GDDR7 | 14-inch 3K | 32GB | 1TB | Windows 11 Home | Xám),https://www.anphatpc.com.vn/laptop-asus-rog-zephyrus-g14-ga403gm-sy004w-90nr0ql1-m004t0.html
anphatpc,Laptop Dell Pro 14 PC14250-PC14250-225U-16512WH (Intel Core Ultra 5 225U | 16GB | 512GB | Intel Graphics | 14 inch FHD+ | Win 11),https://www.anphatpc.com.vn/laptop-dell-pro-14-pc14250-pc14250-225u-16512wh.html
anphatpc,Laptop HP Probook 4 G1i 16 BQ5D4PT (Intel Core Ultra 5 225U | Integrated Intel Graphics | 16 inch WUXGA | 16GB | 512GB | Windows 11 Home SL | Bạc),https://www.anphatpc.com.vn/laptop-hp-probook-4-g1i-16-bq5d4pt.html
anphatpc,Laptop ASUS TUF Gaming F16 FX607VJ-RL034W (Intel Core 5 210H | RTX 3050 6GB | 16 inch FHD 144Hz | 16GB | 512GB | Win 11 | Xám),https://www.anphatpc.com.vn/laptop-asus-tuf-gaming-f16-fx607vj-rl034w.html
anphatpc,Laptop ASUS TUF Gaming F16 FX607VJB-RL151W (Intel Core 5 Processor 210H | RTX 3050 6GB GDDR6 | 16 inch FHD+ 144Hz | 16GB | 512GB | Windows 11 Home SL | Xám),https://www.anphatpc.com.vn/laptop-asus-tuf-gaming-f16-fx607vjb-rl151w.html
anphatpc,Laptop Asus ZenBook Duo UX8407AA-SN138WS (Intel® Core™ Ultra X9 388H | 32GB | 1TB | Intel Arc | 14 inch 3K 144Hz | Win 11 | Office | Xám),https://www.anphatpc.com.vn/laptop-asus-zenbook-duo-ux8407aa-sn138ws.html
anphatpc,Laptop Lenovo ThinkBook 14 G9 21UY008PVA (Intel Core 7 240H | Integrated Intel Graphics | 14 inch WUXGA | 16GB | 512GB | No-OS | Xám),https://www.anphatpc.com.vn/laptop-lenovo-thinkbook-14-g9-21uy008pva.html
anphatpc,Laptop Lenovo IdeaPad Slim 3 15ARP10 83K700YVVN (AMD Ryzen 7 7735HS | 16GB | 512GB | AMD Radeon | 15.3 inch WUXGA IPS | Win 11 | Xám),https://www.anphatpc.com.vn/laptop-lenovo-ideapad-slim-3-15arp10-83k700yvvn.html
anphatpc,Laptop Gigabyte AERO-X16-1VH93VNC94AH (AMD Ryzen AI 7 350 | RTX 5060 | 16 inch QHD+ 165Hz | 16GB | 1TB | Win 11 | Xám),https://www.anphatpc.com.vn/laptop-gigabyte-aero-x16-1vh93vnc94ah.html
anphatpc,Laptop HP VICTUS 15-fb3115AX BX9C9PA (AMD Ryzen 7 7445HS | RTX 4050 | 15.6 inch FHD 144Hz | 16GB | 512GB | Win 11 | Đen),https://www.anphatpc.com.vn/laptop-hp-victus-15-fb3115ax-bx9c9pa.html
anphatpc,Laptop HP Elitebook x360 1040 G11 AM9G7PT (Intel Ultra 7 155H | 16GB | 512GB | 14 inch WUXGA | Cảm ứng | Win 11 Pro | Bạc),https://www.anphatpc.com.vn/laptop-hp-elitebook-x360-1040-g11-am9g7pt.html
anphatpc,Laptop Lenovo ThinkBook 14 Gen 8 IRL 21SG007SVN (Intel Core 5 210H | 16GB | 512GB | Intel Graphics | 14 inch WUXGA IPS | Win 11 | Xám),https://www.anphatpc.com.vn/laptop-lenovo-thinkbook-14-gen-8-irl-21sg007svn.html
anphatpc,Laptop LENOVO IdeaPad Slim 3 14ARP10 83K6005UVN (AMD Ryzen 5 7535HS | AMD Radeon 660M | 14 inch WUXGA | 24GB | 512GB | Windows 11 Home | Xám),https://www.anphatpc.com.vn/laptop-lenovo-ideapad-slim-3-14arp10-83k6005uvn.html
anphatpc,Laptop Lenovo ThinkBook 16 G9 IRL 21US008DVA (Intel Core i5-13420H | Intel UHD | 16 inch WUXGA IPS 60Hz | 16GB | 512GB | NoOS | Xám),https://www.anphatpc.com.vn/laptop-lenovo-thinkbook-16-g9-irl-21us008dva.html
anphatpc,Laptop Acer Predator Helios Neo 16S AI PHN16S-71-95MS NH.QX7SV.002 (Intel Core Ultra 9 275HX | RTX 5070 Ti | 16 inch 2K+ OLED 240Hz | 64GB | 2TB | Win 11 | Đen),https://www.anphatpc.com.vn/laptop-acer-predator-helios-neo-16s-ai-phn16s-71-95ms.html
anphatpc,Laptop ASUS ExpertBook P5 P5405CSA-NZ0450WS (Intel Core Ultra 5-226V | Intel Arc 130V | 14 inch WQXGA | 16GB | 512GB | Win 11 Home | Office | Xám),https://www.anphatpc.com.vn/laptop-asus-expertbook-p5-p5405csa-nz0450ws.html
anphatpc,Laptop ASUS ExpertBook P5 P5405CSA-NZ0442WS (Intel Core Ultra 7-258V | Intel Arc 140V | 14 inch WQXGA | 32GB | 1TB | Win 11 | Office Home | Xám),https://www.anphatpc.com.vn/laptop-asus-expertbook-p5-p5405csa-nz0442ws.html
anphatpc,Laptop MSI Crosshair 16 HX AI D2XWFKG-035VN (Intel Core Ultra 9 275HX | RTX 5060 | 16 inch QHD + 240Hz | 32GB | 1TB | Win 11 | Xám),https://www.anphatpc.com.vn/laptop-msi-crosshair-16-hx-ai-d2xwfkg-035vn.html
anphatpc,Laptop HP EliteBook 6 G1i 13 BQ9M3PT (Intel Core Ultra 5 225U | 16GB | 512GB | Intel Graphics | 13.3 inch WUXGA | Cảm ứng | Win 11 | Bạc),https://www.anphatpc.com.vn/laptop-hp-elitebook-6-g1i-13-bq9m3pt.html
anphatpc,Laptop HP EliteBook 6 G1i 13 BQ9L8PT (Intel Core Ultra 5 225U | 16GB | 512GB | Intel Graphics | 13.3 inch WUXGA IPS | Win 11 | Bạc),https://www.anphatpc.com.vn/laptop-hp-elitebook-6-g1i-13-bq9l8pt.html
anphatpc,Laptop LENOVO IdeaPad Slim 3 16ARP10 83K80016VN (AMD Ryzen 5 7533HS | AMD Radeon | 16 inch WUXGA IPS | 16GB | 512GB | Win 11 | Xám),https://www.anphatpc.com.vn/laptop-lenovo-ideapad-slim-3-16arp10-83k80016vn.html
anphatpc,Laptop Lenovo Yoga 9 2in1 14ILL10 83LC002LVN (Intel Core Ultra 7 258V | 1TB | 32GB | Intel Arc | 14 inch 4K 60Hz | Win 11 | Office | Xanh),https://www.anphatpc.com.vn/laptop-lenovo-yoga-slim-9-14ill10-83lc002lvn.html
anphatpc,Laptop Lenovo Legion 5 15AHP10 OLED 83M00030VN (AMD Ryzen 7 260 | RTX 5060 8GB | 15.1 inch WQXGA OLED 165Hz | 24GB | 1TB | Win 11 | Office | Đen),https://www.anphatpc.com.vn/laptop-lenovo-legion-5-15ahp10-oled-83m00030vn.html
anphatpc,Laptop ASUS Zenbook 14 UX3405CA-ST648W (Intel Core Ultra 9 285H 2.9 GHz | Intel Arc Graphics | 14.0-inch 3K OLED | 32GB | 1TB | Windows 11 Home SL | Xanh),https://www.anphatpc.com.vn/laptop-asus-zenbook-14-ux3405ca-st648w.html
anphatpc,Laptop Asus Zenbook 14 UX3405CA-PZ187WS (Intel Core Ultra 5 225H | 16GB | 512GB | Intel Arc | 14 inch 3K OLED | Win 11 | Office | Xanh | Pen),https://www.anphatpc.com.vn/laptop-asus-zenbook-14-ux3405ca-pz187ws.html
anphatpc,Laptop ASUS TUF Gaming F16 FX608JH-RV131W (Intel Core i5-13450HX | RTX 5050 8GB | 16-inch FHD+ | 32GB | 512GB | Windows 11 Home SL | Xám),https://www.anphatpc.com.vn/laptop-asus-tuf-gaming-f16-fx608jh-rv131w.html
anphatpc,Laptop ASUS Zenbook S 16 UM5606KA-RK127WS (AMD Ryzen AI 7 350 Processor 2.0GHz | 24GB | 1TB | AMD Radeon | 16 inch 3K OLED | Win 11 | Office | Trắng),https://www.anphatpc.com.vn/laptop-asus-zenbook-s-16-um5606ka-rk127ws.html
anphatpc,Laptop MSI Katana 15 HX B14WEK-027VN (Intel Core i7-14650HX | RTX 5050 8GB | 15.6 inch QHD IPS 165Hz | 32GB | 512GB | Win 11 | Đen),https://www.anphatpc.com.vn/laptop-msi-katana-15-hx-b14wek-027vn.html
anphatpc,Laptop MSI Raider 16 Max HX B2WI-095VN (Intel Core Ultra 9 290HX Plus | RTX 5080 16GB GDDR7 | 16 inch QHD+ | 64GB | 2TB | Windows 11 Home | Đen),https://www.anphatpc.com.vn/laptop-msi-raider-16-max-hx-b2wi-095vn.html
anphatpc,Laptop Asus Vivobook S16 S3607CA-SH080W (Intel Core Ultra 5 225H | 16GB | 512GB | Intel Arc | 16 inch FHD OLED 60Hz | Win 11 | Xám),https://www.anphatpc.com.vn/laptop-asus-vivobook-s16-s3607ca-sh080w.html
anphatpc,Laptop ASUS TUF Gaming A16 FA608PP-RV089W (AMD Ryzen™ 9 8940HX | RTX 5070 | 16 inch FHD+ 165Hz | 16GB | 512GB | Win 11 | Xám),https://www.anphatpc.com.vn/laptop-asus-tuf-gaming-a16-fa608pp-rv089w.html
anphatpc,Laptop Lenovo LOQ 15IPH11 83SL000LVN (Core Ultra 7 356H | 16GB | 512GB | RTX 5060 | 15.3 inch WUXGA 165Hz | Win 11 | Xám),https://www.anphatpc.com.vn/laptop-lenovo-loq-15iph11-83sl000lvn.html
anphatpc,Laptop Lenovo IdeaPad Slim 5 14IMH10 83V6001GVN (Intel Core™ Ultra 5 135H | Intel Arc | 14 inch WUXGA OLED | 16GB | 512GB | Win 11 | Xám),https://www.anphatpc.com.vn/laptop-lenovo-ideapad-slim-5-14imh10-83v6001gvn.html
anphatpc,Laptop Lenovo LOQ 15IRX10 83JE01AGVN (Intel Core i7-13645HX | RTX 5050 8GB | 15.6 inch FHD 144Hz | 16GB | 512GB | Win 11 | Xám),https://www.anphatpc.com.vn/laptop-lenovo-loq-15irx10-83je01agvn.html
anphatpc,Laptop Lenovo LOQ 15IRX10 83JE00PEVN (Intel Core i7-13650HX | RTX 5050 8GB GDDR7 | 15.6 inch FHD | 16GB | 512GB | Windows 11 Home | Xám),https://www.anphatpc.com.vn/laptop-lenovo-loq-15irx10-83je00pevn.html
anphatpc,Laptop Lenovo Legion Gaming 5 15IRX10 83LY00HWVN (Intel Core i7-14700HX | RTX 5060 8GB | 15.1 inch WQXGA OLED | 16GB | 512GB | Win 11 | Office | Đen),https://www.anphatpc.com.vn/laptop-lenovo-legion-gaming-5-15irx10-83ly00hwvn.html
anphatpc,Laptop Lenovo Legion Pro 5 16IAX10 83F3002GVN (Intel Core Ultra 9 275HX | RTX 5070 8GB | 16 inch WQXGA 165Hz | 32GB | 1TB | Win 11 | Office | Đen),https://www.anphatpc.com.vn/laptop-lenovo-legion-pro-5-16iax10-83f3002gvn.html
anphatpc,Laptop Lenovo LOQ 15ARP9 83JC00LVVN ( AMD Ryzen 5 7235HS | RTX 3050 6GB | 15.6 inch FHD IPS | 16GB | 512GB | Win 11 | Xám),https://www.anphatpc.com.vn/laptop-lenovo-loq-15arp9-83jc00lvvn.html
anphatpc,Laptop HP HyperX Omen Gaming 15-ga0092TX D72D8PA (Intel Core i5-14450HX | RTX 5050 8GB | 15.3 inch 2K 165Hz | 16GB | 512GB | Win 11),https://www.anphatpc.com.vn/laptop-hp-hyperx-omen-gaming-15-ga0092tx-d72d8pa.html
anphatpc,Laptop MSI Katana 15 HX B14WFK-267VN (Intel Core i7-14650HX | RTX 5060 8GB | 15.6 inch QHD 165Hz | 32GB | 512GB | Win 11 | Đen),https://www.anphatpc.com.vn/laptop-msi-katana-15-hx-b14wfk-267vn.html
anphatpc,Laptop HP HyperX Omen Gaming 15-ga0091TX D72D7PA (Intel Core i5-14450HX | RTX 5060 8GB | 15.3 inch 2K | 16GB | 512GB | Win 11),https://www.anphatpc.com.vn/laptop-hp-hyperx-omen-gaming-15-ga0091tx-d72d7pa.html
anphatpc,Laptop ASUS ExpertBook P1503CVA-i716-50W (Intel Core i7-13620H | Intel UHD | 15.6 inch FHD | 16GB | 512GB | Win 11 | Xám),https://www.anphatpc.com.vn/laptop-asus-expertbook-p1503cva-i716-50w.html
anphatpc,Laptop MSI Katana 15 HX B14WFK-025VN (Intel Core i7-14650HX | RTX 5060 8GB | 15.6 inch QHD 165Hz | 16GB | 512GB | Win11 | Đen),https://www.anphatpc.com.vn/laptop-msi-katana-15-hx-b14wfk-025vn.html
anphatpc,Laptop HP EliteBook Ultra G1i BC4N5AT (Intel Core Ultra 7 258V | Intel Arc Graphics | 14 inch 2.8K | Touch | 32 GB | 1 TB | Windows 11 Pro | Xanh),https://www.anphatpc.com.vn/laptop-hp-elitebook-ultra-g1i-bc4n5at.html
anphatpc,Laptop Lenovo ThinkPad P14s Gen 6 21QT005CVA (Intel core Ultra 7 255H | RTX PRO 500 BW 6GB GDDR7 | 14.5 inch WUXGA | 32GB | 512GB | NoOS | Black),https://www.anphatpc.com.vn/laptop-lenovo-thinkpad-p14s-gen-6-21qt005cva.html
anphatpc,Laptop Lenovo ThinkPad X13 GEN 6 21RK00ANVA (Intel Core Ultra 7 255H | Integrated Intel Arc 140T GPU | 13.3 inch WUXGA | 32GB | 1TB | NoOS | Đen),https://www.anphatpc.com.vn/laptop-lenovo-thinkpad-x13-gen-6-21rk00anva.html
anphatpc,Laptop ASUS ExpertBook P1503CVA-C7H16-50W (Intel Core 7 Processor 240H | 15.6 inch FHD | 16GB | 512GB | Win 11 | Xám),https://www.anphatpc.com.vn/laptop-asus-expertbook-p1503cva-c7h16-50w.html
anphatpc,Laptop Gigabyte AERO-X16-1VH93MY894AH (AMD Ryzen AI 7 350 | RTX 5060 8GB | 16 inch FHD+ 165Hz | 16GB | 1TB | Win 11 | Xám),https://www.anphatpc.com.vn/laptop-gigabyte-aero-x16-1vh93my894ah.html
anphatpc,Laptop Dell Inspiron 14 5441 71069158 (Snapdragon X X1-26-100 | 16GB | 512GB | Qualcomm Adreno | 14 inch FHD IPS | Win 11 | Office | Xám),https://www.anphatpc.com.vn/laptop-dell-inspiron-14-5441-71069158.html
anphatpc,Laptop Acer Predator Helios 18 AI PH18-73-98AQ (Intel Core Ultra 9 275HX | RTX 5090 24GB | 18 inch 4K 120Hz | 192GB | 6TB | Win 11 Pro | Đen),https://www.anphatpc.com.vn/laptop-acer-predator-helios-18-ai-ph18-73-98aq.html
anphatpc,"Laptop Acer Gaming Predator Helios Neo 16 AI PHN16-73-98S4 NH.QVQSV.002 (Core Ultra 9 275HX | RTX 5060 | 16"" 2K+ 240Hz 100% DCI-P3 | Win 11 | Đen)",https://www.anphatpc.com.vn/laptop-acer-gaming-predator-helios-neo-16-ai-phn16-73-98s4.html
anphatpc,Laptop Acer Swift X 14 AI SFX14-72G-708X (Intel Core Ultra 7 155H | 32GB | 1TB | RTX 4060 | 14 inch 2.8K OLED | Win 11 | Xám),https://www.anphatpc.com.vn/laptop-acer-swift-x-14-ai-sfx14-72g-708x.html
anphatpc,"Laptop Acer Gaming Nitro ProPanel ANV16S-61-R0B8 NH.QXQSV.001 (Ryzen AI 5 340 | RTX 5050 | 16"" FHD IPS 180Hz 100% sRGB | Win 11 | Đen)",https://www.anphatpc.com.vn/laptop-acer-gaming-nitro-v-16-ai-propanel-anv16s-61-r0b8.html
anphatpc,"Laptop Acer Gaming Nitro ProPanel ANV16S-61-R9ZV NH.QXPSV.002 (Ryzen AI 7 350 | RTX 5060 | 16"" 2K+ IPS 180Hz 100% sRGB | Win 11 | Đen)",https://www.anphatpc.com.vn/laptop-acer-gaming-nitro-v-16-ai-propanel-anv16s-61-r9zv.html
anphatpc,Laptop Lenovo ThinkPad P16v Gen 2 T 21KX0037VA (Intel Core Ultra 7 155H | RTX 1000 Ada | 16 inch WUXGA | 64GB | 1TB | NoOS | Đen),https://www.anphatpc.com.vn/laptop-lenovo-thinkpad-p16v-gen-2-t-21kx0037va.html
anphatpc,Laptop Lenovo ThinkPad T14s Gen 6 21QX00LEVA (Intel Core Ultra 7 258V | Intel Arc | 14 inch WUXGA | 32GB | 1TB | NoOS | Đen),https://www.anphatpc.com.vn/laptop-lenovo-thinkpad-t14s-gen-6-21qx00leva.html
anphatpc,Laptop Asus Vivobook 14 A1407QA-LY114W (Snapdragon® X X1 26 100 Processor | 16GB | 512GB | 14 inch WUXGA | Win 11 | Bạc),https://www.anphatpc.com.vn/laptop-asus-vivobook-14-a1407qa-ly114w.html
anphatpc,Laptop HP EliteBook X Flip G1i B9FR9PT (Intel Core Ultra 7 268V | 32GB | 1TB | Intel Arc | 14 inch 2.5K 120Hz | Cảm ứng | Win 11 Pro | Bạc),https://www.anphatpc.com.vn/laptop-hp-elitebook-x-flip-g1i-b9fr9pt.html
anphatpc,Laptop MSI Cyborg 15 B2RWFKG-047VN (Intel Core 5 210H | RTX 5060 GDDR7 8GB | 15.6 inch FHD | 16GB | 512GB | Windows 11 Home SEA | Đen),https://www.anphatpc.com.vn/laptop-msi-cyborg-15-b2rwfkg-047vn.html
anphatpc,Laptop Lenovo Yoga Slim 7 14ILL10 83JX00D5VN (Intel Core Ultra 5 226V | 14 inch WUXGA OLED | 16GB | 512GB | Win 11 | Office | Trắng ngà),https://www.anphatpc.com.vn/laptop-lenovo-yoga-slim-7-14ill10-83jx00d5vn.html
anphatpc,"Laptop Dell Pro 14 Essential PV14250-PV14250-120U-16512W (Core 5 120U | 16GB | 512GB SSD | 14"" | 4 Cells | Win 11)",https://www.anphatpc.com.vn/laptop-dell-pro-14-essential-pv14250-pv14250-120u-16512w.html
anphatpc,Laptop HP Probook 4 G1i 16 BQ5D9PT (Intel Core Ultra 5 225H | Integrated Intel Arc 130T GPU | 16 inch WUXGA | 16GB | 512GB | Windows 11 Pro | Bạc),https://www.anphatpc.com.vn/laptop-hp-probook-4-g1i-16-bq5d9pt.html
anphatpc,Laptop HP Probook 4 G1i 16 BQ5E6PT (Intel Core Ultra 7 255H | Integrated Intel Arc Graphics | 16 inch WUXGA Touchscreen | 16GB | 512GB | Windows 11 Home SL | Bạc),https://www.anphatpc.com.vn/laptop-hp-probook-4-g1i-16-bq5e6pt.html
anphatpc,Laptop Dell Pro 14 Plus PB14250-PB14250-235U-16512W (Intel Core Ultra 5 235U vPro | 16GB | 512GB | Intel Graphics | 14 inch FHD+ | Win 11),https://www.anphatpc.com.vn/laptop-dell-pro-14-plus-pb14250-pb14250-235u-16512w.html
anphatpc,Laptop LENOVO ThinkPad X9-15 Gen 1 21Q60055VN (Intel Core Ultra 7 258V | 32GB | 1TB | Intel Arc | 15.3 inch 2.8K OLED | Cảm ứng | Win 11 Pro | Xám),https://www.anphatpc.com.vn/laptop-lenovo-thinkpad-x9-15-gen-1-21q60055vn.html
anphatpc,Laptop MSI Cyborg 15 A13VEK-2089VN (Intel Core i7-13620H | RTX 4050 6GB GDDR6 | 15.6 inch FHD | 16GB | 512GB | Windows 11 Home | Đen),https://www.anphatpc.com.vn/laptop-msi-cyborg-15-a13vek-2089vn.html
anphatpc,Laptop HP OmniBook 5 AI 16-af1054TU C1MN8PA (Intel Core Ultra 7 255U | 32GB | 512GB | Intel Graphics | 16 inch WUXGA IPS | Win 11 | Office | Bạc),https://www.anphatpc.com.vn/laptop-hp-omnibook-5-ai-16-af1054tu-c1mn8pa.html
anphatpc,Laptop HP OmniBook 5 AI 16 af1046TU - BZ7Q8PA (Intel Core Ultra 5 225U | 16GB | 512GB | Intel Graphic | 16 inch WUXGA | Cảm ứng | Win 11 | Office | Bạc),https://www.anphatpc.com.vn/laptop-hp-omnibook-5-ai-16-af1046tu-bz7q8pa.html
anphatpc,Laptop Lenovo Legion 5 15IRX10 83LY00HRVN (Intel Core i7-13650HX | RTX 5050 8GB | 15.3 inch WUXGA 165Hz | 16GB | 512GB | Win 11 | Office | Đen),https://www.anphatpc.com.vn/laptop-lenovo-legion-5-15irx10-83ly00hrvn.html
anphatpc,Laptop ASUS ExpertBook P1503CVA-i308-50W (Intel Core i3-1315U | Intel UHD | 15.6 inch FHD | 8GB | 512GB | Win 11 | Xám),https://www.anphatpc.com.vn/laptop-asus-expertbook-p1503cva-i308-50w.html
anphatpc,Laptop ASUS ROG Strix G16 G615JPR-S5107W (Intel Core i7-14650HX | RTX 5070 8GB | 16 inch 2.5K IPS 240Hz | 32GB | 1TB | Win 11 | Xám),https://www.anphatpc.com.vn/laptop-asus-rog-strix-g615j-g615jpr-s5107w.html
anphatpc,Laptop MSI Prestige 13 AI+ Evo A2VMG-040VN (Intel Core Ultra 7 Lunar Lake - 258V | Intel Arc | 13.3 inch 2.8K OLED | 32GB | 1TB | Win 11 | Xám),https://www.anphatpc.com.vn/laptop-msi-prestige-13-ai-evo-a2vmg-040vn.html
anphatpc,Laptop Lenovo LOQ 15IAX9E 83LK0079VN (Intel Core i5-12450HX | RTX 3050 6GB | 15.6 inch FHD 144Hz | 512GB | 16GB | Win 11 | Xám),https://www.anphatpc.com.vn/laptop-lenovo-loq-15iax9e-83lk0079vn.html
anphatpc,Laptop Dell 15 DC15250 i7U161W11SLU (Intel Core i7-1355U | 16GB | 1TB | 15.6 inch FHD IPS | Win 11 | Office | Bạc),https://www.anphatpc.com.vn/laptop-dell-15-dc15250-i7u161w11slu.html
anphatpc,Laptop Dell 16 Plus DB16250 X65NW7 (Intel Ultra 7 256V | 16GB | 1TB | Intel Arc | 16 inch QHD+ | Win 11 | Office | Xanh),https://www.anphatpc.com.vn/laptop-dell-16-plus-db16250-x65nw7.html
anphatpc,Laptop Dell 15 DC15255 DC5R5802W1 (Ryzen 5 7530U | 16GB | 512GB | AMD Radeon Graphics | 15.6 inch FHD 120Hz | Win 11 | Office | Bạc),https://www.anphatpc.com.vn/laptop-dell-15-dc15255-dc5r5802w1.html
anphatpc,Laptop Lenovo Legion Gaming 5 15IRX10 83LY004GVN (Intel Core i7-14700HX | RTX 5070 8GB | 15.1 WQXGA OLED 165Hz | 24GB | 1TB | Win 11 | Office | Đen),https://www.anphatpc.com.vn/laptop-lenovo-legion-gaming-5-15ahp10-83ly004gvn.html
anphatpc,Laptop MSI Prestige 13 AI Evo A1MG 241VN (Intel Core Ultra 5 125H | 13.3 inch 2.8K OLED | 512GB | 16GB | Win 11 | Trắng),https://www.anphatpc.com.vn/laptop-msi-prestige-13-ai-evo-a1mg-241vn.html
anphatpc,Laptop Dell XPS13 9350 PP9H1 (Intel Core Ultra 7-258V | 32GB | 1TB | 13.4 inch QHD + Cảm ứng | Win 11 | Office | Xám),https://www.anphatpc.com.vn/laptop-dell-xps13-9350-pp9h1.html
anphatpc,Laptop MSI Venture A14 AI+ A3HMG-004VN (Ryzen AI 5 340 | AMD Radeon Graphics 14QK | 14 inch 2.8K OLED | 16GB | 512GB | Windows 11 Home | Xám),https://www.anphatpc.com.vn/laptop-msi-venture-a14-ai-a3hmg-004vn.html
anphatpc,Laptop Lenovo ThinkPad X13 Gen 6 21RK00AJVA (Intel Core™ Ultra 5 225H | Intel Arc | 13.3 inch WUXGA | 16GB | 1TB | NoOS | Đen),https://www.anphatpc.com.vn/laptop-lenovo-thinkpad-x13-gen-6-21rk00ajva.html
anphatpc,Laptop ASUS ROG Strix G16 G615JMR-S5155W (Intel Core i7-14650HX | RTX 5060 8GB | 16 inch 2.5K IPS 240Hz | 32GB | 1TB | Win 11 | Xám),https://www.anphatpc.com.vn/laptop-asus-rog-strix-g615j-g615jmr-s5155w.html
anphatpc,Laptop Lenovo ThinkPad X1 Carbon Gen 13 21NS0108VN (Intel Core Ultra 5 226V | Intel Arc | 14 inch 2.8K OLED | 16GB | 1TB | Win 11 Pro | Đen),https://www.anphatpc.com.vn/laptop-lenovo-thinkpad-x1-carbon-gen-13-21ns0108vn.html
anphatpc,Laptop HP OmniBook X Flip 14-fm0086TU BZ7Q0PA (Intel Core Ultra 5 226V | 16GB | 1TB | Intel Arc | 14 inch 2K | Cảm ứng | Win 11 | Office | Xanh),https://www.anphatpc.com.vn/laptop-hp-omnibook-x-flip-14-fm0086tu-bz7q0pa.html
anphatpc,Laptop HP 250 G9 AG2K7AT (Intel Core i5-1235U | 16GB | 512GB | Intel Graphics | 15.6 inch FHD | Win 11 | Bạc tro sẫm),https://www.anphatpc.com.vn/laptop-hp-250-g9-ag2k7at.html
anphatpc,Laptop HP OmniBook 5 AI 16-AF1048TU BZ7Q9PA (Intel Core Ultra 5 225U | 16GB | 512GB | Intel Graphic | 16 inch WUXGA | Win 11 | Office |Bạc),https://www.anphatpc.com.vn/laptop-hp-omnibook-5-ai-16-af1048tu-bz7q9pa.html
anphatpc,Laptop ASUS TUF Gaming F16 FX608JH-RV039W (Intel Core i5-13450HX | RTX 5050 | 16GB | 1TB | 16 inch WUXGA | Windows 11 Home | Xám),https://www.anphatpc.com.vn/laptop-asus-tuf-gaming-f16-fx608jh-rv039w.html
anphatpc,Laptop ASUS TUF Gaming F16 FX608JH-QT127W (Intel Core i5-13450HX | RTX 5050 8GB | 16 inch 2.5K 165Hz | 16GB | 512GB | Win 11 | Xám),https://www.anphatpc.com.vn/laptop-asus-tuf-gaming-f16-fx608jh-qt127w.html
anphatpc,Laptop Dell 16 Plus DB16250 X65NW9 (Intel Ultral 9-288V | 32GB | 2TB | Intel Arc | 16 inch QHD+ | Win 11 | Office | Xanh),https://www.anphatpc.com.vn/laptop-dell-16-plus-db16250-x65nw9.html
anphatpc,Laptop Lenovo ThinkPad E16 Gen 3 21SR00AAVN (Intel Core Ultra 5 135H | Intel Graphics | 16 inch WUXGA IPS | 16GB | 512GB | Win 11 | Đen),https://www.anphatpc.com.vn/laptop-lenovo-thinkpad-e16-gen-3-21sr00aavn.html
anphatpc,Laptop Lenovo ThinkPad E14 Gen 7 21SX00BKVA (Intel Core Ultra 5 135H | Intel Graphics | 14 inch WUXGA IPS | 16GB | 1TB | NoOS | Đen),https://www.anphatpc.com.vn/laptop-lenovo-thinkpad-e14-gen-7-21sx00bkva.html
anphatpc,Laptop MSI Prestige 16 AI+ MercedesAMG B2VMG-088VN (Intel Core Ultra 9 288V | Intel Arc | 16 inch UHD+ OLED | 32GB | 2TB | Win 11 | Bạc),https://www.anphatpc.com.vn/laptop-msi-prestige-16-ai-mercedesamg-b2vmg-088vn.html
anphatpc,Laptop MSI Prestige 16 AI+ Evo B2VMG-016VN (Intel Core Ultra 9 288V | Intel Arc | 16 inch UHD+ OLED | 32GB | 1TB | Win 11 | Xám),https://www.anphatpc.com.vn/laptop-msi-prestige-16-ai-evo-b2vmg-016vn.html
anphatpc,Laptop Asus ROG Zephyrus G14 GA403WM-QS051WS (AMD Ryzen AI 9 HX 370 | RTX 5060 8GB | 14 inch 3K OLED 120Hz | 32GB | 1TB | Win 11 | Office | Xám),https://www.anphatpc.com.vn/laptop-asus-gaming-rog-zephyrus-g14-ga403wm-qs051ws.html
anphatpc,Laptop ASUS ROG Flow Z13 GZ302EAC-RU184WS (AMD Ryzen AI MAX+ 395 Processor 3.0GHz | 13.4 inch 2.5K IPS | Cảm ứng | 128GB | 1TB | Win 11 | Office),https://www.anphatpc.com.vn/laptop-asus-rog-flow-z13-gz302eac-ru184ws.html
anphatpc,Laptop MSI Cyborg 15 A13UC-2082VN (Intel Core i7-13620H | RTX 3050 | 15.6 inch FHD | 16GB | 512GB | Windows 11 Home | Đen),https://www.anphatpc.com.vn/laptop-msi-cyborg-15-a13uc-2082vn.html
anphatpc,Laptop Dell 16 DC16250-71076092 (Intel Core 5 120U | 16GB | 1TB | Intel Graphics | 16 inch FHD + | OfficeHome24+O365 | McAfee LS | Win 11 Home,https://www.anphatpc.com.vn/laptop-dell-16-dc16250-71076092.html
anphatpc,Laptop Lenovo V15 G5 IRL 83HF00BRVA (Intel Core i5-13420H | 8GB | 512GB | Intel UHD | 15.6 inch FHD IPS | NoOS | Xám),https://www.anphatpc.com.vn/laptop-lenovo-v15-g5-irl-83hf00brva.html
anphatpc,Laptop Lenovo ThinkPad E16 Gen 3 21TF003UVA (Intel Core 7 240H | Intel Graphics | 16 inch WUXGA IPS | 16GB | 512GB | NOOS | Đen),https://www.anphatpc.com.vn/laptop-lenovo-thinkpad-e16-gen-3-21tf003uva.html
anphatpc,Laptop Lenovo ThinkPad E16 Gen 3 22AY003UVN (Intel Core Ultra 7 258V | Intel Arc | 16 inch WUXGA IPS | 32GB | 1TB | Win 11 | Đen),https://www.anphatpc.com.vn/laptop-lenovo-thinkpad-e16-gen-3-22ay003uvn.html
anphatpc,Laptop Lenovo ThinkPad T14s Gen 6 21QX00LDVA ( Intel Core Ultra 7 258V | Intel Arc | 14 inch WUXGA IPS | 32GB | 512GB | NoOS | Đen),https://www.anphatpc.com.vn/laptop-lenovo-thinkpad-t14s-gen-6-21qx00ldva.html
anphatpc,Laptop Gigabyte AORUS 16X 9KG-43VNC54SH (Intel Core i7-13650HX | RTX 4060 | 16 inch WQXGA | 16GB | 1TB | Win 11 | Xám),https://www.anphatpc.com.vn/laptop-gigabyte-aorus-16x-9kg-43vnc54sh.html
anphatpc,Laptop Lenovo ThinkPad X1 Carbon Gen 13 Aura Edition 21NS010CVN (Intel Core Ultra 7 258V | Intel Arc | 14 inch 2.8K OLED | 32GB | 1TB | Win 11 Pro | Đen),https://www.anphatpc.com.vn/laptop-lenovo-thinkpad-x1-carbon-gen-13-aura-edition-21ns010cvn.html
anphatpc,Laptop HP OmniBook Ultra Flip 14-fh0097TU BZ7S3PA (Intel Core Ultra 7 Lunar Lake - 258V | 32GB | 1 TB | Intel Arc 140V | 14 inch 2.8K OLED | Win 11 | Office),https://www.anphatpc.com.vn/laptop-hp-omnibook-ultra-flip-14-fh0097tu-bz7s3pa.html
anphatpc,Laptop HP EliteBook Ultra G1i B9FE9PT (Intel Core Ultra 7 268V | 32GB | 1TB | Intel Arc | 14 inch 2.8K OLED | Cảm ứng | Win 11 Pro | Xanh),https://www.anphatpc.com.vn/laptop-hp-elitebook-ultra-g1i-b9fe9pt.html
anphatpc,Laptop Lenovo ThinkPad E14 Gen 7 21U2006FVA (Intel Core Ultra 7 258V | 32GB | 512GB | Intel Arc | 14 inch WUXGA IPS | NoOS | Đen),https://www.anphatpc.com.vn/laptop-lenovo-thinkpad-e14-gen-7-21u2006fva.html
anphatpc,Laptop Dell Inspiron 14 5440 N4I5211W1 (Intel Core 5 processor 120U | 16GB | 512GB | Intel Iris Xe | 14 inch FHD+ | Win 11 | Office | Xanh),https://www.anphatpc.com.vn/laptop-dell-inspiron-14-5440-n4i5211w1.html
anphatpc,Laptop HP Probook 4 G1i 16 BQ5E1PT (Intel Core Ultra 7 255U | Integrated Intel Graphics | 16 inch WUXGA | 16GB | 512GB | Windows 11 Home SL | Bạc),https://www.anphatpc.com.vn/laptop-hp-probook-4-g1i-16-bq5e1pt.html
anphatpc,Laptop Lenovo ThinkPad X13 Gen 6 21RK00AVVN (Intel Core Ultra 7 255H | Integrated Intel Arc 140T GPU | 13.3 inch WUXGA | 32GB | 1TB | Windows 11 Pro | Đen),https://www.anphatpc.com.vn/laptop-lenovo-thinkpad-x13-gen-6-21rk00avvn.html
anphatpc,Laptop ASUS Zenbook S 14 UX5406AA-SU425WS (Intel Core Ultra 9 Processor 386H | 14 inch 3K OLED | 32GB | 1TB | Win 11 | Office),https://www.anphatpc.com.vn/laptop-asus-zenbook-s-14-ux5406aa-su425ws.html
anphatpc,Laptop ROG Zephyrus G16 GU605CR-QR265WS (Intel Core Ultra 9 285H | RTX 5070 Ti 12GB GDDR7 | 16-inch WQXGA | 32GB | 1TB | Windows 11 Home SL | Trắng),https://www.anphatpc.com.vn/laptop-rog-zephyrus-g16-gu605cr-qr265ws.html
anphatpc,Laptop Dell Inspiron 14 5440 N4I7204W1 (Intel Core 7 processor 150U | 16GB | 512GB | Intel Iris Xe | 14 inch FHD+ | Win 11 | Office | Xanh),https://www.anphatpc.com.vn/laptop-dell-inspiron-14-5440-n4i7204w1.html
anphatpc,Laptop MSI Prestige 13 AI+ A3MG-036VN (Intel Core Ultra 9 386H | Intel Arc graphics | 13.3 inch 2.8K | 32GB | 1TB | Windows 11 Home | Xám),https://www.anphatpc.com.vn/laptop-msi-prestige-13-ai-a3mg-036vn.html
anphatpc,Laptop MSI Prestige 14 Flip AI+ D3MTG-021VN (Intel Core Ultra 9 386H | Intel Arc graphics | 14 inch FHD+ | Touch Screen | 32GB | 1TB | Windows 11 Home | Xám),https://www.anphatpc.com.vn/laptop-msi-prestige-14-flip-ai-d3mtg-021vn.html
anphatpc,Laptop Dell Pro 13 Plus PB13250-PB13250-236V-16512W (Intel Core Ultra 5 236V vPro | 16GB | 512GB | Intel Graphics | 13.3 inch FHD+ | Win 11),https://www.anphatpc.com.vn/laptop-dell-pro-13-plus-pb13250-pb13250-236v-16512w.html
anphatpc,Laptop Dell Mobile Precision 3590 (Intel Core Ultra 7 165H vPro Enterprise | 16GB | 512GB | 15.6 inch FHD | NVIDIA RTX 500-4GB | Ubuntu | Xám),https://www.anphatpc.com.vn/laptop-nb-dell-mobile-precision-3590.html
anphatpc,Laptop Dell 14 DC14250 F0FTK7 (Intel Core7 150U | 16GB | 512GB | 2GD6_MX570A | 14 inch FHD + IPS | Win 11 | Office | Bạc),https://www.anphatpc.com.vn/laptop-dell-14-dc14250-f0ftk7.html
anphatpc,Laptop HP OmniBook 7 14-fs0042TU C1MP3PA (Intel Core 5 210H | 14 inch 2K IPS | 24GB | 512GB | Win 11 | Office | Bạc),https://www.anphatpc.com.vn/laptop-hp-omnibook-7-14-fs0042tu-c1mp3pa.html
anphatpc,Laptop MSI Prestige 16 AI+ C3MG-024VN (Intel® Core™ Ultra X9 processor 388H | Intel Arc | 16 inch 2.8K OLED | 32GB | 1TB | Win 11),https://www.anphatpc.com.vn/laptop-msi-prestige-16-ai-c3mg-024vn.html
anphatpc,Laptop HP OmniBook 7 16-az0040TU C2DR3PA (Intel Core 9 270H | Intel Graphics | 16 inch 2K IPS | 32GB | 512GB | Win 11 | Office | Bạc),https://www.anphatpc.com.vn/laptop-hp-omnibook-7-16-az0040tu-c2dr3pa.html
anphatpc,Laptop MSI Stealth 16 AI+ B3WF-007VN (Intel Core Ultra 9 386H | RTX 5060 GDDR7 8GB | 16 inch QHD+ | 32GB | 1TB | Windows 11 Home | Đen),https://www.anphatpc.com.vn/laptop-msi-stealth-16-ai-b3wf-007vn.html
anphatpc,Laptop MSI Stealth 16 AI+ B3WG-008VN (Intel Core Ultra 9 386H | RTX 5070 GDDR7 8GB | 16 inch QHD+ | 32GB | 1TB | Windows 11 Home | Đen),https://www.anphatpc.com.vn/laptop-msi-stealth-16-ai-b3wg-008vn.html
anphatpc,Laptop Gigabyte GAMING A16 CMHI2VN894SH (Intel Core i7-13620H | RTX 4050 6GB | 16 inch IPS WUXGA | 16GB | 1TB | Win 11 | Đen),https://www.anphatpc.com.vn/laptop-gigabyte-gaming-a16-cmhi2vn894sh.html
anphatpc,Laptop HP ProBook 440 G10 B73SKAT (Intel Core i5-1334U | 16GB | 512GB | Intel Graphics | 14 inch FHD IPS | Win 11 | Bạc),https://www.anphatpc.com.vn/laptop-hp-probook-440-g10-b73skat.html
anphatpc,Laptop Dell Inspiron 14 5440 7FN5J (Intel Core 7 processor 150U | 16GB | 1TB | 14 inch FHD+ | Win 11 | Office),https://www.anphatpc.com.vn/laptop-dell-inspiron-14-5440-7fn5j.html
anphatpc,Laptop Lenovo ThinkPad X1 Carbon Gen 13 21NS010HVN (Intel Core Ultra 7 258V | Intel Arc | 14 inch 2.8K OLED | 32GB | 512GB | Win 11 Pro | Đen),https://www.anphatpc.com.vn/laptop-lenovo-thinkpad-x1-carbon-gen-13-21ns010hvn.html
anphatpc,"Laptop ASUS ExpertBook P1 P1403CVA-C3U08-50W (Core 3 100U | 8GB | 512GB | FingerPrint | Chiclet Keyboard | Wi-Fi 6+ Bluetooth | 14"" FHD | Windows 11 Home | 2Y OnSite Service)",https://www.anphatpc.com.vn/laptop-asus-expertbook-p1-p1403cva-c3u08-50w.html
anphatpc,Laptop Lenovo ThinkPad E14 Gen 7 21SX002QVA (Intel Core Ultra 5 225U | 16GB | 512GB | 14 inch WUXGA | Intel Graphics | NoOS | Đen),https://www.anphatpc.com.vn/laptop-lenovo-thinkpad-e14-gen-7-21sx002qva.html
anphatpc,Laptop HP Probook 4 G1i 16 BQ5E4PT (Intel Core Ultra 7 255H | Integrated Intel Arc Graphics | 16 inch WUXGA | 16GB | 512GB | Windows 11 Home SL | Bạc),https://www.anphatpc.com.vn/laptop-hp-probook-4-g1i-16-bq5e4pt.html
anphatpc,Laptop Lenovo IdeaPad Slim 3 14IRH10 83K0000AVN (Intel Core i5-13420H | 24GB | 512GB | Intel UHD | 14 inch WUXGA | Win 11 | Xám),https://www.anphatpc.com.vn/laptop-lenovo-ideapad-slim-3-14irh10-83k0000avn.html
anphatpc,Laptop ASUS ExpertBook P1403CVA-i308-50W (Intel Core i3-1315U | Intel UHD | 14 inch FHD | 8GB | 512GB | Win 11 | Xám),https://www.anphatpc.com.vn/laptop-asus-expertbook-p1403cva-i308-50w.html
anphatpc,Laptop Lenovo ThinkPad E14 Gen 7 21U2003LVA (Intel Core Ultra 5 226V | 16GB | 512GB | Intel Arc | 14 inch WUXGA IPS | NoOS | Đen),https://www.anphatpc.com.vn/laptop-lenovo-thinkpad-e14-gen-7-21u2003lva.html
anphatpc,Laptop Lenovo IdeaPad Slim 3 14IRH10 83K00008VN (Intel Core i5-13420H | 16GB | 512GB | Intel UHD | 14 inch WUXGA | Win 11 | Xám),https://www.anphatpc.com.vn/laptop-lenovo-ideapad-slim-3-14irh10-83k00008vn.html
anphatpc,Laptop Gigabyte GAMING A16 CWHI3VNC94SH (Intel Core i7-13620H | RTX 5070 8GB GDDR7 | 16 inch WQXGA | 16GB | 1TB | Windows 11 Home SL | Đen),https://www.anphatpc.com.vn/laptop-gigabyte-gaming-a16-cwhi3vnc94sh.html
anphatpc,Laptop Gigabyte GAMING A16 CVHI3VNC93SH (Intel Core i7-13620H | RTX 5060 8GB GDDR7 | 16 inch WQXGA | 16GB | 512GB | Windows 11 Home SL | Đen),https://www.anphatpc.com.vn/laptop-gigabyte-gaming-a16-cvhi3vnc93sh.html
anphatpc,Laptop HP EliteBook 6 G1i 13 BQ9Q3PT (Intel Core Ultra 7 255U | 16GB | 512GB | 13.3 inch WUXGA | Cảm ứng | Win 11 | Bạc),https://www.anphatpc.com.vn/laptop-hp-elitebook-6-g1i-13-bq9q3pt.html
anphatpc,Laptop HP VICTUS 16-r0223TX 9Q974PA (Intel Core i7-13700H | RTX 4070 8GB GDDR6 | 16.1 inch FHD | 32GB | 512GB | Windows 11 Home | Bạc),https://www.anphatpc.com.vn/laptop-hp-victus-16-r0223tx-9q974pa.html
anphatpc,Laptop Lenovo IdeaPad Slim 5 14AKP10 83HX00ABVN (AMD Ryzen AI 5 330 | AMD Radeon | 14 inch WUXGA OLED | 16GB | 512GB | Win 11 | Xám),https://www.anphatpc.com.vn/laptop-lenovo-ideapad-slim-5-14akp10-83hx00abvn.html
anphatpc,Laptop ASUS TUF Gaming F16 FX608JPR-RV044W (Intel Core i7 14650HX | RTX 5070 | 16 inch FHD+ 165Hz | 16GB | 1TB | Win 11 | Xám),https://www.anphatpc.com.vn/laptop-asus-tuf-gaming-f16-fx608jpr-rv044w.html
anphatpc,Laptop Gigabyte AORUS 16X AKG-53VNC94SH (Intel Core i7-14650HX | RTX 4060 8GB | 16 inch WQXGA 165Hz | 16GB | 1TB | Win 11 | Xám),https://www.anphatpc.com.vn/laptop-gigabyte-aorus-16x-akg-53vnc94sh.html
anphatpc,Laptop Asus Vivobook S14 S3407QA-SF043WS (Snapdragon X X1 26 100 | 16GB | 512GB | Qualcomm Adreno | 14 inch FHD OLED | Win 11 | Office Xám),https://www.anphatpc.com.vn/laptop-asus-vivobook-s14-s3407qa-sf043ws.html
anphatpc,"Laptop ASUS ROG Strix G16 G615JHR-S5069W (Intel Core i7-14650HX | RTX 5050 8GB | 16 inch 2,5K IPS 240Hz | 32GB | 1TB | Win 11 | Xám)",https://www.anphatpc.com.vn/laptop-asus-rog-strix-g615jhr-s5069w.html
anphatpc,Laptop ASUS Vivobook 16X K3605VC-RP491W (Intel Core i7-13620H | 16GB | 512GB | 16 inch WUXGA | RTX 3050 4GB | Windows 11 Home | Đen),https://www.anphatpc.com.vn/laptop-asus-vivobook-16x-k3605vc-rp491w.html
anphatpc,Laptop ASUS Vivobook S 16 S5606CA-RI171WS (Intel Core Ultra 7 255H | 16GB | 512GB | Intel Arc | 16 inch 3K OLED | Win 11 | Office | Xanh),https://www.anphatpc.com.vn/laptop-asus-vivobook-s-16-s5606ca-ri171ws.html
anphatpc,Laptop ASUS Gaming Vivobook 16X K3605VC-RP431W (Intel Core i5-13420H | RTX 3050 4GB | 16 inch WUXGA IPS | 16GB | 512GB | Win 11 | Đen),https://www.anphatpc.com.vn/laptop-asus-gaming-vivobook-16x-k3605vc-rp431w.html
anphatpc,Laptop Asus ZenBook Duo UX8406CA-PZ109WS (Intel Core Ultra 9 285H | 32GB | 1 TB | 14 inch 3K OLED | Cảm ứng | Win 11 | Office | Xám),https://www.anphatpc.com.vn/laptop-asus-zenbook-duo-ux8406ca-pz109ws.html
anphatpc,Laptop Asus Zenbook S 14 OLED UX5406SA-PV140WS (Intel Core Ultra 7 Processor 258V | 14 inch 3K OLED | Intel Arc | 32GB | 1TB | Win 11 | Office |Trắng),https://www.anphatpc.com.vn/laptop-asus-zenbook-s-14-oled-ux5406sa-pv140ws.html
anphatpc,Laptop Asus Zenbook S 16 UM5606KA-RK113WS (AMD Ryzen AI 7 350 Processor 2.0GHz | 24GB | 1TB | AMD Radeon | 16 inch 3K OLED | Win 11 | Office | Xám),https://www.anphatpc.com.vn/laptop-asus-zenbook-s-16-um5606ka-rk113ws.html
anphatpc,Laptop ASUS Vivobook S14 S3407VA-LY046W (Intel Core i5-13420H | 16GB | 512GB | Intel UHD | 14 inch WUXGA IPS 60Hz | Win 11 | Bạc),https://www.anphatpc.com.vn/laptop-asus-vivobook-s-14-s3407va-ly046w.html
anphatpc,Laptop Asus Vivobook S 14 Flip TP3402VA-LZ632W (Intel Core i5-13420H | 16GB | 512GB | Intel UHD | 14 inch WUXGA IPS | Win 11 | Bạc),https://www.anphatpc.com.vn/laptop-asus-vivobook-s-14-flip-tp3402va-lz632w.html
anphatpc,Laptop HP OmniBook Ultra Flip 14-fh0095TU BZ7S2PA (Intel Core Ultra 9 288V | 32GB | 1TB | Intel Arc 140V | 14 inch 2.8K OLED | WIn 11 | Office),https://www.anphatpc.com.vn/laptop-hp-omnibook-ultra-flip-14-fh0095tu-bz7s2pa.html
anphatpc,Laptop ASUS Zenbook 14 UM3406KA-PP113WS (RYZEN AI 7 350 | AMD Radeon | 14 inch 3K 120Hz | 16GB | 512GB | Win 11 | Office | Đen),https://www.anphatpc.com.vn/laptop-asus-zenbook-14-um3406ka-pp113ws.html
anphatpc,Laptop Asus Vivobook 16 A1607QA-MB067WS (Snapdragon X X1 26 100 | 16GB | 512GB | 16 inch WUXGA | Win 11 | Office | Bạc),https://www.anphatpc.com.vn/laptop-asus-vivobook-16-a1607qa-mb067ws.html
anphatpc,Laptop Asus Vivobook 14 A1407CA-LY008WS (Intel Core Ultra 5 225H | 16GB | 512GB | Intel Arc | 14 inch WUXGA IPS | Win 11 | Office | Bạc),https://www.anphatpc.com.vn/laptop-asus-vivobook-14-a1407ca-ly008ws.html
anphatpc,Laptop Asus Vivobook 15 A1505VA-L1688W (Intel Core i7-13620H | 16GB | 512GB | Intel UHD | 15.6 inch FHD | Win 11 | Bạc),https://www.anphatpc.com.vn/laptop-asus-vivobook-15-a1505v-l1688w.html
anphatpc,Laptop Asus Vivobook Go 15 E1504GA-BQ1141W (Intel Core i3-N305 | 8GB | 256GB | Intel UHD | 15.6 inch FHD 60Hz | Win 11 | Bạc),https://www.anphatpc.com.vn/laptop-asus-vivobook-go-15-e1504ga-bq1141w.html
anphatpc,Laptop ASUS Zenbook 14 UM3406KA-PP555WS (RYZEN AI 7 350 | AMD Radeon | 14 inch 3K OLED | 32GB LPDDR5X | 512GB | Windows 11 Home | Đen),https://www.anphatpc.com.vn/laptop-asus-zenbook-14-um3406ka-pp555ws.html
anphatpc,Laptop Asus Zenbook 14 UX3405CA-PZ204WS (Intel Core Ultra 9 285H | 32GB | 1TB | Intel Arc | 14 inch 3K OLED | Cảm ứng | Win 11 | Office | Xanh),https://www.anphatpc.com.vn/laptop-asus-zenbook-14-ux3405ca-pz204ws.html
anphatpc,Laptop ASUS Zenbook 14 UX3405CA-PZ188WS (Intel Core Ultra 7 255H | 32GB | 1TB | 14 inch 3K OLED | Intel Arc Graphics | Windows 11 Home + Microsoft Office | Xanh),https://www.anphatpc.com.vn/laptop-asus-zenbook-14-ux3405ca-pz188ws.html
anphatpc,Laptop Asus Vivobook S14 M3407KA-SF032WS (AMD Ryzen AI 7 350 | 32GB | 512GB | AMD Radeon | 14 inch WUXGA OLED 60Hz | Win 11 | Office | Bạc),https://www.anphatpc.com.vn/laptop-asus-vivobook-s14-m3407ka-sf032ws.html
anphatpc,Laptop ASUS Vivobook S 16 S5606CA-RI114WS (Intel Core Ultra 5 225H | 16GB | 512GB | Intel Arc | 16 inch 3K OLED | Win 11 | Office | Xanh),https://www.anphatpc.com.vn/laptop-asus-vivobook-s-16-s5606ca-ri114ws.html
anphatpc,Laptop Asus Vivobook 15 X1502VA-BQ885W (Intel Core i5-13420H | 16GB | 512GB | Intel UHD | 15.6 inch FHD IPS | Win 11 | Bạc),https://www.anphatpc.com.vn/laptop-asus-vivobook-15-x1502va-bq885w.html
anphatpc,Laptop Asus Vivobook 14 X1405VA-LY623W (Intel Core i5-13420H | 16GB | 512GB | 14 inch WUXGA | Win 11 | Bạc),https://www.anphatpc.com.vn/laptop-asus-vivobook-14-x1405va-ly623w.html
anphatpc,Laptop MSI Vector 16 HX AI A2XWHG 010VN (Intel Core Ultra 7 255HX | RTX 5070 Ti | 16 inch QHD + 240Hz | 16GB | 512GB | Win | Đen),https://www.anphatpc.com.vn/laptop-msi-vector-16-hx-ai-a2xwhg-010vn.html
anphatpc,Laptop MSI Prestige 13 AI Evo A1MG 240VN (Intel Core Ultra 5 125H | 13.3 inch 2.8K OLED | 32GB | 512GB | Win 11 | Trắng),https://www.anphatpc.com.vn/laptop-msi-prestige-13-ai-evo-a1mg-240vn.html
anphatpc,Laptop MSI Prestige 14 AI Evo C1MG 080VN (Intel Core Ultra 5 125H | 14 inch 2.8K OLED | 32GB | 512GB | Win 11 | Xám),https://www.anphatpc.com.vn/laptop-msi-prestige-14-ai-evo-c1mg-080vn.html
anphatpc,Laptop ASUS ROG Strix G16 G615LR-S5289W (Intel Core Ultra 7 255HX | RTX 5070 Ti 12GB | 16 inch 2.5K IPS 240Hz | 16GB | 1TB | Win 11 | Xám),https://www.anphatpc.com.vn/laptop-asus-rog-strix-g16-g615lr-s5289w.html
anphatpc,Laptop ASUS ROG Strix G18 G815LR-S9211W (Intel Core Ultra 9 Processor 275HX | RTX 5070 Ti 12GB | 18 inch 2.5K IPS 240Hz | 32GB | 1TB | Win 11 | Xám),https://www.anphatpc.com.vn/laptop-asus-rog-strix-g18-g815lr-s9211w.html
anphatpc,Laptop ASUS ROG Strix G18 G815LP-S9102W (Intel Core Ultra 9 Processor 275HX | RTX 5070 8GB | 18 inch 2.5K 240Hz | 32GB | 1TB | Win 11),https://www.anphatpc.com.vn/laptop-asus-rog-strix-g18-g815lp-s9102w.html
anphatpc,Laptop ASUS ROG Strix G18 G815LM-S9088W (Intel Core Ultra 9 Processor 275HX | RTX 5060 | 18 inch 2.5K IPS 240Hz | 32GB | 1TB | Win 11),https://www.anphatpc.com.vn/laptop-asus-rog-strix-g18-g815lm-s9088w.html
anphatpc,Laptop ASUS ROG Strix SCAR 16 G635LW-RW175W (Intel Core Ultra 9 Processor 275HX | RTX 5080 16GB | 16 inch 2.5K 240Hz | 64GB | 4TB | Win 11 | Đen),https://www.anphatpc.com.vn/laptop-asus-rog-strix-scar-16-g635lw-rw175w.html
anphatpc,Laptop ASUS ROG Zephyrus G14 GA403WP-QS045WS (AMD Ryzen AI 9 HX 370 | RTX5070 | 14 inch 3K 120Hz 3K OLED | 32GB | 1TB | Win 11 | Office | Xám),https://www.anphatpc.com.vn/laptop-asus-rog-zephyrus-g14-ga403wp-qs045ws.html
anphatpc,Laptop Asus ROG Zephyrus G16 GU605CR-QR107W (Intel Core Ultra 9 285H | RTX 5070 Ti | 16 inch WQXGA 240Hz | 32GB | 1TB | Win 11 | Xám),https://www.anphatpc.com.vn/laptop-asus-gaming-rog-zephyrus-g16-gu605cr-qr107w.html
anphatpc,Laptop MSI Stealth A16 AI+ A3XWFG-018VN (AMD Ryzen AI 9 HX 370 | RTX 5060 8GB | 16 inch QHD+ 240Hz | 32GB | 1TB | Win 11 | Đen),https://www.anphatpc.com.vn/laptop-msi-stealth-a16-ai-a3xwfg-018vn.html
anphatpc,Laptop MSI Prestige 13 AI+ Evo A2VMG-062VN (Intel Core Ultra 9 288V | Intel Arc | 13.3 inch 2.8K OLED | 32GB | 1TB | Win 11 | Xám),https://www.anphatpc.com.vn/laptop-msi-prestige-13-ai-evo-a2vmg-062vn.html
anphatpc,Laptop Lenovo IdeaPad Slim 3 82XQ00J0VN (AMD Ryzen 5 7520U | AMD Radeon 610M | 15.6 inch FHD | 16GB | 512GB | Windows 11 Home SL | Xám),https://www.anphatpc.com.vn/laptop-lenovo-ideapad-slim-3-82xq00j0vn.html
anphatpc,Laptop MSI Katana 15 HX B14WGK-022VN (Intel Core i9-14900HX | RTX 5070 8GB | 15.6 inch QHD 165Hz | 32GB | 1TB | Win 11 | Đen),https://www.anphatpc.com.vn/laptop-msi-katana-15-hx-b14wgk-022vn.html
anphatpc,Laptop MSI Katana 15 HX B14WFK-294VN (Intel Core i9-14900HX | RTX 5060 8GB | 15.6 inch QHD 165Hz | 16GB | 512GB | Win 11 | Đen),https://www.anphatpc.com.vn/laptop-msi-katana-15-hx-b14wfk-294vn.html
anphatpc,Laptop MSI Katana 15 HX B14WEK-295VN (Intel Core i9-14900HX | RTX 5050 8GB | 15.6 inch QHD 165Hz | 16GB | 512GB | Win 11 | Đen),https://www.anphatpc.com.vn/laptop-msi-katana-15-hx-b14wek-295vn.html
anphatpc,Laptop Lenovo ThinkPad T14s Gen 6 21R10001VA (Intel Core Ultra 5 225U | Intet Graphics | 14 inch WUXGA IPS | 16GB | 512GB | NoOS | Đen),https://www.anphatpc.com.vn/laptop-lenovo-thinkpad-t14s-gen-6-21r10001va.html
anphatpc,Laptop Lenovo ThinkPad T14s Gen 6 21R10003VA (Intel Core Ultra 7 255H | Intel Arc 140T | 14 inch WUXGA | 32GB | 1TB | No OS | Black),https://www.anphatpc.com.vn/laptop-lenovo-thinkpad-t14s-gen-6-21r10003va.html
anphatpc,Laptop Lenovo IdeaPad Slim 3 16IRH10 83K20001VN (Intel Core i7-13620H | 16GB | 512GB | Intel UHD | 16 inch WUXGA IPS 60Hz | Win 11 | Xám),https://www.anphatpc.com.vn/laptop-lenovo-ideapad-slim-3-16irh10-83k20001vn.html
anphatpc,Laptop Lenovo V15 G4 IRU 83A100RHVN (Intel Core i7-13620H | 16GB | 512GB | Intel UHD | 15.6 inch FHD IPS | Win 11 | Xám),https://www.anphatpc.com.vn/laptop-lenovo-v15-g4-iru-83a100rhvn.html
anphatpc,Laptop Lenovo V15 G5 IRL 83HF00BTVA (Intel Core i7-13620H | 16GB | 512GB | Intel UHD | 15.6 inch FHD IPS | NoOS | Xám),https://www.anphatpc.com.vn/laptop-lenovo-v15-g5-irl-83hf00btva.html
anphatpc,Laptop ASUS ExpertBook P1 P1403CVA-i508-50W (Intel Core i5 13420H | Intel UHD | 14 inch FHD | 8GB | 512GB | Win 11),https://www.anphatpc.com.vn/laptop-asus-expertbook-p1-p1403cva-i508-50w.html
anphatpc,Laptop Lenovo ThinkPad E16 Gen 3 21TF003RVA (Intel Core 5 210H | Intel Graphics | 16 inch WUXGA IPS | 16GB | 1TB | NoOS | Đen),https://www.anphatpc.com.vn/laptop-lenovo-thinkpad-e16-gen-3-21tf003rva.html
anphatpc,Laptop ASUS ROG Strix G18 G815LW-S9164W (Intel Core Ultra 9 275HX | RTX 5080 | 18 inch 2.5K 240Hz | 32GB | 1TB | Xám | Win 11),https://www.anphatpc.com.vn/laptop-asus-rog-strix-g18-g815lw-s9164w.html
anphatpc,Laptop ASUS ROG Strix G18 G815JPR-S9057W (Intel Core i9 14900HX | RTX 5070 | 18 inch 2.5K 240Hz | 32GB | 1TB | Xám | Win 11),https://www.anphatpc.com.vn/laptop-asus-rog-strix-g18-g815jpr-s9057w.html
anphatpc,Laptop ASUS ROG Strix G18 G815LR-S9270W (Intel Core Ultra 9 Processor 275HX | RTX 5070 Ti 12GB | 18 inch 2.5K IPS | 32GB | 1TB | Win 11 | Xám),https://www.anphatpc.com.vn/laptop-asus-rog-strix-g18-g815lr-s9270w.html
anphatpc,Laptop ASUS ROG Strix G16 G614PM-S5181WS (AMD Ryzen 9 8940HX | RTX 5060 8GB GDDR7 | 16-inch WQXGA | 16GB | 1TB | Windows 11 Home | Xám),https://www.anphatpc.com.vn/laptop-asus-rog-strix-g16-g614pm-s5181ws.html
anphatpc,Laptop HP ProBook 440 G11 A74B5PT (Intel Core Ultra 5 125U | 16GB | 512GB | 14 inch WUXGA IPS | Win 11 | Bạc),https://www.anphatpc.com.vn/laptop-hp-probook-440-g11-a74b5pt.html
anphatpc,Laptop HP ProBook 440 G11 A74BLPA (Intel Core Ultra 7 155H | 16GB | 512GB | Intel Arc | 14 inch WUXGA | Cảm ứng | Win 11 | Bạc),https://www.anphatpc.com.vn/laptop-hp-probook-440-g11-a74blpa.html
anphatpc,Laptop HP ProBook 440 G11 A74BHPT (Intel Core Ultra 7 155U | 16GB | 512GB | Intel Graphics | 14 inch WUXGA | Win 11 | Bạc),https://www.anphatpc.com.vn/laptop-hp-probook-440-g11-a74bhpt.html
anphatpc,Laptop HP ProBook 440 G11 A74B4PT (Intel Core Ultra 5 125U | 8 GB | 512GB | 14 inch WUXGA | Win 11 | Bạc),https://www.anphatpc.com.vn/laptop-hp-probook-440-g11-a74b4pt.html
anphatpc,Laptop Lenovo ThinkPad P16s Gen 4 21QV005AVN (Intel Core Ultra 7 255H | RTX PRO 500 Blackwell Generation 6GB | 16 inch WUXGA IPS | 32GB | 1TB | Win 11 Pro | Đen),https://www.anphatpc.com.vn/laptop-lenovo-thinkpad-p16s-gen-4-21qv005avn.html
anphatpc,Laptop MSI Stealth A16 Mercedes AMG AI+ A3XWGGG-032VN (AMD Ryzen AI 9 HX 370 | RTX 5070 8GB | 16 inch QHD+ OLED | 32GB | 2TB | Win 1 | Đen),https://www.anphatpc.com.vn/laptop-msi-stealth-a16-mercedesamg-ai-a3xwggg-032vn.html
anphatpc,Laptop Lenovo ThinkPad P16v Gen 3 21RS0042VA (Intel core Ultra 7 255H | RTX PRO 1000 BW 8GB GDDR7 | 16 inch WUXGA | 32GB | 1TB | NoOS | Black),https://www.anphatpc.com.vn/laptop-lenovo-thinkpad-p16v-gen-3-21rs0042va.html
anphatpc,Laptop Lenovo ThinkBook 14 Gen 8 21SG007PVA (Intel Core 7 240H | Intel Graphic | 16 GB | 512GB | 14 inch WUXGA 60Hz | NoOS | Xám),https://www.anphatpc.com.vn/laptop-lenovo-thinkbook-14-gen-8-21sg007pva.html
anphatpc,Laptop HP Elitebook x360 1040 G11 AM9H1PT (Intel Core Ultra 7-165H | 16GB | 512GB | Intel Graphics | 14 inch WUXGA Cảm ứng | Win 11 Pro | Bạc),https://www.anphatpc.com.vn/laptop-hp-elitebook-x360-1040-g11-am9h1pt.html
anphatpc,Laptop MSI Raider 18 HX AI A2XWIG 033VN (Intel Core Ultra 9 285HX | RTX 5080 | 18 inch UHD+ 120Hz |64GB | 4TB | Win 11 | Đen),https://www.anphatpc.com.vn/laptop-msi-raider-18-hx-ai-a2xwig-033vn.html
anphatpc,Laptop Lenovo IdeaPad Slim 3 16IRH10 83K20004VN (Intel Core i7-13620H | 24GB | 512GB | Intel UHD | 16 inch WUXGA IPS | Win 11 | Xám),https://www.anphatpc.com.vn/laptop-lenovo-ideapad-slim-3-16irh10-83k20004vn.html
anphatpc,Laptop Acer Predator Helios 18 AI PH18-73-93P0 (Intel Core Ultra 9 275HX | RTX 5080 16GB | 18 inch 2K+ 250Hz IPS | 64GB | 3TB | Win 11 Pro | Đen),https://www.anphatpc.com.vn/laptop-acer-predator-helios-18-ai-ph18-73-93p0.html
anphatpc,Laptop Acer Swift X 14 AI SFX14-72G-79UW (Intel Core Ultra 7 155H | 32GB | 1TB | RTX 4070 | 14 inch 2.8K OLED | Win 11 | Xám),https://www.anphatpc.com.vn/laptop-acer-swift-x-14-ai-sfx14-72g-79uw.html
anphatpc,Laptop Acer Swift X 14 AI SFX14-72G-77F9 (Intel Core Ultra 7 155H | 32GB | 1TB | RTX 4050 | 14 inch 2.8K OLED | Win 11 | Xám),https://www.anphatpc.com.vn/laptop-acer-swift-x-14-ai-sfx14-72g-77f9.html
anphatpc,"Laptop Acer Gaming Predator Helios 16 AI PH16-73-950C NH.QW0SV.001 (Core Ultra 9 275HX | RTX 5090 | 16"" 2K+ OLED 240Hz 100% DCI-P3 | Win 11 | Đen)",https://www.anphatpc.com.vn/laptop-acer-gaming-predator-helios-16-ai-ph16-73-950c.html
anphatpc,Laptop MSI Raider 18 HX A14VHG 230VN (Core i9-14900HX | 32GB | 2TB | RTX 4080 | 18 inch UHD+ | Win 11 | Đen),https://www.anphatpc.com.vn/laptop-msi-raider-18-hx-a14vhg-230vn.html
anphatpc,Laptop ASUS ExpertBook P1503CVA-C7H321T-63WS (Intel Core 7 Processor 240H | Intel Graphics | 15.6 inch FHD | 32GB | 1TB | Win 11 | Office),https://www.anphatpc.com.vn/laptop-asus-expertbook-p1503cva-c7h321t-63ws.html
anphatpc,Laptop ASUS ROG Strix G16 G615LR-S5335W (Intel Core Ultra 9 Processor 275HX | RTX 5070 Ti 12GB | 16 inch 2.5K 240Hz | 1TB | 32GB | Win 11 | Xám),https://www.anphatpc.com.vn/laptop-asus-rog-strix-g16-g615lr-s5335w.html
anphatpc,Laptop Lenovo ThinkPad E14 Gen 7 21SX002SVA (Intel Core Ultra 7 255H | 16GB | 512GB | Intel Arc 140T | 14 inch WUXGA 60Hz | NoOS | Đen),https://www.anphatpc.com.vn/laptop-lenovo-thinkpad-e14-gen-7-21sx002sva.html
anphatpc,Laptop Lenovo ThinkPad E14 Gen 7 21SX002RVA (Intel Core Ultra 5 225U | 14 Inch WUXGA IPS | 16GB | 1TB | NoOS | Đen),https://www.anphatpc.com.vn/laptop-lenovo-thinkpad-e14-gen-7-21sx002rva.html
anphatpc,Laptop Lenovo ThinkPad E14 Gen 7 21T90022VA (Intel Core 7 240H | Intel Graphics | 14 inch WUXGA IPS | 16GB | 1TB | NoOS | Đen),https://www.anphatpc.com.vn/laptop-lenovo-thinkpad-e14-gen-7-21t90022va.html
anphatpc,Laptop Lenovo ThinkPad E14 Gen 7 21SX0032VN (Intel Core Ultra 7 255H | 32GB | 1TB | Intel Arc 140T | 14 inch WUXGA IPS | Win 11 | Đen),https://www.anphatpc.com.vn/laptop-lenovo-thinkpad-e14-gen-7-21sx0032vn.html
anphatpc,Laptop Lenovo ThinkPad E16 Gen 3 21TF003QVA (Intel Core 5 210H | Intel Graphics | 16 inch WUXGA IPS | 16 GB | 512GB | NoOS | Đen),https://www.anphatpc.com.vn/laptop-lenovo-thinkpad-e16-gen-3-21tf003qva.html
anphatpc,Laptop Lenovo ThinkPad E16 Gen 3 21TF0043VN (Intel Core 7 240H | Intel Graphics | 16 inch WUXGA | 32GB | 1TB | Win 11 | Đen),https://www.anphatpc.com.vn/laptop-lenovo-thinkpad-e16-gen-3-21tf0043vn.html
anphatpc,Laptop MSI Titan 18 HX AI A2XWIG 090VN (Intel Core Ultra 9 285HX | RTX 5080 | 18 inch UHD+ | 64GB | 6TB | Win 11 | Đen),https://www.anphatpc.com.vn/laptop-msi-titan-18-hx-ai-a2xwig-090vn.html
anphatpc,Laptop ASUS ExpertBook P1403CVA-C7H321T-63WS (Intel Core 7 Processor 240H | Intel Graphics | 14 inch FHD | 32GB | 1TB | Win 11 | Office | Xám),https://www.anphatpc.com.vn/laptop-asus-expertbook-p1403cva-c7h321t-63ws.html
anphatpc,Laptop Dell Pro 13 Plus PB13250 42LTU7PB13250 (Intel Core Ultra 7 265U | 16GB | 512GB | 13.3 inch FHD+ | Win 11),https://www.anphatpc.com.vn/laptop-dell-pro-13-plus-pb13250-42ltu7pb13250.html
anphatpc,Laptop MSI Prestige 14 AI+ Evo C2VMG-020VN (Intel Core Ultra 7 258V | 32GB | 1TB | 14 inch 2.8K | Intel Arc Graphics | Windows 11 Home SEA | Xám),https://www.anphatpc.com.vn/laptop-msi-prestige-14-ai-evo-c2vmg-020vn.html
anphatpc,Laptop Gaming HP OMEN 14-fb0134TX AY8V0PA (Intel Core Ultra 9-185H | RTX 4060 8GB | 14 inch 2.8K | 32GB | 1TB | Win 11 | Office ),https://www.anphatpc.com.vn/laptop-gaming-hp-omen-14-fb0134tx-ay8v0pa.html
anphatpc,Laptop ASUS ROG Zephyrus G14 GA403 Ryzen AI 9 GA403WM-QS058WS (AMD Ryzen AI 9 HX 370 | RTX 5060 | 14 inch 3K OLED | 32GB | 1TB | Windows 11 Home + Microsoft Office Home 2024 + Microsoft 365 Basic | Trắng),https://www.anphatpc.com.vn/laptop-asus-rog-zephyrus-g14-ga403-ryzen-ai-9-ga403wm-qs058ws.html
anphatpc,Laptop ASUS ExpertBook P1503CVA-I516-63WS (Intel Core i5-13420H | Intel UHD | 15.6 inch FHD | 16GB | 512GB | Win 11 | Office | Xám),https://www.anphatpc.com.vn/laptop-asus-expertbook-p1503cva-i516-63ws.html
anphatpc,Laptop ASUS ROG Strix SCAR 18 G835LW-SA193W (Intel Core Ultra 9 Processor 275HX | RTX 5080 | 18 inch 2.5K 240Hz | 32GB | 1TB | Win 11 | Đen),https://www.anphatpc.com.vn/laptop-asus-rog-strix-scar-18-g835lw-sa193w.html
anphatpc,Laptop Lenovo ThinkPad E16 Gen 3 21SR002KVA (Intel Core Ultra 5 225U | Integrated Intel Graphics | 16 inch WUXGA | 16GB | 1TB | NoOS | Đen),https://www.anphatpc.com.vn/laptop-lenovo-thinkpad-e16-gen-3-21sr002kva.html
anphatpc,Laptop ASUS ExpertBook P1503CVA-i7SE16-63WS (Intel Core i7-13700H | Intel UHD | 15.6 inch FHD | 16GB | 512GB | Win 11 | Office | Xám),https://www.anphatpc.com.vn/laptop-asus-expertbook-p1503cva-i7se16-63ws.html
anphatpc,Laptop Lenovo ThinkPad E16 Gen 3 21SR002GVA (Intel Core Ultra 5 225H | 16GB | 512GB | Intel Graphics | 16 inch WUXGA IPS | NoOS | Đen),https://www.anphatpc.com.vn/laptop-lenovo-thinkpad-e16-gen-3-21sr002gva.html
anphatpc,Laptop Lenovo ThinkPad E14 Gen 7 21SX0031VN (Intel Core Ultra 7 255H | 32GB | 512GB | Intel Arc 140T | 14 inch WUXGA IPS | Win 11 | Đen),https://www.anphatpc.com.vn/laptop-lenovo-thinkpad-e14-gen-7-21sx0031vn.html
anphatpc,Laptop Samsung Galaxy Chromebook Go XE340XDA-KA1VN (Intel Celeron Processor N4500 | Intel UHD Graphics | 14 inch HD | 4 GB | 32GB | Windows 11 Pro | Bạc),https://www.anphatpc.com.vn/laptop-samsung-galaxy-chromebook-go-xe340xda-ka1vn.html
anphatpc,Laptop Lenovo ThinkPad X1 Carbon Gen 13 21NX0038VN (Intel Core Ultra 5 225H | Intel Arc | 14 inch WUXGA IPS | 32GB | 1TB | Win 11 Pro | Đen),https://www.anphatpc.com.vn/laptop-lenovo-thinkpad-x1-carbon-gen-13-21nx0038vn.html
anphatpc,Laptop Samsung Galaxy Chromebook Go XE310XDA-KA1VN (Intel Celeron Processor N4500 | Intel UHD Graphics | 11 inch HD | 4GB | 32GB | Windows 11 Pro | Bạc),https://www.anphatpc.com.vn/laptop-samsung-galaxy-chromebook-go-xe310xda-ka1vn.html
anphatpc,Laptop Lenovo ThinkPad T16 Gen 4 21QE0007VA (Intel Core Ultra 7 255H | Intel Arc | 16 inch WUXGA IPS | 32GB | 1TB | NoOS | Đen),https://www.anphatpc.com.vn/laptop-lenovo-thinkpad-t16-gen-4-21qe0007va.html
anphatpc,Laptop ASUS ExpertBook P1503CVA-i308256-50W (Intel Core i3-1315U | 8GB | 256GB | 15.6 inch FHD | Intel UHD | Win 11 | Xám),https://www.anphatpc.com.vn/laptop-asus-expertbook-p1503cva-i308256-50w.html
anphatpc,Laptop Lenovo Yoga Slim 7 14IMH9 83CV00D8VN (Intel Core Ultra 5 125H | Intel Arc Graphics | 14 inch WUXGA | 16GB | 1TB | Windows 11 Home SL | Office | Xám),https://www.anphatpc.com.vn/laptop-lenovo-yoga-slim-7-14imh9-83cv00d8vn.html
anphatpc,Laptop ASUS ROG Strix SCAR 18 G835LW-SA172W (Intel Core Ultra 9 Processor 275HX | RTX 5080 | 18 inch 2.5K 240Hz | 64GB | 4TB | Win 11 | Đen),https://www.anphatpc.com.vn/laptop-asus-rog-strix-scar-18-g835lw-sa172w.html
anphatpc,Laptop ASUS ROG Strix SCAR 16 G635LX-RW179W (Intel Core Ultra 9 275HX | RTX 5090 | 16 inch 2.5K 240Hz | 64GB | 4 TB | Win 11 | Đen),https://www.anphatpc.com.vn/laptop-asus-rog-strix-scar-16-g635lx-rw179w.html
anphatpc,Laptop ASUS ROG Strix SCAR 18 G835LX-SA208W (Intel Core Ultra 9 Processor 275HX | RTX 5090 24GB | 18 inch 2.5K 240Hz | 64GB | 2TB | Win 11 | Đen),https://www.anphatpc.com.vn/laptop-asus-rog-strix-scar-18-g835lx-sa208w.html
anphatpc,Laptop ASUS ExpertBook P3605CVA-PL0047W (Intel Core i7-13620H | Intel UHD | 16 inch WQXGA | 16GB | 512GB | Win 11 | Xám),https://www.anphatpc.com.vn/laptop-asus-expertbook-p3605cva-pl0047w.html
anphatpc,Laptop ASUS ROG Strix SCAR 16 G635LX-RW192W (Intel Core Ultra 9 275HX | 64GB | 2TB | 16 inch 2.5K WQXGA | RTX 5090 24GB | Windows 11 Home | Đen),https://www.anphatpc.com.vn/laptop-asus-rog-strix-scar-16-g635lx-rw192w.html
anphatpc,Laptop Asus ROG Zephyrus G16 GU605CX-QR147W (Intel Core Ultra 9 Processor 285H | RTX 5090 24GB | 16 inch 2.5K 240Hz OLED | 64GB | 2TB | Win 11 | Xám),https://www.anphatpc.com.vn/laptop-asus-rog-zephyrus-g16-gu605cx-qr147w.html
anphatpc,Laptop Asus ROG Zephyrus G16 GU605CR-QR137W (Intel Core Ultra 9 285H | RTX 5070 Ti | 16 inch 2.5K OLED 240Hz| 32GB | 1TB | Win 11 | Xám),https://www.anphatpc.com.vn/laptop-asus-gaming-rog-zephyrus-g16-gu605cr-qr137w.html
anphatpc,Laptop Asus ROG Zephyrus G14 GA403WW-QS136WS (AMD Ryzen AI 9 HX 370 | RTX 5080 | 14 inch 3K OLED 120Hz | 64GB | 2TB | Win 11 | Xám),https://www.anphatpc.com.vn/laptop-asus-rog-zephyrus-g14-ga403ww-qs136ws.html
anphatpc,Laptop ASUS ROG Strix G16 G615LW-S5219W (Intel Core Ultra 9 Processor 275HX | RTX 5080 16GB | 16 inch 2.5K IPS 240Hz | 16GB | 1TB | Win 11 | Xám),https://www.anphatpc.com.vn/laptop-asus-rog-strix-g16-g615lw-s5219w.html
anphatpc,Laptop ASUS Gaming V16 K3607VU-RP280W (Intel Core 5 Processor 210H | 16GB | 512GB | RTX 4050 | 16 inch WUXGA 144Hz | Win 11 | Đen),https://www.anphatpc.com.vn/laptop-asus-vivobook-16-k3607vu-rp280w.html
anphatpc,Laptop ASUS ExpertBook P1503CVA-i516-50W (Intel Core i5-13420H | Intel UHD | 16GB | 512GB | 15.6 inch FHD Win 11 | Xám),https://www.anphatpc.com.vn/laptop-asus-expertbook-p1503cva-i516-50w.html
anphatpc,Laptop ASUS ExpertBook P1403CVA-I516-63WS (Intel Core i5-13420H | 14 inch FHD | 16GB | 512GB | Win 11 | Office | Xám),https://www.anphatpc.com.vn/laptop-asus-expertbook-p1403cva-i516-63ws.html
anphatpc,Laptop ASUS ExpertBook P1403CVA-i516-50W (Intel Core i5-13420H | Intel UHD | 14 inch FHD | 16GB | 512GB | Xám | Win 11),https://www.anphatpc.com.vn/laptop-asus-expertbook-p1403cva-i516-50w.html
anphatpc,Laptop ASUS ExpertBook P1403CVA-i716-50W (Intel Core i7-13620H | Intel UHD | 14 inch FHD | 16GB | 512GB | Win 11 | Xám),https://www.anphatpc.com.vn/laptop-asus-expertbook-p1403cva-i716-50w.html
anphatpc,Laptop ASUS ExpertBook P1503CVA-I716-63WS (Intel Core i7-13620H | Intel UHD | 15.6 inch FHD | 16GB | 512GB | Win 11 | Office | Xám),https://www.anphatpc.com.vn/laptop-asus-expertbook-p1503cva-i716-63ws.html
anphatpc,Laptop MSI Cyborg 15 B2RWFKG-048VN (Intel Core 7 240H | RTX 5060 GDDR7 8GB | 15.6 inch FHD | 16GB | 512GB | Windows 11 Home SEA | Đen),https://www.anphatpc.com.vn/laptop-msi-cyborg-15-b2rwfkg-048vn.html
anphatpc,Laptop HP VICTUS 16-r0228TX 9Q979PA (Intel Core i5-13500H | RTX 4050 6GB GDDR6 | 16.1 inch FHD | 32GB | 512GB | Windows 11 Home | Đen),https://www.anphatpc.com.vn/laptop-hp-victus-16-r0228tx-9q979pa.html
anphatpc,Laptop ASUS Gaming V16 K3607VJ-RP106W (Intel Core 7 240H | 16GB | 512GB | RTX 3050 6GB | 16 inch WUXGA | Win 11 | Đen),https://www.anphatpc.com.vn/laptop-asus-vivobook-16-k3607vj-rp106w.html
anphatpc,Laptop ASUS Gaming V16 K3607VJ-RP092W (Intel Core 5 210H | 16GB | 512GB | RTX 3050 | 16 inch WUXGA 144Hz | Win 11 | Đen),https://www.anphatpc.com.vn/laptop-asus-vivobook-16-k3607vj-rp092w.html
anphatpc,Laptop LENOVO ThinkPad X9-15 Gen 1 21Q60054VN (Intel Core Ultra 7 258V | 32GB | 1TB | Intel Arc | 15.3 inch 2.8K OLED | Win 11 Pro | Xám),https://www.anphatpc.com.vn/laptop-lenovo-thinkpad-x9-15-gen-1-21q60054vn.html
anphatpc,Laptop HP OmniBook 5 16-ag1066AU BZ7S9PA (AMD Ryzen AI 7 350 | AMD Radeon 860M | 16 inch WUXGA | Touch | 16 GB | 512 GB | Windows 11 Home | Office | Bạc),https://www.anphatpc.com.vn/laptop-hp-omnibook-5-16-ag1066au-bz7s9pa.html
anphatpc,Laptop Lenovo ThinkPad L16 Gen 2 21SA000LVA (Intel Core Ultra 7 255H | Intel Arc 140T | 16 inch WUXGA | 32GB | 1TB | NoOS | Đen),https://www.anphatpc.com.vn/laptop-lenovo-thinkpad-l16-gen-2-21sa000lva.html
anphatpc,Laptop HP VICTUS 16-r0224TX 9Q975PA (Intel Core i7-13700H | RTX 4060 8GB GDDR6 | 16.1 inch FHD | 32GB | 512GB | Windows 11 Home | Đen),https://www.anphatpc.com.vn/laptop-hp-victus-16-r0224tx-9q975pa.html
anphatpc,Laptop Lenovo IdeaPad Slim 5 14AKP10 83HX001JVN (AMD Ryzen AI 7 350 | AMD Radeon | 14 inch WUXGA OLED | 32GB | 1TB | Win 11 | Xám),https://www.anphatpc.com.vn/laptop-lenovo-ideapad-slim-5-14akp10-83hx001jvn.html
anphatpc,Laptop HP OmniBook 7 Aero 13-bg1085AU BZ7U6PA (AMD Ryzen AI 7 350 | AMD Radeon™ 860M Graphics | 13.3 inch WUXGA IPS | 16GB | 512GB | Win 11 | Office | Bạc),https://www.anphatpc.com.vn/laptop-hp-omnibook-7-aero-13-bg1085au-bz7u6pa.html
anphatpc,Laptop Asus Vivobook 15 X1504VA-BQ2076W (Intel Core i5-1334U | 16GB | 512GB | Intel Iris Xe | 15.6 inch FHD IPS | Win 11 | Bạc),https://www.anphatpc.com.vn/laptop-asus-vivobook-15-x1504va-bq2076w.html
anphatpc,Laptop MSI Crosshair 16 HX AI D2XWGKG-072VN (Intel Core Ultra 7 255HX | RTX 5070 | 16 inch QHD + | 32GB | 1TB | Win 11 | Xám),https://www.anphatpc.com.vn/laptop-msi-crosshair-16-hx-ai-d2xwgkg-072vn.html
anphatpc,Laptop MSI Crosshair 16 HX AI D2XWFKG-036VN (Intel Core Ultra 7 255HX | RTX 5060 | 16 inch QHD+ 240Hz | 16GB | 1TB | Win 11 | Xám),https://www.anphatpc.com.vn/laptop-msi-crosshair-16-hx-ai-d2xwfkg-036vn.html
anphatpc,Laptop ASUS ExpertBook P1403CVA-I716-63WS (Intel Core i7-13620H | Intel UHD | 14 inch FHD IPS | 16GB | 512GB | Win 11 | Office | Xám),https://www.anphatpc.com.vn/laptop-asus-expertbook-p1403cva-i716-63ws.html
anphatpc,Laptop Dell Pro 14 PC14250 71076111 (Intel Core 5 120U | 16GB | 1TB | Intel Graphics | 14 inch FHD+ | Win 11 Home),https://www.anphatpc.com.vn/laptop-dell-pro-14-pc14250-71076111.html
anphatpc,Laptop ASUS ROG Strix SCAR 18 G835LR-SA130W (Intel Core Ultra 9 Processor 275HX | RTX 5070 Ti | 18 inch 2.5K 240Hz | 32GB | 1TB | Win 11 | Đen),https://www.anphatpc.com.vn/laptop-asus-rog-strix-scar-18-g835lr-sa130w.html
anphatpc,Laptop Lenovo Yoga Slim 7 14ILL10 83JX0081VN (Intel Core Ultra 7 258V | 32GB | 1TB | 14 inch WQXGA OLED| Intel Arc Graphics | Windows 11 Home + Microsoft Office Home 2024 + Microsoft 365 Basic | Trắng ngà),https://www.anphatpc.com.vn/laptop-lenovo-yoga-slim-7-14ill10-83jx0081vn.html
anphatpc,Laptop HP EliteBook 6 G1i 13 BQ9M6PT (Intel Core Ultra 7 255U | 16GB | 512GB | Intel Graphics | 13.3 inch WUXGA | Win 11 | Bạc),https://www.anphatpc.com.vn/laptop-hp-elitebook-6-g1i-13-bq9m6pt.html
anphatpc,Laptop HP 15-fd1039TU 9Z2W7PA (Intel Core 7-150U | 16GB | 512GB | Intel Arc | 15.6 inch FHD | Win 11 | Bạc),https://www.anphatpc.com.vn/laptop-hp-15-fd1039tu-9z2w7pa.html
anphatpc,Laptop Lenovo Yoga Slim 7 14AKP10 83JY006PVN (AMD Ryzen AI 7 350 | Integrated AMD Radeon 860M Graphics | 14 inch 2.8K WQXGA+ | 32GB | 1TB | Windows 11 Home + Microsoft Office Home 2024 + Microsoft 365 Basic | Xanh),https://www.anphatpc.com.vn/laptop-lenovo-yoga-slim-7-14akp10-83jy006pvn.html
anphatpc,Laptop Lenovo ThinkPad X13 Gen 6 21RK00ALVA (Intel Core Ultra 5 225H | Intel Arc 130T | 13.3 inch WUXGA IPS | 32GB | 512GB | NoOS | Đen),https://www.anphatpc.com.vn/laptop-lenovo-thinkpad-x13-gen-6-21rk00alva.html
anphatpc,Laptop ASUS Vivobook 15 OLED A1505VA-MA505W (Core I5-13420H | 16GB | 512GB | 15.6 inch 2.8K OLED 120Hz | Win 11 | Bạc),https://www.anphatpc.com.vn/laptop-asus-vivobook-15-oled-a1505va-ma505w.html
anphatpc,Laptop Asus Vivobook 15 OLED - A1505VA-MA468W (Intel Core i5-13500H | 16GB | 512GB | Intel Iris Xe | 15.6 inch 2.8K | Win 11 | Đen),https://www.anphatpc.com.vn/laptop-asus-vivobook-15-oled-a1505va-ma468w.html
anphatpc,Laptop Lenovo Yoga Slim 7 14IMH9 83CV00AHVN (Intel Core Ultra 5 125H | 16GB | 1TB | 14 inch WUXGA | Intel Arc Graphics | Windows 11 Home Single Language + Microsoft Office Home 2024 + Microsoft 365 Basic | Xám),https://www.anphatpc.com.vn/laptop-lenovo-yoga-slim-7-14imh9-83cv00ahvn.html
anphatpc,Laptop Lenovo Yoga Slim 7 14IMH9 83CV00AJVN (Intel Core Ultra 7 155H | 32GB | 1TB | 14 inch WUXGA | Intel Arc Graphics | Windows 11 Home SL | Office | Xám),https://www.anphatpc.com.vn/laptop-lenovo-yoga-slim-7-14imh9-83cv00ajvn.html
anphatpc,Laptop HP Probook 4 G1i 16 BQ5D8PT (Intel Core Ultra 5 225H | Integrated Intel Arc 130T GPU | 16 inch WUXGA Touchscreen | 16GB | 512GB | Windows 11 Home SL | Bạc),https://www.anphatpc.com.vn/laptop-hp-probook-4-g1i-16-bq5d8pt.html
anphatpc,"Laptop ASUS ROG Zephyrus G14 GA403WM-QS019WS (AMD Ryzen AI 9 HX 370 2,0GHz | RTX 5060 8GB GDDR7 | 14-inch OLED 3K | 32GB | 1TB | Windows 11 Home + Microsoft Office Home 2024 + Microsoft 365 Basic | Xám)",https://www.anphatpc.com.vn/laptop-asus-rog-zephyrus-g14-ga403wm-qs019ws.html
anphatpc,Laptop Lenovo IdeaPad Slim 3 16IRH10 83K20002VN (Intel Core i5-13420H | 16GB | 512GB | Intel UHD | 16 inch WUXGA IPS | Win 11 | Xám),https://www.anphatpc.com.vn/laptop-lenovo-ideapad-slim-3-16irh10-83k20002vn.html
anphatpc,Laptop Lenovo ThinkPad T14s Gen 6 21R10005VN (Intel Core Ultra 5 225U | Integrated Intel Graphics | 14 inch WUXGA | 16GB | 512GB | Windows 11 Pro | Đen),https://www.anphatpc.com.vn/laptop-lenovo-thinkpad-t14s-gen-6-21r10005vn.html
anphatpc,Laptop Lenovo ThinkPad X13 Gen 6 21RK00AQVA (Intel Core Ultra 7 255H | Intel Arc | 13.3 inch WUXGA IPS | 16GB | 512GB | NoOS | Đen),https://www.anphatpc.com.vn/laptop-lenovo-thinkpad-x13-gen-6-21rk00aqva.html
anphatpc,Laptop LENOVO Legion 5 15AHP10 83M0002YVN (AMD Ryzen 7 260 | RTX 5050 8GB GDDR7 | 15.1 inch WQXGA OLED | 16GB | 512GB | Windows 11 Home Single Language | Đen),https://www.anphatpc.com.vn/laptop-lenovo-legion-5-15ahp10-83m0002yvn.html
anphatpc,Laptop HP OmniBook X 14-fe1010QU B53KBPA (Snapdragon X Plus X1P-42-100 | 16GB | 512GB | 14 inch 2.2 K | Cảm ứng | Win 11 | Bạc),https://www.anphatpc.com.vn/laptop-hp-omnibook-x-14-fe1010qu-b53kbpa.html
anphatpc,Laptop Lenovo IdeaPad Slim 5 14IRH10R 83J0006CVN (Intel Core 5 210H | Integrated Intel Graphics | 14 inch WUXGA | 32GB | 1TB | Windows 11 Home | Xám),https://www.anphatpc.com.vn/laptop-lenovo-ideapad-slim-5-14irh10r-83j0006cvn.html
anphatpc,Laptop Lenovo Yoga Slim 7 14ILL10 83JX0086VN (Intel Core Ultra 5 226V | 512GB | 16GB | Intel Arc | 14 inch 2.8K WQXGA+ OLED 120Hz | Win 11 | Office | Bạc),https://www.anphatpc.com.vn/laptop-lenovo-yoga-slim-7-14ill10-83jx0086vn.html
anphatpc,Laptop Lenovo IdeaPad Slim 3 15IRH10 83K1002PVN (Intel Core i5-13420H | 16GB | 512GB | Intel UHD | 15.1 inch WQXGA OLED 165Hz | Win 11 | Xám,https://www.anphatpc.com.vn/laptop-lenovo-ideapad-slim-3-15irh10-83k1002pvn.html
anphatpc,Laptop Lenovo Legion 5 15IAX10 83F0003CVN (Intel Core Ultra 7 255HX | RTX 5060 8GB | 15.1 inch WQXGA OLED | 32GB | 1TB | Win 11 | Office | Đen),https://www.anphatpc.com.vn/laptop-lenovo-legion-5-15iax10-83f0003cvn.html
anphatpc,Laptop Asus ROG Zephyrus G16 GU605CX-QR083W (Intel Core Ultra 9 Processor 285H | RTX 5090 24GB | 16 inch 2.5K OLED | 64GB | 2TB | Win 11 | Xám),https://www.anphatpc.com.vn/laptop-asus-gaming-rog-zephyrus-g16-gu605cx-qr083w.html
anphatpc,Laptop ASUS ROG Strix G16 G615LW-S5135W (Intel Core Ultra 9 275HX | RTX 5080 16GB | 16 inch 2.5K 240Hz | 32GB | 1TB | Win 11 | Xám),https://www.anphatpc.com.vn/laptop-asus-rog-strix-g16-g615lw-s5135w.html
anphatpc,Laptop Asus Vivobook 14 OLED A1405VA-KM257W (Intel Core i5-13500H | 16GB | 512GB | Intel UHD | 14 inch 2.8K OLED | Win 11 | Đen),https://www.anphatpc.com.vn/laptop-asus-vivobook-14-oled-a1405va-km257w.html
anphatpc,Laptop Asus Vivobook 15 X1504ZA-NJ1039W (Intel Core i7-1255U | 16GB | 512GB | Intel Iris Xe | 15.6 inch FHD | Win 11 | Bạc),https://www.anphatpc.com.vn/laptop-asus-vivobook-15-x1504za-nj1039w.html
anphatpc,Laptop ASUS ExpertBook P1403CVA-i5SE16-63WS (Intel Core i5-13500H | Intel UHD | 14 inch FHD | 16GB | 512GB | Win 11 | Office | Xám),https://www.anphatpc.com.vn/laptop-asus-expertbook-p1403cva-i5se16-63ws.html
anphatpc,Laptop HP EliteBook X Flip G1i B9FN2PT (Intel Core Ultra 7 258V | 32GB | 1TB | Intel Arc | 14 inch 2.5K | Cảm ứng | Win 11 Pro | Xanh),https://www.anphatpc.com.vn/laptop-hp-elitebook-x-flip-g1i-b9fn2pt.html
anphatpc,Laptop HP EliteBook X Flip G1i B9FR8PT (Intel Core Ultra 7 268V | 32GB | 1TB | Intel Arc | 14 inch 2.5K 120Hz | Cảm ứng | Win 11 Pro | Xanh),https://www.anphatpc.com.vn/laptop-hp-elitebook-x-flip-g1i-b9fr8pt.html
anphatpc,Laptop HP EliteBook 6 G1i BQ9N5PT (Intel Core Ultra 7 265U | 16GB | 512GB | 14 inch WUXGA IPS | Win 11 Pro | Bạc),https://www.anphatpc.com.vn/laptop-hp-elitebook-6-g1i-bq9n5pt.html
anphatpc,Laptop HP EliteBook 6 G1i BQ9N0PT (Intel Core Ultra 5 235U | 16GB | 512GB | Intel Graphics | 14 inch WUXGA IPS | Win 11 Pro | Bạc),https://www.anphatpc.com.vn/laptop-hp-elitebook-6-g1i-bq9n0pt.html
anphatpc,Laptop HP EliteBook 6 G1i BQ9M8PT (Intel Core Ultra 5 225U | 8GB | 512GB | Intel Graphics | 14 inch WUXGA IPS | Win 11 | Bạc),https://www.anphatpc.com.vn/laptop-hp-elitebook-6-g1i-bq9m8pt.html
anphatpc,Laptop Lenovo ThinkPad T14s Gen 6 21R10004VA (Intel Core Ultra 7 255H | Intel Arc | 14 inch WUXGA IPS | 32GB | 512GB | NoOS | Đen),https://www.anphatpc.com.vn/laptop-lenovo-thinkpad-t14s-gen-6-21r10004va.html
anphatpc,Laptop HP Probook 460 G11 A74MQPT (Intel Core Ultra 5 125H | 16GB | 512GB | Intel Arc | 16 inch WUXGA | Cảm ứng | Win 11 | Bạc),https://www.anphatpc.com.vn/laptop-hp-probook-460-g11-a74mqpt.html
anphatpc,Laptop Lenovo IdeaPad Slim 5 14IAH10 83NC001WVN (Intel Core Ultra 7 255H | 32GB | 512GB | Intel Arc | 14 inch WUXGA OLED | Win 11 | Xám),https://www.anphatpc.com.vn/laptop-lenovo-ideapad-slim-5-14iah10-83nc001wvn.html
anphatpc,Laptop Lenovo Legion 5 15IAX10 83F0003BVN (Intel Core Ultra 7 255HX | RTX 5070 8GB | 15.1 inch WQXGA OLED | 32GB | 1TB | Win 11 | Office | Đen),https://www.anphatpc.com.vn/laptop-lenovo-legion-5-15iax10-83f0003bvn.html
anphatpc,Laptop Lenovo ThinkPad P14s Gen 5 T 21G2003NVA (Intel Core Ultra 7 155H | RTX 500 Ada | 14.5 inch 3K| 32GB | 512GB | NoOS | Đen),https://www.anphatpc.com.vn/laptop-lenovo-thinkpad-p14s-gen-5-t-21g2003nva.html
anphatpc,Laptop MSI Stealth 14 AI Studio A1VFG-085VN (Intel Core Ultra 7 155H | RTX 4060 8GB | 14 inch 2.8K OLED | 32GB | 1TB | Win 11 | Đen),https://www.anphatpc.com.vn/laptop-msi-stealth-14-ai-studio-a1vfg-085vn.html
anphatpc,Laptop Lenovo Legion 5 15AHP10 OLED 83M0002XVN (AMD Ryzen 7 260 | RTX 5050 8GB | 15.1 inch WQXGA OLED | 24 GB | 512GB | Win 11 | Office | Đen),https://www.anphatpc.com.vn/laptop-lenovo-legion-5-15ahp10-oled-83m0002xvn.html
anphatpc,Laptop Lenovo ThinkPad E14 Gen 7 21SX002NVA (Intel Core Ultra 5 225H | Intel Graphics | 14 inch WUXGA IPS | 16GB | 512GB | NoOS | Đen),https://www.anphatpc.com.vn/laptop-lenovo-thinkpad-e14-gen-7-21sx002nva.html
anphatpc,Laptop Lenovo ThinkPad X1 Carbon Gen 13 21NS008HVN (Intel Core Ultra 7 258V | Integrated Intel Arc Graphics 140V | 14inch WUXGA Touch | 32GB | 1TB | Windows 11 Pro | Đen),https://www.anphatpc.com.vn/laptop-lenovo-thinkpad-x1-carbon-gen-13-21ns008hvn.html
anphatpc,Laptop MSI Titan 18 HX AI A2XWJG 622VN (Intel Core Ultra 9 285HX | RTX 5090 | 18 inch UHD+ IPS | 64GB | 6TB | Win 11 | Đen),https://www.anphatpc.com.vn/laptop-msi-titan-18-hx-ai-a2xwjg-622vn.html
anphatpc,Laptop ASUS ROG Strix G16 G615LR-S5238W (Intel Core Ultra 7 255HX | RTX 5070 Ti 12GB | 16 inch 2.5K 240Hz | 32GB | 1TB | Win 11 | Xám),https://www.anphatpc.com.vn/laptop-asus-rog-strix-g16-g615lr-s5238w.html
anphatpc,Laptop Asus ROG Zephyrus G14 GA403WR-QS103WS (AMD Ryzen AI 9 HX 370 | RTX 5070Ti 12GB | 14 inch 3K OLED 120Hz | 32GB | 1TB | Win 11 | Xám),https://www.anphatpc.com.vn/laptop-asus-gaming-rog-zephyrus-g14-ga403wr-qs103ws.html
anphatpc,Laptop Lenovo ThinkPad E14 Gen 7 21T9001YVA (Intel Core 5 210H | Intel Graphics | 14 inch WUXGA IPS | 16GB | 512GB | NoOS | Đen),https://www.anphatpc.com.vn/laptop-lenovo-thinkpad-e14-gen-7-21t9001yva.html
anphatpc,Laptop Lenovo Legion 7 16IAX10 83KY001VVN (Intel Core Ultra 9 275HX | RTX 5070 8GB | 16 inch WQXGA | 32GB | 1TB | Win 11 | Office | Trắng),https://www.anphatpc.com.vn/laptop-lenovo-legion-7-16iax10-83ky001vvn.html
anphatpc,Laptop Lenovo Yoga Slim 7 14ILL10 83JX0036VN (Intel Core Ultra 7 258V | 1TB | 32GB | Intel Arc | 14 inch 2.8K WQXGA+ | Win 11 | Office | Xám),https://www.anphatpc.com.vn/laptop-lenovo-yoga-slim-7-14ill10-83jx0036vn.html
anphatpc,Laptop Lenovo IdeaPad Slim 3 15IRH10 83K1000GVN (Intel Core i5-13420H | 24GB | 512GB | Intel UHD | 15.3 inch WUXGA | Win 11 | Xám),https://www.anphatpc.com.vn/laptop-lenovo-ideapad-slim-3-15irh10-83k1000gvn.html
anphatpc,Laptop Asus Vivobook 15 OLED A1505VA-MA492W (Intel Core i7-13700H | 16GB | 512GB | 15.6 inch 2.8K OLED | Win 11 | Bạc),https://www.anphatpc.com.vn/laptop-asus-vivobook-15-oled-a1505va-ma492w.html
anphatpc,Laptop Gigabyte GAMING A16 CVHI3VN893SH (Intel Core i7-13620H | RTX 5060 8GB GDDR7 | 16 inch FHD+ | 16GB | 512GB | Windows 11 Home SL | Đen),https://www.anphatpc.com.vn/laptop-gigabyte-gaming-a16-cvhi3vn893sh.html
anphatpc,Laptop LENOVO ThinkPad X9-14 Gen 1 21QA006LVN (Intel Core Ultra 7 258V | Intel Arc Graphics 140V | 14 inch 2.8K OLED Touch | 32GB | 1TB | Win 11 Pro | Xám),https://www.anphatpc.com.vn/laptop-lenovo-thinkpad-x9-14-gen-1-21qa006lvn.html
anphatpc,"Laptop Acer Gaming Predator Helios 16 AI PH16-73-93HD NH.QW1SV.001 (Core Ultra 9 275HX | RTX 5070Ti | 16"" 2K+ OLED 240Hz 100% DCI-P3 | Win 11 | Đen)",https://www.anphatpc.com.vn/laptop-acer-gaming-predator-helios-16-ai-ph16-73-93hd.html
anphatpc,Laptop LENOVO ThinkPad X9-15 Gen 1 21Q60052VN (Intel Core Ultra 5 228V | 32GB | 1TB | 15.3 inch 2.8K OLED | Win 11 Pro | Xám),https://www.anphatpc.com.vn/laptop-lenovo-thinkpad-x9-15-gen-1-21q60052vn.html
anphatpc,Laptop Asus ROG Zephyrus G16 GU603VU-N4019W (Intel Core i7-13620H |RTX 4050 | 16GB | 512GB | 16 inch QHD+ | Win 11),https://www.anphatpc.com.vn/laptop-asus-gaming-rog-zephyrus-g16-gu603vu-n4019w.html
anphatpc,Laptop Asus ROG Zephyrus G16 GU605MV-QR196WS (Intel Ultra 9 185H |RTX 4060 8GB | 32GB | 1 TB | 16 inch 2.5K | Win 11 | Trắng),https://www.anphatpc.com.vn/laptop-asus-gaming-rog-zephyrus-g16-gu605mv-qr196ws.html
anphatpc,Laptop Asus ROG Zephyrus G16 GU603VV-N4022W (Intel Core i7-13620H | RTX 4060 |16GB | 512 GB | 16 inch WQXGA 240Hz | Win 11),https://www.anphatpc.com.vn/laptop-asus-gaming-rog-zephyrus-g16-gu603vv-n4022w.html
anphatpc,Laptop Asus ROG Zephyrus G16 GU605MI-QR116W (Intel Ultra 9 185H | RTX 4070 8GB |32GB | 1TB | 16 inch 2.5K OLED 240Hz | Win 11 | Xám),https://www.anphatpc.com.vn/laptop-asus-gaming-rog-zephyrus-g16-gu605mi-qr116w-intel-ultra-9.html
anphatpc,Laptop Asus ROG Zephyrus G16 GU605MV-QR135W (Intel Ultra 9 185H | RTX 4060 8GB |32GB | 1TB | 16 inch 2.5K OLED 240Hz| Win 11 | Xám),https://www.anphatpc.com.vn/laptop-asus-gaming-rog-zephyrus-g16-gu605mv-qr135w.html
anphatpc,Laptop Lenovo ThinkPad X13 Gen 6 21RK00AMVA (Intel Core Ultra 7 255H | Integrated Intel Arc 140T | 13.3 inch WUXGA IPS | 32GB | 512GB | NoOS | Đen),https://www.anphatpc.com.vn/laptop-lenovo-thinkpad-x13-gen-6-21rk00amva.html
anphatpc,Laptop Lenovo ThinkPad X1 Carbon Gen 13 21NX003AVN (Intel Core Ultra 7 255H | 32GB | 1TB | Intel Arc 140T | 14 inch WUXGA IPS | Win 11 Pro | Đen),https://www.anphatpc.com.vn/laptop-lenovo-thinkpad-x1-carbon-gen-13-21nx003avn.html
anphatpc,Laptop Dell Latitude 7340 XCTO (Intel Core i7-1365U | 16GB | 512GB | Intel Iris Xe | 13.3 inch FHD | Win 11 Pro | Xám),https://www.anphatpc.com.vn/laptop-dell-latitude-7340-xcto.html
anphatpc,Laptop Lenovo Legion 5 16IRX9 83F0003CVN (Intel Core Ultra 7 255HX | RTX 5060 8GB | 16 inch WQXGA OLED 165Hz | 32GB | 1TB | Win 11 | Office 24 | Đen),https://www.anphatpc.com.vn/laptop-lenovo-legion-5-16irx9-83f0003cvn.html
anphatpc,Laptop MSI Katana 15 HX B14WGK-023VN (Intel Core i7-14650HX | RTX 5070 8GB | 15.6 inch QHD 165Hz | 16GB | 1TB | Win 11 | Đen),https://www.anphatpc.com.vn/laptop-msi-katana-15-hx-b14wgk-023vn.html
anphatpc,Laptop Lenovo Yoga 7 2-in-1 14IML9 83DJ00H8VN (Intel Core Ultra 5 125H | 16GB | 1TB | Intel Arc | 14 inch WUXGA OLED | Cảm ứng | Win 11 | Office 24 | Xám),https://www.anphatpc.com.vn/laptop-lenovo-yoga-7-2-in-1-14iml9-83dj00h8vn.html
anphatpc,Laptop Lenovo Yoga 7 2-in-1 14IML9 83DJ00H9VN (Intel Core Ultra 7 155H | 32GB | 1TB | Intel Arc | 14 inch 2.8K WQXGA + 120Hz | Win 11 | Office | Xám),https://www.anphatpc.com.vn/laptop-lenovo-yoga-7-2-in-1-14iml9-83dj00h9vn.html
anphatpc,Laptop Lenovo Legion 5 15IRX10 83LY004JVN (Intel Core i7-14700HX | RTX 5060 8GB | 15.1 inch WQXGA OLED | 24GB | 1TB | Win 11 | Office | Đen),https://www.anphatpc.com.vn/laptop-lenovo-legion-5-15irx10-83ly004jvn.html
anphatpc,Laptop Asus Zenbook S 13 OLED UX5304MA-NQ117W (Intel Core Ultra 7 155U | 32GB | 1TB | Intel Iris Xe | 13.3 inch 3K | Win 11 | Xám),https://www.anphatpc.com.vn/laptop-asus-zenbook-s-13-oled-ux5304ma-nq117w.html
anphatpc,Laptop Lenovo ThinkPad P16s Gen3 T 21KS0038VA (Intel Core Ultra 5 125H | RTX 500 Ada | 16 inch WUXGA | 32GB | 1TB | No OS | Đen),https://www.anphatpc.com.vn/laptop-lenovo-thinkpad-p16s-gen3-t-21ks0038va.html
anphatpc,Laptop MSI Crosshair 16 HX AI D2XWFKG-078VN (Intel Core Ultra 7 255HX | RTX 5060 | 16 inch QHD + 240Hz | 32GB | 1TB | Win 11 | Xám),https://www.anphatpc.com.vn/laptop-msi-crosshair-16-hx-ai-d2xwfkg-078vn.html
anphatpc,Laptop HP VICTUS 16-r0283TX AD9T3PA (Intel Core i5-13500H | RTX 3050 6GB | 16.1 inch FHD IPS 144Hz | 16GB | 512GB | Win 11 | Đen),https://www.anphatpc.com.vn/laptop-hp-victus-16-r0283tx-ad9t3pa.html
anphatpc,Laptop ASUS ROG Zephyrus G16 GU605CM-QR039W (Intel Core Ultra 9 285H | RTX 5060 8GB GDDR7 | 16-inch OLED 2.5K | 32GB | 1TB | Windows 11 Home | ​Xám),https://www.anphatpc.com.vn/laptop-asus-rog-zephyrus-g16-gu605cm-qr039w.html
anphatpc,Laptop MSI Stealth 18 HX AI A2XWIG-017VN (Intel Core Ultra 9 275HX | RTX 5080 16GB | 18 inch UHD+ 120Hz | 32GB | 2TB | Win 11 | Đen),https://www.anphatpc.com.vn/laptop-msi-stealth-18-hx-ai-a2xwig-017vn.html
anphatpc,Laptop Lenovo Yoga Slim 7 15ILL9 83HM000GVN (Intel Core Ultra 7 258V | 1TB | 32GB | Intel Arc | 15.3 inch 2.8K IPS | Win 11 | Office | Xám),https://www.anphatpc.com.vn/laptop-lenovo-yoga-slim-7-15ill9-83hm000gvn.html
anphatpc,Laptop Lenovo Yoga Slim 9 14ILL10 83CX001AVN (Intel Core Ultra 7 258V | 1TB | 32GB | Intel Arc | 14 inch 4K 120Hz | Win 11 | Office | Xanh),https://www.anphatpc.com.vn/laptop-lenovo-yoga-slim-9-14ill10-83cx001avn.html
anphatpc,Laptop Dell Inspiron 16 5640 N5640-C7U161W11IBU (Intel Core 7 150U | 16GB | 1TB | Intel Graphics | 16 inch FHD + | Win 11 | Office HS24 | Xanh),https://www.anphatpc.com.vn/laptop-dell-inspiron-16-5640-n5640-c7u161w11ibu-hs24.html
anphatpc,Laptop Lenovo ThinkPad X13 Gen 5 21LU004TVN (Intel Core Ultra 7 155H | Intel Arc Graphics | 13.3 inch WUXGA | 16GB | 1TB | Win 11 Pro | Đen),https://www.anphatpc.com.vn/laptop-lenovo-thinkpad-x13-gen-5-21lu004tvn.html
anphatpc,Laptop Lenovo ThinkPad T16 Gen 4 21QE0000VA (Intel Core Ultra 5 225H | Intel Arc 130T | 16 inch WUXGA IPS | 24GB | 512GB | NoOS | Đen),https://www.anphatpc.com.vn/laptop-lenovo-thinkpad-t16-gen-4-21qe0000va.html
anphatpc,Laptop Lenovo ThinkPad X1 Carbon Gen 12 21KC009MVN (Intel Core Ultra 5 125H | 32GB | 512GB | Intel Arc | 14 inch WUXGA IPS | Win 11 Pro | Đen),https://www.anphatpc.com.vn/laptop-lenovo-thinkpad-x1-carbon-gen-12-21kc009mvn.html
anphatpc,Laptop Lenovo ThinkPad P16s Gen3 T 21KS0033VA (Intel Core Ultra 7 155H | RTX 500 Ada | 16 inch WUXGA | 32 GB | 1TB | No OS | Đen),https://www.anphatpc.com.vn/laptop-lenovo-thinkpad-p16s-gen3-t-21ks0033va.html
anphatpc,Laptop Lenovo ThinkPad T14s Gen 5 21LS005VVA (Intel Core Ultra 5 125U | 16GB | 512GB | 14 inch WUXGA | NoOS | Đen),https://www.anphatpc.com.vn/laptop-lenovo-thinkpad-t14s-gen-5-21ls005vva.html
anphatpc,Laptop Lenovo ThinkPad E14 Gen 6 21M7004XVA (Intel Core Ultra 7 155H | 16GB | 1TB | Intel Arc | 14 ich WUXGA | NoOS | Đen),https://www.anphatpc.com.vn/laptop-lenovo-thinkpad-e14-gen-6-21m7004xva.html
anphatpc,Laptop Lenovo V14 G4 IRU 83A000BGVN (Intel Core i5-13420H | 16GB | 512GB | Intel UHD | 14 inch FHD | NoOS | Xám),https://www.anphatpc.com.vn/laptop-lenovo-v14-g4-iru-83a000bgvn.html
anphatpc,Laptop LENOVO ThinkPad X9-14 Gen 1 21QA006KVN (Intel Core Ultra 7 258V | Intel Arc Graphics 140V | 14 inch WUXGA | 32GB | 1TB | Win 11 Pro | Xám),https://www.anphatpc.com.vn/laptop-lenovo-thinkpad-x9-14-gen-1-21qa006kvn.html
anphatpc,Laptop Lenovo ThinkPad X1 Carbon Gen 13 21NX0039VN (Intel Core Ultra 7 255H | 32GB | 512GB | Intel Arc 140T | 14 inch WUXGA IPS | Win 11 | Đen),https://www.anphatpc.com.vn/laptop-lenovo-thinkpad-x1-carbon-gen-13-21nx0039vn.html
anphatpc,Laptop HP ENVY x360 14-fa0095AU AY8U5PA (AMD Ryzen 7 8840HS | 16GB | 512GB | AMD Radeon | 14 inch 3K OLED | Cảm ứng | Win 11 | Bạc),https://www.anphatpc.com.vn/laptop-hp-envy-x360-14-fa0095au-ay8u5pa.html
anphatpc,Laptop HP 14-ep1007TU 9Z2W1PA (Intel Core 7 150U | 16GB | 512GB | Intel Graphics | 14 inch FHD | Win 11 | Bạc),https://www.anphatpc.com.vn/laptop-hp-14-ep1007tu-9z2w1pa.html
anphatpc,Laptop Lenovo V15 G4 IRU 83CC0041VN (Intel Core i5-13420H | 16GB | 512GB | Intel UHD | 15.6 inch FHD IPS | NoOS | Xám),https://www.anphatpc.com.vn/laptop-lenovo-v15-g4-iru-83cc0041vn.html
anphatpc,Laptop HP Elitebook 630 G11 A7LM7PT (Intel Core Ultra 5-125U | 16GB | 512GB | 13.3 inch WUXGA | Cảm ứng | Win 11 | Bạc),https://www.anphatpc.com.vn/laptop-hp-elitebook-630-g11-a7lm7pt.html
anphatpc,Laptop Dell Gaming G15 5530 71053700 (Intel Core i7-13650HX | RTX 3050 | 15.6 inch FHD 120Hz | 16GB | 512GB | Win 11 | Office | Xám),https://www.anphatpc.com.vn/laptop-dell-gaming-g15-5530-1053700.html
anphatpc,Laptop Lenovo ThinkPad T14s Gen 5 21LS0060VA (Intel Core Ultra 7 155U | 16GB | 512GB | 14 inch WUXGA | Intel Graphics | NoOS | Đen),https://www.anphatpc.com.vn/laptop-lenovo-thinkpad-t14s-gen-5-21ls0060va.html
anphatpc,"Laptop Lenovo ThinkPad P14s Gen 5 T 21G2003PVA (Intel Core Ultra 7 155H | RTX 500 Ada | 14, 5 inch 3K | 32GB | 1TB | NoOS | Đen)",https://www.anphatpc.com.vn/laptop-lenovo-thinkpad-p14s-gen-5-t-21g2003pva.html
anphatpc,Laptop Lenovo IdeaPad Slim 3 15ABR8 82XM00MDVN (AMD Ryzen 5 5625U | 16GB | 512GB | AMD Radeon | 15.6 inch FHD | Win 11 | Xám),https://www.anphatpc.com.vn/laptop-lenovo-ideapad-slim-3-15abr8-82xm00mdvn.html
anphatpc,Laptop ASUS ROG Strix SCAR 18 G835LX-SA193W (Intel Core Ultra 9 Processor 275HX | RTX 5090 24GB | 18 inch 2.5K | 64GB | 4TB | Win 11 | Đen),https://www.anphatpc.com.vn/laptop-asus-rog-strix-scar-18-g835lx-sa193w.html
anphatpc,Laptop Asus Vivobook 14 OLED A1405VA-KM095W (Core i5-13500H | 16GB | 512GB | Intel Iris Xe | 14 inch 2.8K OLED | Win 11 | Bạc),https://www.anphatpc.com.vn/laptop-asus-vivobook-14-oled-a1405va-km095w.html
anphatpc,Laptop Lenovo IdeaPad Slim 3 14IRH10 83K00007VN (Intel Core i7-13620H | 16GB | 512GB | 14 inch WUXGA IPS | Win 11 | Xám),https://www.anphatpc.com.vn/laptop-lenovo-ideapad-slim-3-14irh10-83k00007vn.html
anphatpc,Laptop Dell Inspiron 16 5640 N6I7512W1 (Intel Core 7 150U | 16GB | 1TB | MX570A 2GB | 16 inch 2.5K | Win 11 | Office | Xanh),https://www.anphatpc.com.vn/laptop-dell-inspiron-16-5640-n6i7512w1.html
anphatpc,Laptop Asus Vivobook S 15 S5507QA-MA090WS (Snapdragon X Elite X1E 78 100 3.4GHz | 15.6 inch 3K OLED | 32GB | 1TB | Win 11 | Bạc),https://www.anphatpc.com.vn/laptop-asus-vivobook-s-15-s5507qa-ma090ws.html
anphatpc,Laptop ASUS TUF Gaming A15 FA506NFR-HN006W (AMD Ryzen 7 7435HS | RTX 2050 | 15.6 inch FHD 144Hz | 16 GB | 512GB | Win 11 | Đen),https://www.anphatpc.com.vn/laptop-asus-tuf-gaming-a15-fa506nfr-hn006w.html
anphatpc,Laptop Lenovo Yoga Book 9 14IAH10 83KJ001QVN (Intel Core Ultra 9 285H | 32GB | 1TB | Intel Arc 140T | 14 inch 2.8K OLED | Win | Office | Xanh),https://www.anphatpc.com.vn/laptop-lenovo-yoga-book-9-14iah10-83kj001qvn.html
anphatpc,Laptop Lenovo IdeaPad Slim 5 14IRH10 83HR0001VN (Intel Core i5-13420H | 32GB | 1TB | Intel UHD | 14 inch WUXGA | Win 11 | Xám),https://www.anphatpc.com.vn/laptop-lenovo-ideapad-slim-5-14irh10-83hr0001vn.html
anphatpc,Laptop Lenovo ThinkPad P16s Gen3 T 21KS003HVA (Intel Core Ultra 7 155H | RTX 500 Ada | 16 inch WUXGA IPS | 32GB | 512GB | NoOS | Đen),https://www.anphatpc.com.vn/laptop-lenovo-thinkpad-p16s-gen3-t-21ks003hva.html
anphatpc,Laptop Dell Inspiron 14 5440 71059084 (Intel Core 7 processor 150U | 16GB | 1TB | MX 570A 2GB | Win 11 | Office HS24 | Xanh),https://www.anphatpc.com.vn/laptop-dell-inspiron-14-5440-71059084.html
anphatpc,Laptop Lenovo ThinkPad P16s Gen3 T 21KS0034VN (Intel Core Ultra 7 155H | RTX 500 Ada | 16 inch WUXGA | 32 GB | 1TB | Win 11 Pro | Đen),https://www.anphatpc.com.vn/laptop-lenovo-thinkpad-p16s-gen3-t-21ks0034vn.html
anphatpc,Laptop Lenovo ThinkPad P16s Gen3 T 21KS0032VA (Intel Core Ultra 7 155H | RTX 500 Ada | 16 inch WUXGA | 16 GB | 512GB | No OS | Đen),https://www.anphatpc.com.vn/laptop-lenovo-thinkpad-p16s-gen3-t-21ks0032va.html
anphatpc,Laptop Gaming OMEN MAX 16 16-ah0186TX (Intel Core Ultra 7 255HX | RTX 5080 | 16 inch OLED 2.5K 240Hz | 32GB | 1TB | Win 11 | Đen),https://www.anphatpc.com.vn/laptop-gaming-omen-max-16-16-ah0186tx.html
anphatpc,Laptop ASUS ROG Strix G16 G614JU-N3480W (Intel Core i5-13450HX | RTX 4050 6GB | 16 inch FHD + 165Hz | 16GB | 512GB | Win 11 | Xám),https://www.anphatpc.com.vn/laptop-asus-rog-strix-g16-g614ju-n3480w.html
anphatpc,Laptop ASUS ROG Flow Z13 GZ302EA-RU080WS (AMD Ryzen AI MAX+ 395 | 32GB | 1TB | AMD Radeon | 13.4 inch 2.5K 180Hz | Win 11 | Office | Đen),https://www.anphatpc.com.vn/laptop-asus-rog-flow-z13-gz302ea-ru080ws.html
anphatpc,Laptop ASUS ROG Strix G18 G814JU-N6143W (Intel Core i7-13650HX | RTX4050 | 18 inch QHD+ | 16GB | 1TB | Win 11 Home | Xám),https://www.anphatpc.com.vn/laptop-asus-rog-strix-g18-g814ju-n6143w.html
anphatpc,Laptop Lenovo ThinkPad E14 Gen 6 21M7004WVA (Intel Core Ultra 7 155H | 16GB | 512GB | Intel Arc | 14 inch WUXGA | NoOS | Đen),https://www.anphatpc.com.vn/laptop-lenovo-thinkpad-e14-gen-6-21m7004wva.html
anphatpc,Laptop HP Elitebook 630 G10 9J0B5PT (Intel Core i5-1335U | 16GB | 512GB | Intel UHD Graphics | 13.3 inch FHD | Win 11 Home | Bạc),https://www.anphatpc.com.vn/laptop-hp-elitebook-630-g10-9j0b5pt.html
anphatpc,Laptop ASUS ExpertBook P1 P1403CVA-i7SE16-63WS (Intel Core i7-13700H | Intel UHD | 14 inch FHD | 16GB | 512GB | Win 11 | Office | Xám),https://www.anphatpc.com.vn/laptop-asus-expertbook-p1-p1403cva-i7se16-63ws.html
anphatpc,Laptop Lenovo Yoga Slim 7 14IMH9 83CV008EVN (Intel Core Ultra 5 125H | 1TB | 16GB | Intel Arc | 14 inch WUXGA OLED | Win 11 | Office | Xám),https://www.anphatpc.com.vn/laptop-lenovo-yoga-slim-7-14imh9-83cv008evn.html
anphatpc,Laptop MSI Venture A15 AI A2HMG-003VN (Ryzen 7 260 | AMD Radeon Graphics | 15.6 inch FHD | 16 GB | 512GB | Win 11 | Xám),https://www.anphatpc.com.vn/laptop-msi-venture-a15-ai-a2hmg-003vn.html
anphatpc,Laptop ASUS TUF Gaming A15 FA506NCR-HN047W (AMD Ryzen 7 7435HS | RTX 3050 4GB | 15.6 inch FHD 144Hz | 16 GB | 512GB | Win 11 | Đen),https://www.anphatpc.com.vn/laptop-asus-tuf-gaming-a15-fa506ncr-hn047w.html
anphatpc,Laptop Dell Latitude 7350 L7350-135U-16512W (Intel Core Ultra 5 135U | 16GB | 512GB | Intel Graphic | 13.3 inch FHD | Win 11 | Bạc),https://www.anphatpc.com.vn/laptop-dell-latitude-7350-l7350-135u-16512w.html
anphatpc,Laptop MSI Modern 15 H C2RMG-287VN (Intel Core 7 240H | 16GB | 1TB | 15.6 inch FHD | Intel Graphics | Windows 11 Home SEA | Đen),https://www.anphatpc.com.vn/laptop-msi-modern-15-h-c2rmg-287vn.html
anphatpc,Laptop MSI Modern 15 H AI C2HMG-220VN (Intel Core Ultra 7 255H | 16GB | 512GB | 15.6 inch FHD | Intel Arc Graphics | Windows 11 Home SEA | Đen),https://www.anphatpc.com.vn/laptop-msi-modern-15-h-ai-c2hmg-220vn.html
anphatpc,Laptop Acer Predator Helios Neo 16S AI PHN16S-71-94T0 (Intel Core Ultra 9 275HX | RTX 5070 Ti | 16 inch 2K+ OLED 240Hz | 32GB | 2TB | Win 11 | Đen),https://www.anphatpc.com.vn/laptop-acer-predator-helios-neo-16s-ai-phn16s-71-94t0.html
anphatpc,Laptop Lenovo ThinkPad T16 Gen 3 21MN007QVN (Intel Core Ultra 7 155U | 16GB | 1TB | 16 inch WUXGA IPS | Win 11 Pro | Đen),https://www.anphatpc.com.vn/laptop-lenovo-thinkpad-t16-gen-3-21mn007qvn.html
anphatpc,Laptop Lenovo ThinkPad T14s Gen 5 21LS005RVN (Intel Core Ultra 5 125U | 16GB | 512GB | Intel Graphic | 14 inch WUXGA IPS | Win 11 Pro | Đen),https://www.anphatpc.com.vn/laptop-lenovo-thinkpad-t14s-gen-5-21ls005rvn.html
anphatpc,Laptop Lenovo ThinkPad E14 Gen 7 21SX002TVA (Intel Core Ultra 7 255H | 16GB | 1TB | Intel Arc 140T | 14 inch WUXGA 60Hz | NoOS | Đen),https://www.anphatpc.com.vn/laptop-lenovo-thinkpad-e14-gen-7-21sx002tva.html
anphatpc,Laptop ASUS ExpertBook B5 B5404CMA-Q70250WL (Intel Core Ultra 7 Processor 155H | 16GB | 512GB | Intel Arc | 14 inch WUXGA | Win 11 | Đen),https://www.anphatpc.com.vn/laptop-asus-expertbook-b5-b5404cma-q70250wl.html
anphatpc,Laptop Lenovo Legion Pro 5 16IRX9 83DF0046VN (Intel Core i9-14900HX | RTX 4070 8GB |32GB | 1TB | 16 inch WQXGA | RTX 4070 | Win 11 | Grey),https://www.anphatpc.com.vn/laptop-lenovo-legion-pro-5-16irx9-83df0046vn.html
anphatpc,Laptop Lenovo IdeaPad Slim 5 14IMH9 83DA0020VN (Intel Core Ultra 7 155H | 1TB | 32GB | Intel Arc | 14 inch WUXGA | Win 11 | Xám),https://www.anphatpc.com.vn/laptop-lenovo-ideapad-slim-5-14imh9-83da0020vn.html
anphatpc,Laptop Lenovo ThinkPad P14s Gen 5 T 21G2003XVA (Intel Core Ultra 7 155H | RTX 500 Ada | 14.5 inch 3K | 64GB | 1TB | NoOS | Đen),https://www.anphatpc.com.vn/laptop-lenovo-thinkpad-p14s-gen-5-t-21g2003xva.html
anphatpc,Laptop Lenovo ThinkPad P14s Gen 5 21G2004XVA (Intel Core Ultra 5 125H | RTX 500 Ada | 14.5 inch WUXGA | 32GB | 1TB | NoOS | Đen),https://www.anphatpc.com.vn/laptop-lenovo-thinkpad-p14s-gen-5-21g2004xva.html
anphatpc,Laptop Lenovo ThinkPad E14 Gen 6 21M7004YVN (Intel Core Ultra 7 155H | 16GB | 512GB | 14 inch WUXGA | Win 11 | Đen),https://www.anphatpc.com.vn/laptop-lenovo-thinkpad-e14-gen-6-21m7004yvn.html
anphatpc,Laptop Lenovo ThinkPad P16v Gen 2 T 21KX0039VA (Intel Core Ultra 7 155H | RTX 1000 Ada | 16 inch WUXGA | 32GB | 1TB | NoOS | Đen),https://www.anphatpc.com.vn/laptop-lenovo-thinkpad-p16v-gen-2-t-21kx0039va.html
anphatpc,Laptop Lenovo ThinkPad P14s Gen 5 T 21G20056VN (Intel Core Ultra 7 155H | RTX 500 Ada | 14.5 inch WUXGA IPS | 32GB | 1TB | Win 11 Pro | Đen),https://www.anphatpc.com.vn/laptop-lenovo-thinkpad-p14s-gen-5-t-21g20056vn.html
anphatpc,Laptop Lenovo ThinkPad P14s Gen 5 T 21G20053VA (Intel Core Ultra 7 155H | RTX 500 Ada | 14.5 inch WUXGA IPS | 32GB | 512GB | NoOS | Đen),https://www.anphatpc.com.vn/laptop-lenovo-thinkpad-p14s-gen-5-t-21g20053va.html
anphatpc,Laptop MSI Stealth 18 AI Studio A1VHG-025VN (Intel Core Ultra 9 185H | RTX 4080 12GB | 18 inch UHD+ 120Hz | 32GB | 2TB | Win 11 | Đen),https://www.anphatpc.com.vn/laptop-msi-stealth-18-ai-studio-a1vhg-025vn.html
anphatpc,Laptop Lenovo IdeaPad Slim 3 15ABR8 82XM00MCVN (AMD Ryzen 7 5825U | 16GB | 512GB | AMD Radeon | 15.6 inch FHD | Win 11 | Xám),https://www.anphatpc.com.vn/laptop-lenovo-ideapad-slim-3-15abr8-82xm00mcvn.html
anphatpc,Laptop HP OmniBook UF 14-fh0038TU B2CP4PA (Intel Core Ultra 9 288V | 32GB | 1TB | Intel Arc | 14 inch 3K OLED | Win 11 | Xanh),https://www.anphatpc.com.vn/laptop-hp-omnibook-uf-14-fh0038tu-b2cp4pa.html
anphatpc,Laptop HP OmniBook UF 14-fh0040TU B13VHPA (Intel Core Ultra 7 258V | 32GB | 1TB | Intel Arc | 14 inch 3K OLED | Win 11 | Xanh),https://www.anphatpc.com.vn/laptop-hp-omnibook-uf-14-fh0040tu-b13vhpa.html
anphatpc,Laptop HP EliteBook 640 G10 873G2PA (Intel Core i5-1335U | 8GB | 512GB | Intel Iris Xe | 14 inch FHD | Win 11 | Bạc),https://www.anphatpc.com.vn/laptop-hp-elitebook-640-g10-873g2pa.html
anphatpc,Laptop ASUS ExpertBook P1503CVA-i5SE16-63WS (Intel Core i5-13500H | Intel UHD | 15.6 inch FHD | 16GB | 512GB | Win 11 | Office | Xám),https://www.anphatpc.com.vn/laptop-asus-expertbook-p1503cva-i5se16-63ws.html
anphatpc,Laptop Lenovo ThinkPad L14 Gen 4 21H10039VA (Intel Core i5-1340P | 16GB | 512GB | Intel Iris Xe | 14 inch FHD | NoOS | Đen),https://www.anphatpc.com.vn/laptop-lenovo-thinkpad-l14-gen-4-21h10039va.html
anphatpc,Laptop Asus Vivobook 15 X1504ZA-NJ517W (Intel Core i5-1235U | 16GB RAM | 512GB | Intel Iris Xe Graphics),https://www.anphatpc.com.vn/laptop-asus-vivobook-15-x1504za-nj517w.html
anphatpc,Laptop ASUS ROG Strix G18 G814JIR-N6108W (Intel Core i9-14900HX | RTX4070 | 18 inch 2.5K | 32GB | 1TB | Win 11 Home | Xám),https://www.anphatpc.com.vn/laptop-asus-rog-strix-g18-g814jir-n6108w.html
anphatpc,Laptop Lenovo ThinkPad E16 Gen 2 21MA004MVN (Intel Core Ultra 7 155H | 16GB | 512GB | Intel Arc | 16 inch WUXGA IPS | Win 11 | Đen),https://www.anphatpc.com.vn/laptop-lenovo-thinkpad-e16-gen-2-21ma004mvn.html
anphatpc,Laptop Lenovo ThinkPad E14 Gen 5 21JK00FMVN (Intel Core i7-13700H | 32GB | 1TB | Intel Iris Xe | 14 inch WUXGA | Win 11 | Đen),https://www.anphatpc.com.vn/laptop-lenovo-thinkpad-e14-gen-5-21jk00fmvn.html
anphatpc,Laptop Lenovo ThinkPad E14 Gen 6 21M7004MVA (Intel Core Ultra 5 125H | 16GB | 512GB | Intel Arc | 14 inch WUXGA | NoOS | Đen),https://www.anphatpc.com.vn/laptop-lenovo-thinkpad-e14-gen-6-21m7004mva.html
anphatpc,Laptop MSI Pulse 17 AI C1VGKG 017VN (Intel Core Ultra 7 155H | 32GB | 1TB | RTX 4070 | 17 inch QHD+ | Win 11 | Đen),https://www.anphatpc.com.vn/laptop-msi-pulse-17-ai-c1vgkg-017vn.html
anphatpc,Laptop Lenovo Legion 7 16IRX9 83FD006JVN (Intel Core i9-14900HX | RTX 4070 |32GB | 1TB | 16 inch 3.2K | Win 11 | Trắng),https://www.anphatpc.com.vn/laptop-lenovo-legion-7-16irx9-83fd006jvn.html
anphatpc,Laptop Dell XPS 13 9340 71034922 (Intel Core Ultra 5 125H | 16GB | 1TB | Intel Arc | 13.4 inch FHD+ | Win 11 | Office | Bạc),https://www.anphatpc.com.vn/laptop-dell-xps-13-9340-71034922.html
anphatpc,Laptop Lenovo IdeaPad Slim 5 14IAH8 83BF002NVN (Intel Core i5-12450H | 16GB | 512GB | Intel UHD | 14 inch WUXGA | Win 11 | Xám),https://www.anphatpc.com.vn/laptop-lenovo-ideapad-slim-5-14iah8-83bf002nvn.html
anphatpc,Laptop Lenovo V15 G4 IRU 83A10008VN (Intel Core i5-1335U | 8GB DDR4 | 512GB SSD | 15.6 inch FHD | Intel Iris Xe | NoOS | Xám),https://www.anphatpc.com.vn/laptop-lenovo-v15-g4-iru-83a10008vn.html
anphatpc,Laptop Lenovo V15 G4 IRU 83A1000LVN (Intel Core i5-1335U | 16GB DDR4 | 512GB SSD | 15.6 inch FHD | Intel Iris Xe | Win 11 | Xám),https://www.anphatpc.com.vn/laptop-lenovo-v15-g4-iru-83a1000lvn.html
anphatpc,Laptop Asus Vivobook S 14 Flip TP3402VA-LZ025W (Intel Core i3-1315U | 8GB | 256GB | Intel UHD | 14 inch WUXGA | Cảm ứng | Win 11 | Bạc),https://www.anphatpc.com.vn/laptop-asus-vivobook-s-14-flip-tp3402va-lz025w.html
anphatpc,Laptop Asus Zenbook 14 OLED UX3405MA-PP151W (Intel Core Ultra 5 125H | 16GB | 512GB | Intel Arc | 14 inch 3K OLED | Win 11 | Xanh),https://www.anphatpc.com.vn/laptop-asus-zenbook-14-oled-ux3405ma-pp151w.html
anphatpc,Laptop HP Elitebook 630 G10 9J0B6PT (Intel Core i7-1355U | 8GB | 512GB | Intel UHD Graphics | 13.3 inch FHD | Win 11 Home | Bạc),https://www.anphatpc.com.vn/laptop-hp-elitebook-630-g10-9j0b6pt.html
anphatpc,Laptop HP ProBook 450 G10 9H8H2PT (Intel core i7-1355U | 16GB | 512GB | 15.6FHD | NVIDIA RTX2050 | W11SL | BẠC),https://www.anphatpc.com.vn/laptop-hp-probook-450-g10-9h8h2pt.html
anphatpc,Laptop HP 240 G10 9H2E1PT (Intel core i5-1335U | 8GB | 256GB | 14.0FHD | Intel UHD Graphics | W11SL | BẠC),https://www.anphatpc.com.vn/laptop-hp-240-g10-9h2e1pt.html
anphatpc,Laptop HP 240 G10 9H2E4PT (Intel Core i5-1335U | 16GB | 512GB | Intel UHD Graphics | 14.0 inch FHD | Win 11 SL | Bạc),https://www.anphatpc.com.vn/laptop-hp-240-g10-9h2e4pt.html
anphatpc,Laptop Lenovo ThinkPad T14s Gen 2 20WNS7F400 (Intel Core i5-1135G7 | 8GB | 256GB | Intel Iris Xe | 14 inch FHD | NoOS | Đen),https://www.anphatpc.com.vn/laptop-lenovo-thinkpad-t14s-gen-2-20wns7f400.html
anphatpc,Laptop Lenovo ThinkPad T14 Gen 3 21AHS01G00 (Intel Core i5-1235U | 8GB | 256GB | Intel Iris Xe | 14 inch WUXGA IPS | NoOS | Đen),https://www.anphatpc.com.vn/laptop-lenovo-thinkpad-t14-gen-3-21ahs01g00.html
anphatpc,Laptop HP 240 G10 9H2E6PT (Intel Core i7-1355U | 16GB | 512GB | Intel Iris Xe | 14 inch FHD | Win 11 | Bạc),https://www.anphatpc.com.vn/laptop-hp-240-g10-9h2e6pt.html
anphatpc,Laptop Lenovo Legion Pro 7 16IRX9H 83DE001MVN (Intel Core i9-14900HX | RTX 4090 | 32GB | 1TB | 16 inch WQXGA 240Hz | Win 11 | Black),https://www.anphatpc.com.vn/laptop-lenovo-legion-pro-7-16irx9h-83de001mvn.html
anphatpc,Laptop Lenovo Legion 5 16IRX9 83DG0051VN (Intel Core i7-14650HX | RTX 4060 |16GB | 1TB | 16 inch WQXGA | Xám | Win 11),https://www.anphatpc.com.vn/laptop-lenovo-legion-5-16irx9-83dg0051vn.html
anphatpc,Laptop Lenovo Legion 7 16IRX9 83FD004MVN (Intel Core i9-14900HX | RTX 4070 |32GB | 1TB | 16 inch 3.2K | Win 11 | Đen),https://www.anphatpc.com.vn/laptop-lenovo-legion-7-16irx9-83fd004mvn.html
anphatpc,Laptop ASUS Vivobook S 14 OLED S5406MA-PP161W (Intel Core Ultra 5 125H | 16GB | 1TB | Intel Arc | 14 inch 3K 120Hz | Win 11 | Đen),https://www.anphatpc.com.vn/laptop-asus-vivobook-s-14-oled-s5406ma-pp161w.html
anphatpc,Laptop Lenovo ThinkPad X1 Carbon Gen 12 21KC008MVN (Intel Core Ultra 7 155H | 16GB | 512GB | Intel Arc | 14 inch WUXGA | Win 11 Pro | Đen),https://www.anphatpc.com.vn/laptop-lenovo-thinkpad-x1-carbon-gen-12-21kc008mvn.html
anphatpc,Laptop Lenovo ThinkPad X1 Carbon Gen 12 - 21KC008NVN (Intel Core Ultra 7 155H | 32GB | 1TB | Intel Arc | 14 inch WUXGA | Win 11 Pro | Đen),https://www.anphatpc.com.vn/laptop-lenovo-thinkpad-x1-carbon-gen-12-21kc008nvn.html
anphatpc,Laptop Lenovo Legion 9 16IRX9 83G0001AVN (Intel Core i9-14900HX |RTX 4090 16GB | 64GB | 2TB | 16 inch 3.2K | Win 11 | Đen),https://www.anphatpc.com.vn/laptop-lenovo-legion-9-16irx9-83g0001avn.html
anphatpc,Laptop Lenovo ThinkPad X1 Carbon Gen 12 21KC009NVN (Intel Core Ultra 5 125H | 32GB | 1TB | Intel Arc | 14 inch WUXGA | Win 11 Pro | Đen),https://www.anphatpc.com.vn/laptop-lenovo-thinkpad-x1-carbon-gen-12-21kc009nvn.html
anphatpc,Laptop Lenovo ThinkPad E16 Gen 1 21JN00GJVN (Intel Core i5-13420H | 8GB | 512GB | Intel UHD | Win 11 | 16 inch WUXGA | Đen),https://www.anphatpc.com.vn/laptop-lenovo-thinkpad-e16-gen-1-21jn00gjvn.html
anphatpc,Laptop MSI Stealth 16 Mercedes AMG A1VGG 293VN (Intel Core Ultra 9 185H | 32GB | 2TB | RTX 4070 | 16 inch QHD+ | Win 11 | Xám),https://www.anphatpc.com.vn/laptop-msi-stealth-16-mercedes-amg-a1vgg-293vn.html
anphatpc,Laptop Lenovo ThinkPad T16 Gen 3 21MN007EVA (Intel Core Ultra 7 155H | 16GB | 512GB | Intel Arc | 16 inch WUXGA | NoOS | Đen),https://www.anphatpc.com.vn/laptop-lenovo-thinkpad-t16-gen-3-21mn007eva.html
anphatpc,Laptop gaming MSI Stealth 18 Mercedes AMG A1VHG 080VN ( Intel Core Ultra 9 processor 185H | RTX 4080 | 64GB DDR5 | 2TB | 18 inch UHD+ 120Hz),https://www.anphatpc.com.vn/laptop-gaming-msi-stealth-18-mercedes-amg-a1vhg-080vn-intel-core-ultra-9-processor-185h-rtx-4080-64gb-ddr5-2tb-18-inch.html
anphatpc,Laptop Lenovo ThinkPad P14s Gen 5 T 21G2003RVN (Intel Core Ultra 7 155H | RTX 500 Ada | 14.5 inch 3K | 32GB | 1TB | Win 11 Pro | Đen),https://www.anphatpc.com.vn/laptop-lenovo-thinkpad-p14s-gen-5-t-21g2003rvn.html
anphatpc,Laptop Lenovo ThinkPad P14s Gen 5 T 21G2003TVN (Intel Core Ultra 7 155H | RTX 500 Ada | 14.5 inch 3K | 64GB | 1TB | Win 11 Pro | Đen),https://www.anphatpc.com.vn/laptop-lenovo-thinkpad-p14s-gen-5-t-21g2003tvn.html
anphatpc,Laptop Lenovo ThinkPad P14s Gen 5 T 21G2003UVN (Intel Core Ultra 7 155H | RTX 500 Ada | 14.5 inch 3K 120Hz | 96GB | 2TB | Win 11 Pro | Đen),https://www.anphatpc.com.vn/laptop-lenovo-thinkpad-p14s-gen-5-t-21g2003uvn.html
anphatpc,Laptop HP ProBook 440 G11 A74B9PT (Intel Core Ultra 5 125H | 16GB | 512GB | Intel Arc Graphics | 14 inch WUXGA | Cảm ứng | Win 11 | Bạc),https://www.anphatpc.com.vn/laptop-hp-probook-440-g11-a74b9pt.html
anphatpc,Laptop Lenovo ThinkPad P16s Gen3 T 21KS0039VA (Intel Core Ultra 5 125H | RTX 500 Ada | 16 inch WUXGA | 16GB | 512GB | No OS | Đen),https://www.anphatpc.com.vn/laptop-lenovo-thinkpad-p16s-gen3-t-21ks0039va.html
anphatpc,Laptop Lenovo ThinkPad P16s Gen3 T 21KS003AVA (Intel Core Ultra 5 125H | RTX 500 Ada | 16 inch WUXGA | 32GB | 512GB | No OS | Đen),https://www.anphatpc.com.vn/laptop-lenovo-thinkpad-p16s-gen3-t-21ks003ava.html
anphatpc,Laptop Lenovo ThinkPad P16s Gen3 T 21KS003BVN (Intel Core Ultra 5 125H | RTX 500 Ada | 16 inch WUXGA | 16GB | 512GB | Win 11 Pro | Đen),https://www.anphatpc.com.vn/laptop-lenovo-thinkpad-p16s-gen3-t-21ks003bvn.html
anphatpc,Laptop Lenovo ThinkPad P16s Gen3 T 21KS003CVN (Intel Core Ultra 5 125H | RTX 500 Ada | 16 inch WUXGA | 32GB | 1TB | Win 11Pro | Đen),https://www.anphatpc.com.vn/laptop-lenovo-thinkpad-p16s-gen3-t-21ks003cvn.html
anphatpc,Laptop Lenovo ThinkPad P16s Gen3 T 21KS0037VA (Intel Core Ultra 7 155H | RTX 500 Ada | 16 inch WUXGA | 64 GB | 1TB | No OS | Đen),https://www.anphatpc.com.vn/laptop-lenovo-thinkpad-p16s-gen3-t-21ks0037va.html
anphatpc,Laptop Lenovo ThinkPad P16s Gen3 T 21KS0035VN (Intel Core Ultra 7 155H | RTX 500 Ada | 16 inch WUXGA | 64 GB | 1TB | Win 11 Pro | Đen),https://www.anphatpc.com.vn/laptop-lenovo-thinkpad-p16s-gen3-t-21ks0035vn.html
anphatpc,Laptop Lenovo ThinkPad P16s Gen3 T 21KS0036VN (Intel Core Ultra 7 155H | RTX 500 Ada | 16 inch WUXGA | 64 GB | 2TB | Win 11 Pro | Đen),https://www.anphatpc.com.vn/laptop-lenovo-thinkpad-p16s-gen3-t-21ks0036vn.html
anphatpc,Laptop Lenovo ThinkPad P16v Gen 1 T 21FC004BVA (Intel Core i7-13700H | RTX A1000 6GB | 16 inch WUXGA | 32GB | 1TB | Win 11 | Đen),https://www.anphatpc.com.vn/laptop-lenovo-thinkpad-p16v-gen-1-t-21fc004bva.html
anphatpc,Laptop Lenovo ThinkPad P16v Gen 2 T 21KX0038VA (Intel Core Ultra 7 155H | RTX 1000 Ada 6GB | 15 inch WQUXGA 800N | 32GB | 1 TB | NoOS | Đen),https://www.anphatpc.com.vn/laptop-lenovo-thinkpad-p16v-gen-2-t-21kx0038va.html
anphatpc,Laptop Lenovo ThinkPad P16v Gen 2 T 21KX0036VN (Intel Core Ultra 7 155H | RTX 1000 Ada | 16 inch WQUXGA | 64GB | 2TB | Win 11 pro | Đen),https://www.anphatpc.com.vn/laptop-lenovo-thinkpad-p16v-gen-2-t-21kx0036vn.html
anphatpc,Laptop Lenovo ThinkPad L14 Gen 5 T 21L10043VA (Intel Core Ultra 5 125U | 16GB | 512GB | Intel Graphic | 14 inch WUXGA | NoOS | Đen),https://www.anphatpc.com.vn/laptop-lenovo-thinkpad-l14-gen-5-t-21l10043va.html
anphatpc,Laptop Dell Latitude 5450 BTX Base 42LT545001 (Intel Core Ultra 7 155U | 16GB | 512GB | 14 inch FHD | Win 11 | Xám),https://www.anphatpc.com.vn/laptop-dell-latitude-5450-btx-base-42lt545001.html
anphatpc,Laptop Dell Mobile Precision Workstation 3590 (Intel Core Ultra 7 165H | 16GB | 512GB | 15.6 inch FHD | Win 11 Pro),https://www.anphatpc.com.vn/laptop-dell-mobile-precision-workstation-3590.html
anphatpc,Laptop HP Elitebook 630 G11 A7LB8PT (Intel Core Ultra 7 155U | Intel Graphics | 16GB | 512GB | 13.3 inch WUXGA | Cảm ứng | Win 11),https://www.anphatpc.com.vn/laptop-hp-elitebook-630-g11-a7lb8pt.html
anphatpc,Laptop HP Elitebook 630 G11 A7LC5PT (Intel Core Ultra 7 155U | 16GB | 512GB | 13.3 inch WUXGA | Win 11 | Bạc),https://www.anphatpc.com.vn/laptop-hp-elitebook-630-g11-a7lc5pt.html
anphatpc,Laptop HP Elitebook 630 G11 A7LL8PT (Intel Core Ultra 5-125U | 16GB | 512GB | 13.3 inch WUXGA | Win 11 | Bạc | Vỏ nhôm),https://www.anphatpc.com.vn/laptop-hp-elitebook-630-g11-a7ll8pt.html
anphatpc,Laptop Lenovo ThinkPad E14 Gen 6 21M70051VN (Intel Core Ultra 7 155H | Intel Arc | 14 inch 2.2K | 32GB | 1TB | Win 11 | Đen),https://www.anphatpc.com.vn/laptop-lenovo-thinkpad-e14-gen-6-21m70051vn.html
anphatpc,Laptop Lenovo ThinkPad E16 Gen 2 21MA0048VN (Intel Core Ultra 5 125U | 16GB | 1TB | 16 inch WUXGA | Win 11 | Đen),https://www.anphatpc.com.vn/laptop-lenovo-thinkpad-e16-gen-2-21ma0048vn.html
anphatpc,Laptop Lenovo ThinkPad E16 Gen 2 21MA0047VN (Intel Core Ultra 5 125U | 16GB | 512GB | 16 inch WUXGA | Win 11 | Đen),https://www.anphatpc.com.vn/laptop-lenovo-thinkpad-e16-gen-2-21ma0047vn.html
anphatpc,Laptop Lenovo ThinkPad E14 Gen 6 T 21M7004JVN (Intel Core Ultra 5 125U | 16GB | 512GB | 14 inch WUXGA | Win 11 | Đen),https://www.anphatpc.com.vn/laptop-lenovo-thinkpad-e14-gen-6-t-21m7004jvn.html
anphatpc,Laptop Lenovo ThinkPad L14 Gen 5 T 21L1003WVA (Intel Core Ultra 7 155U | 16GB | 512GB | 14 inch WUXGA | NoOS | Đen),https://www.anphatpc.com.vn/laptop-lenovo-thinkpad-l14-gen-5-t-21l1003wva.html
anphatpc,Laptop Lenovo ThinkPad X1 Carbon Gen 12 21KC008PVN (Intel Core Ultra 7 155H | 32GB | 1TB | Intel Arc | 14 inch 2.8K OLED | Win 11 Pro | Đen),https://www.anphatpc.com.vn/laptop-lenovo-thinkpad-x1-carbon-gen-12-21kc008pvn.html
anphatpc,Laptop Lenovo ThinkPad E14 Gen 6 21M7004UVN (Intel Core Ultra 7 155U | 16GB | 512GB | Intel Graphics | 14 inch WUXGA | Win 11 | Đen),https://www.anphatpc.com.vn/laptop-lenovo-thinkpad-e14-gen-6-21m7004uvn.html
anphatpc,Laptop Lenovo ThinkPad E16 Gen 2 21MA004AVA (Intel Core Ultra 5 125H | 16GB | 512GB | Intel Arc | 16 inch WUXGA | NoOS | Đen),https://www.anphatpc.com.vn/laptop-lenovo-thinkpad-e16-gen-2-21ma004ava.html
anphatpc,Laptop Lenovo ThinkPad E16 Gen 2 21MA004CVN (Intel Core Ultra 5 125H | 16GB | 512GB | Intel Arc | 16 inch WUXGA | Win 11 | Đen),https://www.anphatpc.com.vn/laptop-lenovo-thinkpad-e16-gen-2-21ma004cvn.html
anphatpc,Laptop Lenovo ThinkPad E16 Gen 2 21MA004EVN (Intel Core Ultra 5 125H | 32GB | 1TB | Intel Arc | 16 inch WUXGA | Win 11 | Đen),https://www.anphatpc.com.vn/laptop-lenovo-thinkpad-e16-gen-2-21ma004evn.html
anphatpc,Laptop HP Elitebook 630 G11 A7LB9PT (Intel Core Ultra 7-155U | 16GB | 512GB | 13.3 inch WUXGA | Win 11 Pro | Bạc),https://www.anphatpc.com.vn/laptop-hp-elitebook-630-g11-a7lb9pt.html
anphatpc,Laptop HP Elitebook 630 G11 A7LC0PT (Intel Core Ultra 7-155U | 16GB | 512GB | 13.3 inch WUXGA | Cảm ứng | Win 11 Pro | Bạc),https://www.anphatpc.com.vn/laptop-hp-elitebook-630-g11-a7lc0pt.html
anphatpc,Laptop HP Probook 460 G11 A74C0PT (Intel Core Ultra 7 155U | 16GB | 512GB | 16 inch WUXGA IPS | Win 11 | Bạc),https://www.anphatpc.com.vn/laptop-hp-probook-460-g11-a74c0pt.html
anphatpc,Laptop Lenovo ThinkPad E14 Gen 5 21JK006HVA (Intel Core i7-1355U | 16GB | 512GB | Intel Iris Xe | 14 inch WUXGA | No OS | Đen),https://www.anphatpc.com.vn/laptop-lenovo-thinkpad-e14-gen-5-21jk006hva.html
anphatpc,Laptop HP Elitebook x360 830 G11 A7RC0PT (Intel Core Ultra 7 165U | 16GB | 512GB | 13.3 inch WUXGA | Cảm ứng | Win 11 Pro | Bạc),https://www.anphatpc.com.vn/laptop-hp-elitebook-x360-830-g11-a7rc0pt.html
anphatpc,Laptop ASUS ExpertBook B5 B5404CMA-Q70249WL (Intel Core Ultra 5 processor 125H | 16GB | 512GB | Intel Arc | 14 inch WUXGA | Win 11 | Đen),https://www.anphatpc.com.vn/laptop-asus-expertbook-b5-b5404cma-q70249wl.html
anphatpc,Laptop HP Probook 460 G11 A74C3PT (Intel Core Ultra 7 155H | 16GB | 512GB | Intel Arc | 16 inch WUXGA | Cảm ứng | Win 11 | Bạc,https://www.anphatpc.com.vn/laptop-hp-probook-460-g11-a74c3pt.html
anphatpc,Laptop HP Probook 460 G11 A74C2PT (Intel Core Ultra 7 155H | 16GB | 512GB | Intel Arc | 16 inch WUXGA | Win 11 | Bạc),https://www.anphatpc.com.vn/laptop-hp-probook-460-g11-a74c2pt.html
anphatpc,Laptop Lenovo ThinkPad T14s Gen 5 21LS0062VN (Intel Core Ultra 7 155U | 32GB | 1TB | 14 inch 2.8K OLED | Win 11 Pro | Đen),https://www.anphatpc.com.vn/laptop-lenovo-thinkpad-t14s-gen-5-21ls0062vn.html
anphatpc,HP Victus,https://www.anphatpc.com.vn/laptop-gaming-hp.html
anphatpc,Laptop nào chơi được Black Myth Wukong mượt và giá tốt nhất?,https://www.anphatpc.com.vn/laptop-nao-choi-duoc-black-myth-wukong-muot-va-gia-tot-nhat.html
hacom,Laptop Acer Aspire Go AG15-72P-54GY (NX.JRRSV.002) Core 5-120U/16GB RAM DDR4/512GSSD/15.6 inch FHD/Win 11 SL/Bạc),https://hacom.vn/laptop-acer-aspire-go-ag15-72p-54gy-ltac1001
hacom,Laptop Asus Gaming TUF FA506NCG-HN329W (R7 8845HS/16GB RAM/ 512GB SSD/ 15.6 inch FHD 144Hz/ RTX 3050 4GB/ Win11/ Đen),https://hacom.vn/laptop-asus-gaming-tuf-fa506ncg-hn329w-ltau1091
hacom,Laptop Acer Predator Helios PHN16-I31-72XE (NH.U4RSV.001) (i7-14650HX/32GB RAM/512GB SSD/RTX 5060 8GB/16 inch 2K+ 180Hz/Win 11/Đen),https://hacom.vn/laptop-acer-predator-helios-phn16-i31-72xe-ltac1029
hacom,Laptop Asus VivoBook S3407QA-SF043W (X1 26 100/ 16GB RAM D5X/ 512GB SSD/ 14 OLED/ W6E/ BT / Win11SL/ Xám),https://hacom.vn/laptop-asus-vivobook-s3407qa-sf043w-ltau1098
hacom,Laptop Apple Macbook Air M5 MDH84SA/A (Apple M5/10 core CPU/10 core GPU/16GB RAM/1TB SSD/13.6 inch/Mac OS/Silver),https://hacom.vn/laptop-apple-macbook-air-m5-mdh84saa-ltma0283
hacom,Laptop Gigabyte A16 (A16-CMHI2VN893SH) (i7 13620H/16GB RAM/512GB SSD/RTX 4050 6G/WF6E/16.0FHD+ 165Hz/Win 11/Đen),https://hacom.vn/laptop-gigabyte-a16-a16-cmhi2vn893sh-ltgi0066
hacom,Laptop Acer Aspire Go 15 AI AG15-52P-52WT (NX.JWKSV.001) (Ultra 5 115U/16GB RAM/512GB SSD/15.6 inch FHD/Win 11/Bạc),https://hacom.vn/laptop-acer-aspire-go-ag15-52p-52wt-ltac1030
hacom,Laptop Gigabyte A16 (CMH-H2VN893SH) (i5 13420H/16GB RAM512GB SSD/RTX4050 6G/16.0 FHD+ 165Hz/Win 11/Đen),https://hacom.vn/laptop-gigabyte-gaming-a16-cmh-h2vn893sh
hacom,Laptop Lenovo Gaming Legion Pro 5 16IAX10 (83F3003VVN) (U9 275HX/32GB RAM/1TB SSD/16 WQXGA 165hz/RTX5060 8G/Win11&Office/Đen/3Year),https://hacom.vn/laptop-lenovo-legion-5-16iax10-83f3003vvn
hacom,Laptop Acer Aspire 7 A715-59G-59RD (NH.DXUSV.001) (Core 5-210H/16GB RAM/512GB SSD/RTX 3050 4GB/15.6 inch FHD 144Hz/Win 11/Đen),https://hacom.vn/laptop-acer-aspire-7-a715-59g-59rd-ltac1037
hacom,Laptop Dell Pro 14 Essential PV14250 71084489 (Core 5-120U/16GB DDR5/1TB SSD/14 inch FHD+/Win 11 Home/Bạc),https://hacom.vn/laptop-dell-pro-14-essential-pv14250-71084489-ltdl0666
hacom,Laptop Asus VivoBook E1404FA-EB935W (R5 40/16GB RAM/512GB SSD/14 FHD/Win11/Bạc),https://hacom.vn/laptop-asus-vivobook-e1404fa-eb935w-ltau1082
hacom,Laptop HP OmniBook 7 13-bg1083AU (BZ7R9PA) (Ryzen AI 7 350/32GB RAM/512GB SSD/13.3 WUXGA/Win11&OfficeHS24+365/Bạc),https://hacom.vn/laptop-hp-omnibook-7-13-bg1083au-bz7r9pa
hacom,Laptop HP OmniBook 5 16-ag1068AU (BZ7T0PA) (Ryzen AI 5 340/16GB RAM/512GB SSD/16 WUXGA Cảm ứng /Win11&OfficeHS24+365/Bạc),https://hacom.vn/laptop-hp-omnibook-5-16-ag1068au-bz7t0pa
hacom,Laptop Asus VivoBook X1404VA-EB509W (i3 1315U/8GB RAM/512GB SSD/14 FHD/Win11/Bạc),https://hacom.vn/laptop-asus-vivobook-x1404va-eb509w-ltau1035
hacom,Laptop Lenovo Gaming LOQ 15ARP10E 83S0000DVN (R5 7535HS/16GB RAM/512GB SSD/15.6 FHD 144hz/RTX 3050 6GB/Win11/Xám),https://hacom.vn/laptop-lenovo-gaming-loq-15arp10e-83s0000dvn-ltlv0343
hacom,Laptop Lenovo Gaming LOQ 15IRX9 (83DV01ALVN) (i7 13650HX/16GB RAM/512GB SSD/15.6 FHD 144hz/RTX 4050 6GB/Win11/Xám),https://hacom.vn/laptop-lenovo-gaming-loq-15irx9-83dv01alvn
hacom,Laptop Acer Gaming Nitro V ANV15-41-R732 (NH.QPESV.005) (R5 6600H/16GB DDR5/512GB SSD/RTX4050 6GB/15.6 inch 165Hz/Win11/Đen),https://hacom.vn/laptop-acer-gaming-nitro-v-anv15-41-r732-ltac1028
hacom,Laptop Asus VivoBook X1504VA-BQ265W (Core 5 120U/16GB RAM/512GB SSD/15.6 FHD/Win11/Bạc),https://hacom.vn/laptop-asus-vivobook-x1504va-bq265w-ltau1051
hacom,Laptop Acer Aspire 7 A715-59G-55MD (NH.QX6SV.005) (i5 13420H/16GB RAM DDR4/512GB SSD/RTX 3050 6G/15.6 inch FHD 144Hz/Win11/Đen),https://hacom.vn/laptop-acer-aspire-7-a715-59g-55md-ltac1002
hacom,Laptop Dell 16 DC16250-C7U161W11BLU (Core7 150U/16GB RAM DDR5/1TB SSD/16 inch FHD+ Cảm ứng/Win11 Home/Office Home 2024/Đen),https://hacom.vn/laptop-dell-16-dc16250-c7u161w11blu-ltdl0641
hacom,Laptop Asus VivoBook E1504FA-BQ340W (R5 40/16GB RAM/512GB SSD/15.6 FHD/Win11/Bạc),https://hacom.vn/laptop-asus-vivobook-e1504fa-bq340w-ltau1085
hacom,Laptop Dell 15 DC15250 DC15250-i5U165W11SLU (i5 1334U/16GB RAM/512GB SSD/15.6FHD 120Hz/Win11H/OfficeHS24/Bạc),https://hacom.vn/laptop-dell-15-dc15250-dc15250-i5u165w11slu-ltdl0640
hacom,Laptop Asus,https://hacom.vn/laptop-asus
hacom,Laptop Dell,https://hacom.vn/laptop-dell
hacom,Laptop Acer,https://hacom.vn/laptop-acer
hacom,Laptop HP,https://hacom.vn/laptop-hp
hacom,Laptop Lenovo,https://hacom.vn/laptop-lenovo
hacom,Laptop MSI,https://hacom.vn/laptop-msi
hacom,Laptop LG,https://hacom.vn/laptop-lg
hacom,Laptop AI,https://hacom.vn/laptop-ai
hacom,Laptop Doanh nhân,https://hacom.vn/laptop-doanh-nhan
hacom,Laptop Mỏng nhẹ,https://hacom.vn/laptop-mong-nhe
hacom,Laptop Gigabyte,https://hacom.vn/laptop-gigabyte
hacom,Laptop Học tập - Văn phòng,https://hacom.vn/laptop-hoc-tap-van-phong
hacom,Laptop gaming chính hãng tại HACOM,https://hacom.vn/laptop-gmaing
hacom,Laptop đồ họa hiệu năng cao tại HACOM,https://hacom.vn/laptop-do-hoa
